Date,Ticker,Open,High,Low,Close,Adj Close,Volume,Open,High,Low,Close,Volume,Open,High,Low,Close,Volume,Open,High,Low,Close,Volume,Open,High,Low,Close,Volume,Open,High,Low,Close,Volume,Open,High,Low,Close,Volume
,,AAPL,AAPL,AAPL,AAPL,,AAPL,TSLA,TSLA,TSLA,TSLA,TSLA,GOOGL,GOOGL,GOOGL,GOOGL,GOOGL,AMZN,AMZN,AMZN,AMZN,AMZN,MSFT,MSFT,MSFT,MSFT,MSFT,NVDA,NVDA,NVDA,NVDA,NVDA,GC=F,GC=F,GC=F,GC=F,GC=F
2023-01-03,AAPL,128.4681939201586,129.07956676089162,122.44316513126005,123.33065032958984,123.33065032958984,112117500.0,,,,,,,,,,,,,,,,,,,,,,,,,,,,,,
2023-01-04,AAPL,125.1253349737568,126.87072372434358,123.34050912530462,124.60270690917969,124.60270690917969,89113600.0,,,,,,,,,,,,,,,,,,,,,,,,,,,,,,
2023-01-05,AAPL,125.36200610905166,125.99310505602139,123.02497040718632,123.2813491821289,123.2813491821289,80962700.0,,,,,,,,,,,,,,,,,,,,,,,,,,,,,,
2023-01-06,AAPL,124.25757880895641,128.4780480462767,123.15315196037015,127.81736755371094,127.81736755371094,87754700.0,,,,,,,,,,,,,,,,,,,,,,,,,,,,,,
2023-01-09,AAPL,128.6555533163335,131.55466910779157,128.08361757784448,128.33999633789062,128.33999633789062,70790800.0,,,,,,,,,,,,,,,,,,,,,,,,,,,,,,
2023-01-10,AAPL,128.44846138243565,129.43455432577363,126.33822308555574,128.91192626953125,128.91192626953125,63896200.0,,,,,,,,,,,,,,,,,,,,,,,,,,,,,,
2023-01-11,AAPL,129.4246914378982,131.6532559460779,128.64568467754964,131.633544921875,131.633544921875,69458900.0,,,,,,,,,,,,,,,,,,,,,,,,,,,,,,
2023-01-12,AAPL,132.01813716022232,132.39284227281698,129.6120678053339,131.55467224121094,131.55467224121094,71379600.0,,,,,,,,,,,,,,,,,,,,,,,,,,,,,,
2023-01-13,AAPL,130.1938350469048,133.04364272167805,129.82898551497536,132.8858642578125,132.8858642578125,57809700.0,,,,,,,,,,,,,,,,,,,,,,,,,,,,,,
2023-01-17,AAPL,132.95492042575748,135.38070076927318,132.26465833803292,134.0494842529297,134.0494842529297,63646600.0,,,,,,,,,,,,,,,,,,,,,,,,,,,,,,
2023-01-18,AAPL,134.91724588612811,136.68234566241608,133.15213106325567,133.3296356201172,133.3296356201172,69672800.0,,,,,,,,,,,,,,,,,,,,,,,,,,,,,,
2023-01-19,AAPL,132.21535608370812,134.3551761664197,131.90966964997585,133.38880920410156,133.38880920410156,58280400.0,,,,,,,,,,,,,,,,,,,,,,,,,,,,,,
2023-01-20,AAPL,133.3986295227189,136.10052914550886,132.35337358769686,135.95260620117188,135.95260620117188,80223600.0,,,,,,,,,,,,,,,,,,,,,,,,,,,,,,
2023-01-23,AAPL,136.19915953850284,141.32685514540398,135.9822178760608,139.1475830078125,139.1475830078125,81760300.0,,,,,,,,,,,,,,,,,,,,,,,,,,,,,,
2023-01-24,AAPL,138.35870860544603,141.1690797184196,138.34885309206118,140.54783630371094,140.54783630371094,66435100.0,,,,,,,,,,,,,,,,,,,,,,,,,,,,,,
2023-01-25,AAPL,138.93064978868992,140.44922647148869,136.87957443059517,139.8871612548828,139.8871612548828,65799300.0,,,,,,,,,,,,,,,,,,,,,,,,,,,,,,
2023-01-26,AAPL,141.17892492583348,142.24390711048304,139.9265826744515,141.95794677734375,141.95794677734375,54105100.0,,,,,,,,,,,,,,,,,,,,,,,,,,,,,,
2023-01-27,AAPL,141.16907645645273,145.18246711281154,141.09018721144076,143.90054321289062,143.90054321289062,70555800.0,,,,,,,,,,,,,,,,,,,,,,,,,,,,,,
2023-01-30,AAPL,142.94400936579723,143.52580046777817,140.86335309483502,141.01126098632812,141.01126098632812,64015300.0,,,,,,,,,,,,,,,,,,,,,,,,,,,,,,
2023-01-31,AAPL,140.71547141700836,142.3326633733732,140.30131415280843,142.28335571289062,142.28335571289062,65874500.0,,,,,,,,,,,,,,,,,,,,,,,,,,,,,,
2023-02-01,AAPL,141.96779872652098,144.57108343034756,139.35465851027638,143.40748596191406,143.40748596191406,77663600.0,,,,,,,,,,,,,,,,,,,,,,,,,,,,,,
2023-02-02,AAPL,146.82923768896234,149.07752846410273,146.10939403157928,148.72254943847656,148.72254943847656,118339000.0,,,,,,,,,,,,,,,,,,,,,,,,,,,,,,
2023-02-03,AAPL,145.97132678498124,155.1913011660709,145.77411121969988,152.35134887695312,152.35134887695312,154357300.0,,,,,,,,,,,,,,,,,,,,,,,,,,,,,,
2023-02-06,AAPL,150.4482178700856,150.97084596204795,148.68310295478358,149.61988830566406,149.61988830566406,69858300.0,,,,,,,,,,,,,,,,,,,,,,,,,,,,,,
2023-02-07,AAPL,148.54505515759215,153.07121860652774,148.54505515759215,152.49928283691406,152.49928283691406,83322600.0,,,,,,,,,,,,,,,,,,,,,,,,,,,,,,
2023-02-08,AAPL,151.73999993153234,152.4302620416696,149.06768120571854,149.8072509765625,149.8072509765625,64120100.0,,,,,,,,,,,,,,,,,,,,,,,,,,,,,,
2023-02-09,AAPL,151.64135380753217,152.1837078719676,148.3280813053058,148.77182006835938,148.77182006835938,56007100.0,,,,,,,,,,,,,,,,,,,,,,,,,,,,,,
2023-02-10,AAPL,147.60648709847575,149.46316214008027,147.3694580195322,149.1372528076172,149.1372528076172,57450700.0,,,,,,,,,,,,,,,,,,,,,,,,,,,,,,
2023-02-13,AAPL,149.07800220373113,152.3469510828992,149.0483754519819,151.94204711914062,151.94204711914062,62199000.0,,,,,,,,,,,,,,,,,,,,,,,,,,,,,,
2023-02-14,AAPL,150.233471212628,151.86301769491905,148.9891025921519,151.30007934570312,151.30007934570312,61707600.0,,,,,,,,,,,,,,,,,,,,,,,,,,,,,,
2023-02-15,AAPL,151.21120146838675,153.5715611952289,150.98405804107867,153.40367126464844,153.40367126464844,65573800.0,,,,,,,,,,,,,,,,,,,,,,,,,,,,,,
2023-02-16,AAPL,151.60627069499915,154.39130625656546,151.44826635619526,151.80380249023438,151.80380249023438,68167900.0,,,,,,,,,,,,,,,,,,,,,,,,,,,,,,
2023-02-17,AAPL,150.46062541961737,151.1025583652421,148.97922778858558,150.65814208984375,150.65814208984375,59144100.0,,,,,,,,,,,,,,,,,,,,,,,,,,,,,,
2023-02-21,AAPL,148.33731221810694,149.4236767462983,146.56951728902385,146.63864135742188,146.63864135742188,58867200.0,,,,,,,,,,,,,,,,,,,,,,,,,,,,,,
2023-02-22,AAPL,147.0237658241407,148.09037388155102,145.3349810354075,147.0632781982422,147.0632781982422,51011300.0,,,,,,,,,,,,,,,,,,,,,,,,,,,,,,
2023-02-23,AAPL,148.22865607328114,148.47555569965527,145.4140093743504,147.54721069335938,147.54721069335938,48394200.0,,,,,,,,,,,,,,,,,,,,,,,,,,,,,,
2023-02-24,AAPL,145.28561258669828,145.36462227322275,143.91285130614398,144.8905792236328,144.8905792236328,55469600.0,,,,,,,,,,,,,,,,,,,,,,,,,,,,,,
2023-02-27,AAPL,145.87821451304222,147.32010021469048,145.62142919964901,146.08560180664062,146.08560180664062,44998500.0,,,,,,,,,,,,,,,,,,,,,,,,,,,,,,
2023-02-28,AAPL,145.22635786930326,147.23118155565606,145.00908500057525,145.58189392089844,145.58189392089844,50547000.0,,,,,,,,,,,,,,,,,,,,,,,,,,,,,,
2023-03-01,AAPL,145.00908849876785,145.40412186804485,143.2116520085762,143.5079345703125,143.5079345703125,55479000.0,,,,,,,,,,,,,,,,,,,,,,,,,,,,,,
2023-03-02,AAPL,142.58950014966683,144.89060684866965,142.11544194013547,144.10052490234375,144.10052490234375,52238100.0,,,,,,,,,,,,,,,,,,,,,,,,,,,,,,
2023-03-03,AAPL,146.20407279147852,149.23600736765022,145.50288630750634,149.15699768066406,149.15699768066406,70732300.0,,,,,,,,,,,,,,,,,,,,,,,,,,,,,,
2023-03-06,AAPL,151.8827898611123,154.3616721188966,151.55689556759242,151.92230224609375,151.92230224609375,87558000.0,,,,,,,,,,,,,,,,,,,,,,,,,,,,,,
2023-03-07,AAPL,151.79391895570362,152.11982833887177,149.25579810311828,149.719970703125,149.719970703125,56182000.0,,,,,,,,,,,,,,,,,,,,,,,,,,,,,,
2023-03-08,AAPL,150.91494388116536,151.5667625921133,149.94710144553787,150.9741973876953,150.9741973876953,47204800.0,,,,,,,,,,,,,,,,,,,,,,,,,,,,,,
2023-03-09,AAPL,151.65562670311525,152.62346903568368,148.3669218148619,148.7224578857422,148.7224578857422,53833600.0,,,,,,,,,,,,,,,,,,,,,,,,,,,,,,
2023-03-10,AAPL,148.3471863994858,149.06812912915592,145.77942411442874,146.65838623046875,146.65838623046875,68572400.0,,,,,,,,,,,,,,,,,,,,,,,,,,,,,,
2023-03-13,AAPL,145.97694231528436,151.2408445051467,145.86830586973156,148.6039581298828,148.6039581298828,84457100.0,,,,,,,,,,,,,,,,,,,,,,,,,,,,,,
2023-03-14,AAPL,149.4039106364519,151.49761478500946,148.23855155589501,150.69766235351562,150.69766235351562,73695900.0,,,,,,,,,,,,,,,,,,,,,,,,,,,,,,
2023-03-15,AAPL,149.31503194180715,151.34948260848185,148.06077752387876,151.09271240234375,151.09271240234375,77167900.0,,,,,,,,,,,,,,,,,,,,,,,,,,,,,,
2023-03-16,AAPL,150.27298045799404,154.5196567133458,149.75942505583248,153.91722106933594,153.91722106933594,76161100.0,,,,,,,,,,,,,,,,,,,,,,,,,,,,,,
2023-03-17,AAPL,154.14438228182223,154.7962009363973,152.36670189187112,153.07777404785156,153.07777404785156,98944600.0,,,,,,,,,,,,,,,,,,,,,,,,,,,,,,
2023-03-20,AAPL,153.14692183341302,155.86281797805782,152.23831786199295,155.44801330566406,155.44801330566406,73641400.0,,,,,,,,,,,,,,,,,,,,,,,,,,,,,,
2023-03-21,AAPL,155.36900288355957,157.4231944974596,154.59866219140062,157.3046875,157.3046875,73938300.0,,,,,,,,,,,,,,,,,,,,,,,,,,,,,,
2023-03-22,AAPL,157.32443633451206,160.1292123200188,155.85290921676807,155.87266540527344,155.87266540527344,75701800.0,,,,,,,,,,,,,,,,,,,,,,,,,,,,,,
2023-03-23,AAPL,156.86027933820688,159.54654859691777,155.72453196517867,156.9590301513672,156.9590301513672,67622100.0,,,,,,,,,,,,,,,,,,,,,,,,,,,,,,
2023-03-24,AAPL,156.88991856429575,158.35156031348998,155.89244937558198,158.26268005371094,158.26268005371094,59196500.0,,,,,,,,,,,,,,,,,,,,,,,,,,,,,,
2023-03-27,AAPL,157.95651005912973,158.77621864094067,155.9121738846932,156.3170928955078,156.3170928955078,52390300.0,,,,,,,,,,,,,,,,,,,,,,,,,,,,,,
2023-03-28,AAPL,156.0109239824416,156.5244793815335,154.045597696947,155.69488525390625,155.69488525390625,45992200.0,,,,,,,,,,,,,,,,,,,,,,,,,,,,,,
2023-03-29,AAPL,157.39359791374972,159.05277154396305,157.37385679009435,158.7762451171875,158.7762451171875,51305700.0,,,,,,,,,,,,,,,,,,,,,,,,,,,,,,
2023-03-30,AAPL,159.52677281990913,160.45511775307082,159.27000265374878,160.3464813232422,160.3464813232422,49501700.0,,,,,,,,,,,,,,,,,,,,,,,,,,,,,,
2023-03-31,AAPL,160.42551172065657,162.95376161088404,159.90208569195596,162.85499572753906,162.85499572753906,68749800.0,,,,,,,,,,,,,,,,,,,,,,,,,,,,,,
2023-04-03,AAPL,162.23282167038158,164.22775993608965,162.18343872786127,164.1092529296875,164.1092529296875,56976200.0,,,,,,,,,,,,,,,,,,,,,,,,,,,,,,
2023-04-04,AAPL,164.53391473562277,164.7709287291007,163.0623875580335,163.57594299316406,163.57594299316406,46278300.0,,,,,,,,,,,,,,,,,,,,,,,,,,,,,,
2023-04-05,AAPL,162.6969680127728,163.00312110973053,159.79342626688646,161.72911071777344,161.72911071777344,51511700.0,,,,,,,,,,,,,,,,,,,,,,,,,,,,,,
2023-04-06,AAPL,160.4155952348565,162.91423296294042,159.99093517118368,162.61795043945312,162.61795043945312,45390100.0,,,,,,,,,,,,,,,,,,,,,,,,,,,,,,
2023-04-10,AAPL,159.4181940213501,160.0206298828125,158.09481526651845,160.0206298828125,160.0206298828125,47716900.0,,,,,,,,,,,,,,,,,,,,,,,,,,,,,,
2023-04-11,AAPL,160.33662790848967,160.34649846878187,158.51943515436048,158.80584716796875,158.80584716796875,47644200.0,,,,,,,,,,,,,,,,,,,,,,,,,,,,,,
2023-04-12,AAPL,159.22063801456596,160.05021717246308,157.79849370413785,158.11453247070312,158.11453247070312,50133100.0,,,,,,,,,,,,,,,,,,,,,,,,,,,,,,
2023-04-13,AAPL,159.625550544249,163.7438344852104,159.41814822842684,163.50680541992188,163.50680541992188,68445600.0,,,,,,,,,,,,,,,,,,,,,,,,,,,,,,
2023-04-14,AAPL,162.54881157777572,164.25736760244948,161.78837168540608,163.1611328125,163.1611328125,49386500.0,,,,,,,,,,,,,,,,,,,,,,,,,,,,,,
2023-04-17,AAPL,163.04267549723352,163.3389581388287,161.99582322388355,163.18093872070312,163.18093872070312,41516200.0,,,,,,,,,,,,,,,,,,,,,,,,,,,,,,
2023-04-18,AAPL,164.04014141829643,165.33389323571308,163.59570997116356,164.40554809570312,164.40554809570312,49923000.0,,,,,,,,,,,,,,,,,,,,,,,,,,,,,,
2023-04-19,AAPL,163.74385542338587,166.07458878664085,163.48707013576512,165.55116271972656,165.55116271972656,47720200.0,,,,,,,,,,,,,,,,,,,,,,,,,,,,,,
2023-04-20,AAPL,164.03024493447634,165.78816920558748,163.50681889136789,164.5832977294922,164.5832977294922,52456400.0,,,,,,,,,,,,,,,,,,,,,,,,,,,,,,
2023-04-21,AAPL,163.00315275355902,164.38578477260316,162.45009994594136,162.97352600097656,162.97352600097656,58337300.0,,,,,,,,,,,,,,,,,,,,,,,,,,,,,,
2023-04-24,AAPL,162.95375377005053,163.5463189024918,161.85751882372426,163.2796630859375,163.2796630859375,41949600.0,,,,,,,,,,,,,,,,,,,,,,,,,,,,,,
2023-04-25,AAPL,163.14141715156464,164.24752277490956,161.69951654722522,161.73902893066406,161.73902893066406,48714100.0,,,,,,,,,,,,,,,,,,,,,,,,,,,,,,
2023-04-26,AAPL,161.03779484245666,163.2302645252869,160.78102468006927,161.72911071777344,161.72911071777344,45498800.0,,,,,,,,,,,,,,,,,,,,,,,,,,,,,,
2023-04-27,AAPL,163.14141866066578,166.46962119212645,163.14141866066578,166.3214874267578,166.3214874267578,64902300.0,,,,,,,,,,,,,,,,,,,,,,,,,,,,,,
2023-04-28,AAPL,166.40049965137717,167.74363439949644,165.79806388046575,167.5757293701172,167.5757293701172,55275900.0,,,,,,,,,,,,,,,,,,,,,,,,,,,,,,
2023-05-01,AAPL,167.180693761707,168.33618234272492,166.54863124552048,167.48684692382812,167.48684692382812,52472900.0,,,,,,,,,,,,,,,,,,,,,,,,,,,,,,
2023-05-02,AAPL,167.98064044655123,168.2374257243008,165.46226102978648,166.44985961914062,166.44985961914062,48425700.0,,,,,,,,,,,,,,,,,,,,,,,,,,,,,,
2023-05-03,AAPL,167.3979472668269,168.80033534118735,165.08697037258037,165.3733673095703,165.3733673095703,65136000.0,,,,,,,,,,,,,,,,,,,,,,,,,,,,,,
2023-05-04,AAPL,162.84514548869322,164.96847661956093,162.2723364468385,163.73397827148438,163.73397827148438,81235400.0,,,,,,,,,,,,,,,,,,,,,,,,,,,,,,
2023-05-05,AAPL,168.85958887715515,172.13842316096267,168.64231599957478,171.41748046875,171.41748046875,113453200.0,,,,,,,,,,,,,,,,,,,,,,,,,,,,,,
2023-05-08,AAPL,170.34100335662225,171.69402369424722,169.9755966946327,171.34835815429688,171.34835815429688,55962800.0,,,,,,,,,,,,,,,,,,,,,,,,,,,,,,
2023-05-09,AAPL,170.9039412906591,171.38785496168964,169.47192632998963,169.6398162841797,169.6398162841797,45326900.0,,,,,,,,,,,,,,,,,,,,,,,,,,,,,,
2023-05-10,AAPL,170.87429621552187,171.87176527271458,169.76817565129102,171.4075927734375,171.4075927734375,53724500.0,,,,,,,,,,,,,,,,,,,,,,,,,,,,,,
2023-05-11,AAPL,171.6940112425966,172.42482451357537,170.03483786854437,171.59524536132812,171.59524536132812,49514700.0,,,,,,,,,,,,,,,,,,,,,,,,,,,,,,
2023-05-12,AAPL,171.70405030041803,172.13919719280526,169.1129675562631,170.6656494140625,170.6656494140625,45533100.0,,,,,,,,,,,,,,,,,,,,,,,,,,,,,,
2023-05-15,AAPL,171.24907963807638,171.29853087630417,169.57772738261178,170.17111206054688,170.17111206054688,37266700.0,,,,,,,,,,,,,,,,,,,,,,,,,,,,,,
2023-05-16,AAPL,170.09199309746225,171.2292961247054,169.90408744643617,170.17111206054688,170.17111206054688,42110300.0,,,,,,,,,,,,,,,,,,,,,,,,,,,,,,
2023-05-17,AAPL,169.8151358327416,171.0216588875202,168.5393629149387,170.78431701660156,170.78431701660156,57951600.0,,,,,,,,,,,,,,,,,,,,,,,,,,,,,,
2023-05-18,AAPL,171.09087517456516,173.30616130301183,170.6755118549318,173.11825561523438,173.11825561523438,65496700.0,,,,,,,,,,,,,,,,,,,,,,,,,,,,,,
2023-05-19,AAPL,174.44347306887536,174.44347306887536,173.00947735219142,173.22705078125,173.22705078125,55809500.0,,,,,,,,,,,,,,,,,,,,,,,,,,,,,,
2023-05-22,AAPL,172.06002976447343,172.7819846737764,171.53587981631637,172.27760314941406,172.27760314941406,43570900.0,,,,,,,,,,,,,,,,,,,,,,,,,,,,,,
2023-05-23,AAPL,171.21947575824993,171.466716951182,169.38988489439063,169.6667938232422,169.6667938232422,50747300.0,,,,,,,,,,,,,,,,,,,,,,,,,,,,,,
2023-05-24,AAPL,169.2019563309073,170.51728111058472,168.63825433413288,169.9436798095703,169.9436798095703,45143500.0,,,,,,,,,,,,,,,,,,,,,,,,,,,,,,
2023-05-25,AAPL,170.50740757419857,171.98095531956056,169.79535178285977,171.0810089111328,171.0810089111328,56058300.0,,,,,,,,,,,,,,,,,,,,,,,,,,,,,,
2023-05-26,AAPL,171.4073332194312,173.8302932098977,171.19964403606525,173.49403381347656,173.49403381347656,54835000.0,,,,,,,,,,,,,,,,,,,,,,,,,,,,,,
2023-05-30,AAPL,175.00718521743593,177.01478218217846,174.62148962052487,175.3434295654297,175.3434295654297,55964400.0,,,,,,,,,,,,,,,,,,,,,,,,,,,,,,
2023-05-31,AAPL,175.3731100748192,177.37082297149757,174.80939295881248,175.2939910888672,175.2939910888672,99625300.0,,,,,,,,,,,,,,,,,,,,,,,,,,,,,,
2023-06-01,AAPL,175.73899077622127,178.13228308457525,174.97748387661747,178.1026153564453,178.1026153564453,68901800.0,,,,,,,,,,,,,,,,,,,,,,,,,,,,,,
2023-06-02,AAPL,179.03225923715402,179.77398268262323,177.2817876805341,178.95314025878906,178.95314025878906,61996900.0,,,,,,,,,,,,,,,,,,,,,,,,,,,,,,
2023-06-05,AAPL,180.61461168229852,182.90900173212887,176.07525265044882,177.5982666015625,177.5982666015625,121946500.0,,,,,,,,,,,,,,,,,,,,,,,,,,,,,,
2023-06-06,AAPL,177.98396853821802,178.1323071989488,175.47198988688834,177.23236083984375,177.23236083984375,64848400.0,,,,,,,,,,,,,,,,,,,,,,,,,,,,,,
2023-06-07,AAPL,176.47083445864072,179.21027045240393,175.36319900574063,175.85768127441406,175.85768127441406,61944600.0,,,,,,,,,,,,,,,,,,,,,,,,,,,,,,
2023-06-08,AAPL,175.93679801452896,178.84435638126445,175.50166626223591,178.5773468017578,178.5773468017578,50214900.0,,,,,,,,,,,,,,,,,,,,,,,,,,,,,,
2023-06-09,AAPL,179.4970927690662,180.21903277362324,178.636698310342,178.9630584716797,178.9630584716797,48900000.0,,,,,,,,,,,,,,,,,,,,,,,,,,,,,,
2023-06-12,AAPL,179.26963019609002,181.86071280602803,178.97293777661235,181.76181030273438,181.76181030273438,54274900.0,,,,,,,,,,,,,,,,,,,,,,,,,,,,,,
2023-06-13,AAPL,180.7827428310429,182.11783606754224,180.42671494989577,181.287109375,181.287109375,54929100.0,,,,,,,,,,,,,,,,,,,,,,,,,,,,,,
2023-06-14,AAPL,181.3464426387383,182.35519080481038,180.0113494184458,181.9200439453125,181.9200439453125,57462900.0,,,,,,,,,,,,,,,,,,,,,,,,,,,,,,
2023-06-15,AAPL,181.9299404833556,184.46168752877136,181.75191900244837,183.95730590820312,183.95730590820312,65433200.0,,,,,,,,,,,,,,,,,,,,,,,,,,,,,,
2023-06-16,AAPL,184.66935702206612,184.92649747799743,182.2365125370702,182.87933349609375,182.87933349609375,101256200.0,,,,,,,,,,,,,,,,,,,,,,,,,,,,,,
2023-06-20,AAPL,182.37496829785866,184.0463209118931,182.37496829785866,182.9683380126953,182.9683380126953,49799100.0,,,,,,,,,,,,,,,,,,,,,,,,,,,,,,
2023-06-21,AAPL,182.85956101105992,183.363942649416,180.57505504326872,181.92994689941406,181.92994689941406,49515700.0,,,,,,,,,,,,,,,,,,,,,,,,,,,,,,
2023-06-22,AAPL,181.7123518491607,184.98582209518955,181.64311708726814,184.93637084960938,184.93637084960938,51245300.0,,,,,,,,,,,,,,,,,,,,,,,,,,,,,,
2023-06-23,AAPL,183.5023838322858,185.49019723798705,182.96833449974372,184.61990356445312,184.61990356445312,53117000.0,,,,,,,,,,,,,,,,,,,,,,,,,,,,,,
2023-06-26,AAPL,184.76824612936457,185.97478407089304,183.18589683511047,183.2254638671875,183.2254638671875,48088700.0,,,,,,,,,,,,,,,,,,,,,,,,,,,,,,
2023-06-27,AAPL,183.83864388833905,186.31105559004374,183.62107045135676,185.9846954345703,185.9846954345703,50730800.0,,,,,,,,,,,,,,,,,,,,,,,,,,,,,,
2023-06-28,AAPL,185.85608917215896,187.80435042269775,185.5297441703453,187.16152954101562,187.16152954101562,51216800.0,,,,,,,,,,,,,,,,,,,,,,,,,,,,,,
2023-06-29,AAPL,186.99343619982474,187.97251662731944,186.85498175364998,187.497802734375,187.497802734375,46347300.0,,,,,,,,,,,,,,,,,,,,,,,,,,,,,,
2023-06-30,AAPL,189.51529419368583,192.3338342950544,189.14936702429083,191.8294677734375,191.8294677734375,85213200.0,,,,,,,,,,,,,,,,,,,,,,,,,,,,,,
2023-07-03,AAPL,191.64154594163958,191.7404484310712,189.6438333602496,190.33612060546875,190.33612060546875,31458200.0,,,,,,,,,,,,,,,,,,,,,,,,,,,,,,
2023-07-05,AAPL,189.45596962493224,190.85039834497115,188.51644111338388,189.21861267089844,189.21861267089844,46920300.0,,,,,,,,,,,,,,,,,,,,,,,,,,,,,,
2023-07-06,AAPL,187.74505196417672,189.90100282202306,187.11211517011608,189.6933135986328,189.6933135986328,45094300.0,,,,,,,,,,,,,,,,,,,,,,,,,,,,,,
2023-07-07,AAPL,189.2977302172838,190.54382026308585,188.14064336966692,188.57577514648438,188.57577514648438,46815000.0,,,,,,,,,,,,,,,,,,,,,,,,,,,,,,
2023-07-10,AAPL,187.17144648236777,187.89340155065938,184.9759437256739,186.52862548828125,186.52862548828125,59922200.0,,,,,,,,,,,,,,,,,,,,,,,,,,,,,,
2023-07-11,AAPL,187.07252375168784,187.21097817460068,184.5407771096242,186.0044403076172,186.0044403076172,46638100.0,,,,,,,,,,,,,,,,,,,,,,,,,,,,,,
2023-07-12,AAPL,187.58679348705417,189.584506155405,186.39015480100775,187.67581176757812,187.67581176757812,60750200.0,,,,,,,,,,,,,,,,,,,,,,,,,,,,,,
2023-07-13,AAPL,188.39776494849258,189.08015296828228,187.68570919657313,188.43731689453125,188.43731689453125,41342300.0,,,,,,,,,,,,,,,,,,,,,,,,,,,,,,
2023-07-14,AAPL,188.13073248396137,189.07024584013215,187.53736277551775,188.58566284179688,188.58566284179688,41616200.0,,,,,,,,,,,,,,,,,,,,,,,,,,,,,,
2023-07-17,AAPL,189.78231082986184,192.17561856911308,189.6933076328095,191.84925842285156,191.84925842285156,50520200.0,,,,,,,,,,,,,,,,,,,,,,,,,,,,,,
2023-07-18,AAPL,191.21632100425936,192.185502135392,190.296576033276,191.5921173095703,191.5921173095703,48288200.0,,,,,,,,,,,,,,,,,,,,,,,,,,,,,,
2023-07-19,AAPL,190.9690618542327,196.04243976648678,190.5240157315845,192.94699096679688,192.94699096679688,80507300.0,,,,,,,,,,,,,,,,,,,,,,,,,,,,,,
2023-07-20,AAPL,192.9370956401489,194.3018715848771,190.3756810082794,190.9987335205078,190.9987335205078,59581200.0,,,,,,,,,,,,,,,,,,,,,,,,,,,,,,
2023-07-21,AAPL,191.95803606721273,192.8184304455329,189.11969738642375,189.82186889648438,189.82186889648438,71951700.0,,,,,,,,,,,,,,,,,,,,,,,,,,,,,,
2023-07-24,AAPL,191.27564505606543,192.759091941705,190.1284425094743,190.6229248046875,190.6229248046875,45377800.0,,,,,,,,,,,,,,,,,,,,,,,,,,,,,,
2023-07-25,AAPL,191.19654428358876,192.2942956871053,190.79106514120798,191.48333740234375,191.48333740234375,37283200.0,,,,,,,,,,,,,,,,,,,,,,,,,,,,,,
2023-07-26,AAPL,191.53274958731205,193.48101082580538,191.1866210725465,192.3535919189453,192.3535919189453,47471900.0,,,,,,,,,,,,,,,,,,,,,,,,,,,,,,
2023-07-27,AAPL,193.85685736898512,195.02382842734414,190.4251487828704,191.08775329589844,191.08775329589844,47460200.0,,,,,,,,,,,,,,,,,,,,,,,,,,,,,,
2023-07-28,AAPL,192.52172755154825,194.46010471349214,191.9975775461535,193.66893005371094,193.66893005371094,48291400.0,,,,,,,,,,,,,,,,,,,,,,,,,,,,,,
2023-07-31,AAPL,193.8963936498011,194.32165626732748,193.10521896564188,194.28208923339844,194.28208923339844,38824100.0,,,,,,,,,,,,,,,,,,,,,,,,,,,,,,
2023-08-01,AAPL,194.07443808774235,194.55902113270218,193.12502533632087,193.45138549804688,193.45138549804688,35175100.0,,,,,,,,,,,,,,,,,,,,,,,,,,,,,,
2023-08-02,AAPL,192.88766337294663,193.02611782368746,189.73287873889473,190.45481872558594,190.45481872558594,50389300.0,,,,,,,,,,,,,,,,,,,,,,,,,,,,,,
2023-08-03,AAPL,189.4559433793295,190.2471029357017,188.58564975883863,189.0603485107422,189.0603485107422,61235200.0,,,,,,,,,,,,,,,,,,,,,,,,,,,,,,
2023-08-04,AAPL,183.47271804853088,185.312192820491,179.91243942847825,179.98167419433594,179.98167419433594,115956800.0,,,,,,,,,,,,,,,,,,,,,,,,,,,,,,
2023-08-07,AAPL,180.12011470756278,181.10907923772604,175.3928654606145,176.87631225585938,176.87631225585938,97576100.0,,,,,,,,,,,,,,,,,,,,,,,,,,,,,,
2023-08-08,AAPL,177.7070549630004,178.2806562533865,175.6203390114105,177.8158416748047,177.8158416748047,67823000.0,,,,,,,,,,,,,,,,,,,,,,,,,,,,,,
2023-08-09,AAPL,178.87403563482027,178.93337110075507,175.05663139218126,176.22361755371094,176.22361755371094,60378500.0,,,,,,,,,,,,,,,,,,,,,,,,,,,,,,
2023-08-10,AAPL,177.49935830249015,178.7553475423464,175.64011515660735,176.0060272216797,176.0060272216797,54686900.0,,,,,,,,,,,,,,,,,,,,,,,,,,,,,,
2023-08-11,AAPL,175.60001780962375,176.88739582771854,174.83748251539495,176.06544494628906,176.06544494628906,52036700.0,,,,,,,,,,,,,,,,,,,,,,,,,,,,,,
2023-08-14,AAPL,176.2437010263368,177.94701832041608,175.5900993670502,177.71925354003906,177.71925354003906,43675600.0,,,,,,,,,,,,,,,,,,,,,,,,,,,,,,
2023-08-15,AAPL,177.14489684716207,177.73906787465035,175.3326457472995,175.728759765625,175.728759765625,43622600.0,,,,,,,,,,,,,,,,,,,,,,,,,,,,,,
2023-08-16,AAPL,175.41186545531423,176.80817714322055,174.78797154296882,174.8572998046875,174.8572998046875,46964900.0,,,,,,,,,,,,,,,,,,,,,,,,,,,,,,
2023-08-17,AAPL,175.42173612638558,175.78814227993055,171.79723460866867,172.31219482421875,172.31219482421875,66062900.0,,,,,,,,,,,,,,,,,,,,,,,,,,,,,,
2023-08-18,AAPL,170.62869538621166,173.40153844678508,170.29199700813362,172.79745483398438,172.79745483398438,61172200.0,,,,,,,,,,,,,,,,,,,,,,,,,,,,,,
2023-08-21,AAPL,173.37184868637627,174.42156439236868,172.05474771785234,174.13436889648438,174.13436889648438,46311900.0,,,,,,,,,,,,,,,,,,,,,,,,,,,,,,
2023-08-22,AAPL,175.34251507159627,175.95649623435884,174.54037449165708,175.5108642578125,175.5108642578125,42038900.0,,,,,,,,,,,,,,,,,,,,,,,,,,,,,,
2023-08-23,AAPL,176.78834272475137,179.7889502187573,176.60018332565903,179.3631134033203,179.3631134033203,52722800.0,,,,,,,,,,,,,,,,,,,,,,,,,,,,,,
2023-08-24,AAPL,178.91750900229638,179.3433458832632,174.30270712253693,174.66912841796875,174.66912841796875,54945800.0,,,,,,,,,,,,,,,,,,,,,,,,,,,,,,
2023-08-25,AAPL,175.6594375427037,177.41225784961358,174.1145717959043,176.87750244140625,176.87750244140625,51449600.0,,,,,,,,,,,,,,,,,,,,,,,,,,,,,,
2023-08-28,AAPL,178.34313313971825,178.83828316683332,176.8180777049469,178.44216918945312,178.44216918945312,43820700.0,,,,,,,,,,,,,,,,,,,,,,,,,,,,,,
2023-08-29,AAPL,177.95692088146865,183.10647826164347,177.7588638881504,182.33404541015625,182.33404541015625,53003900.0,,,,,,,,,,,,,,,,,,,,,,,,,,,,,,
2023-08-30,AAPL,183.14608368084174,186.0278602958339,182.94802670379437,185.8297882080078,185.8297882080078,60813900.0,,,,,,,,,,,,,,,,,,,,,,,,,,,,,,
2023-08-31,AAPL,186.0179606639307,187.28554353881972,185.66145203594442,186.04766845703125,186.04766845703125,60794500.0,,,,,,,,,,,,,,,,,,,,,,,,,,,,,,
2023-09-01,AAPL,187.65197647170007,188.07779827305947,186.45370666949987,187.6222686767578,187.6222686767578,45766500.0,,,,,,,,,,,,,,,,,,,,,,,,,,,,,,
2023-09-05,AAPL,186.45368485534252,188.13719185182467,185.79018566129048,187.8599090576172,187.8599090576172,45280000.0,,,,,,,,,,,,,,,,,,,,,,,,,,,,,,
2023-09-06,AAPL,186.57252563325392,187.01817274976997,179.70975345688714,181.1357879638672,181.1357879638672,81755800.0,,,,,,,,,,,,,,,,,,,,,,,,,,,,,,
2023-09-07,AAPL,173.48075801343515,176.4813811102254,171.8566665123906,175.83767700195312,175.83767700195312,112488800.0,,,,,,,,,,,,,,,,,,,,,,,,,,,,,,
2023-09-08,AAPL,176.62005501322716,178.49172187474062,176.0654741821121,176.45169067382812,176.45169067382812,65551300.0,,,,,,,,,,,,,,,,,,,,,,,,,,,,,,
2023-09-11,AAPL,178.3233130703228,178.55107781991234,175.6197834207467,177.6201934814453,177.6201934814453,58953100.0,,,,,,,,,,,,,,,,,,,,,,,,,,,,,,
2023-09-12,AAPL,177.7489644157226,178.38275585399316,173.12426491742679,174.58990478515625,174.58990478515625,90370200.0,,,,,,,,,,,,,,,,,,,,,,,,,,,,,,
2023-09-13,AAPL,174.7978655233742,175.58021106580875,172.29240747476095,172.5201873779297,172.5201873779297,84267900.0,,,,,,,,,,,,,,,,,,,,,,,,,,,,,,
2023-09-14,AAPL,172.31221179761187,174.39184798430878,171.89628758242847,174.03533935546875,174.03533935546875,60895800.0,,,,,,,,,,,,,,,,,,,,,,,,,,,,,,
2023-09-15,AAPL,174.76813536061914,174.78794559113751,172.1339489112559,173.31239318847656,173.31239318847656,109259500.0,,,,,,,,,,,,,,,,,,,,,,,,,,,,,,
2023-09-18,AAPL,174.76816076178545,177.64004017321716,174.46117014263496,176.24371337890625,176.24371337890625,67257600.0,,,,,,,,,,,,,,,,,,,,,,,,,,,,,,
2023-09-19,AAPL,175.7980702206982,177.88760394386657,175.4118538031827,177.33303833007812,177.33303833007812,51826900.0,,,,,,,,,,,,,,,,,,,,,,,,,,,,,,
2023-09-20,AAPL,177.52120149038592,177.95693597912128,173.69864226300012,173.78778076171875,173.78778076171875,58436200.0,,,,,,,,,,,,,,,,,,,,,,,,,,,,,,
2023-09-21,AAPL,172.856870429388,174.5898954535224,172.17356100214752,172.2428741455078,172.2428741455078,63149100.0,,,,,,,,,,,,,,,,,,,,,,,,,,,,,,
2023-09-22,AAPL,172.97572753179696,175.36235454947433,172.36174626663464,173.0945587158203,173.0945587158203,56725400.0,,,,,,,,,,,,,,,,,,,,,,,,,,,,,,
2023-09-25,AAPL,172.51027081019092,175.2534062611611,172.46075278406465,174.37203979492188,174.37203979492188,46172700.0,,,,,,,,,,,,,,,,,,,,,,,,,,,,,,
2023-09-26,AAPL,173.12423523842645,173.50053892393993,169.9948839374697,170.29197692871094,170.29197692871094,64588900.0,,,,,,,,,,,,,,,,,,,,,,,,,,,,,,
2023-09-27,AAPL,170.94558441007192,171.36150860467507,167.41022120055555,168.77682495117188,168.77682495117188,66921800.0,,,,,,,,,,,,,,,,,,,,,,,,,,,,,,
2023-09-28,AAPL,167.69740591218968,170.36131544966938,165.99408862675534,169.03431701660156,169.03431701660156,56294400.0,,,,,,,,,,,,,,,,,,,,,,,,,,,,,,
2023-09-29,AAPL,170.35142654777866,171.39124466953126,168.68771453081845,169.54928588867188,169.54928588867188,51861100.0,,,,,,,,,,,,,,,,,,,,,,,,,,,,,,
2023-10-02,AAPL,169.55917827580257,172.6093042881744,169.2719827950215,172.06463623046875,172.06463623046875,52164500.0,,,,,,,,,,,,,,,,,,,,,,,,,,,,,,
2023-10-03,AAPL,170.589096012129,171.94581747397606,169.1630765091389,170.7277374267578,170.7277374267578,49594600.0,,,,,,,,,,,,,,,,,,,,,,,,,,,,,,
2023-10-04,AAPL,169.43043127173715,172.5201776911012,169.31160010164683,171.9755096435547,171.9755096435547,53020300.0,,,,,,,,,,,,,,,,,,,,,,,,,,,,,,
2023-10-05,AAPL,172.10423261632292,173.74813426454526,171.00499899742474,173.21337890625,173.21337890625,48527900.0,,,,,,,,,,,,,,,,,,,,,,,,,,,,,,
2023-10-06,AAPL,172.1141617663429,176.26352163595584,171.5001654241457,175.76837158203125,175.76837158203125,57266700.0,,,,,,,,,,,,,,,,,,,,,,,,,,,,,,
2023-10-09,AAPL,175.09495269037185,177.3132302836497,174.09475506108697,177.25381469726562,177.25381469726562,42390800.0,,,,,,,,,,,,,,,,,,,,,,,,,,,,,,
2023-10-10,AAPL,176.3724418317021,177.9767230488949,176.22388776036024,176.6596221923828,176.6596221923828,43698000.0,,,,,,,,,,,,,,,,,,,,,,,,,,,,,,
2023-10-11,AAPL,176.4714829606774,178.10548726772782,175.87731193966172,178.05596923828125,178.05596923828125,47551100.0,,,,,,,,,,,,,,,,,,,,,,,,,,,,,,
2023-10-12,AAPL,178.3233466007442,180.57131695227565,177.30332359387822,178.95713806152344,178.95713806152344,56743100.0,,,,,,,,,,,,,,,,,,,,,,,,,,,,,,
2023-10-13,AAPL,179.6602366589199,180.1652842541005,176.41205364228972,177.11517333984375,177.11517333984375,51427100.0,,,,,,,,,,,,,,,,,,,,,,,,,,,,,,
2023-10-16,AAPL,175.03554253225204,177.3429435766639,174.79786506856496,176.98643493652344,176.98643493652344,52517000.0,,,,,,,,,,,,,,,,,,,,,,,,,,,,,,
2023-10-17,AAPL,174.93650583601004,176.6893412361662,173.1044597256959,175.43165588378906,175.43165588378906,57549400.0,,,,,,,,,,,,,,,,,,,,,,,,,,,,,,
2023-10-18,AAPL,173.87689630601963,175.85749653944856,173.4114540423014,174.13436889648438,174.13436889648438,54764400.0,,,,,,,,,,,,,,,,,,,,,,,,,,,,,,
2023-10-19,AAPL,174.33241738277906,176.11496052795673,173.4906713911534,173.758056640625,173.758056640625,59302900.0,,,,,,,,,,,,,,,,,,,,,,,,,,,,,,
2023-10-20,AAPL,173.60951658974062,173.7184502104905,170.96541700693638,171.20309448242188,171.20309448242188,64244000.0,,,,,,,,,,,,,,,,,,,,,,,,,,,,,,
2023-10-23,AAPL,169.25219112217718,172.32211231863303,168.2816861592976,171.32191467285156,171.32191467285156,55980100.0,,,,,,,,,,,,,,,,,,,,,,,,,,,,,,
2023-10-24,AAPL,171.37144345921354,171.98542471489895,169.78695717971306,171.75765991210938,171.75765991210938,43816600.0,,,,,,,,,,,,,,,,,,,,,,,,,,,,,,
2023-10-25,AAPL,170.2127862637829,171.38133313025827,168.99470625930118,169.4403533935547,169.4403533935547,57157000.0,,,,,,,,,,,,,,,,,,,,,,,,,,,,,,
2023-10-26,AAPL,168.71740365821697,169.71761631425704,164.06299674951495,165.2711639404297,165.2711639404297,70625300.0,,,,,,,,,,,,,,,,,,,,,,,,,,,,,,
2023-10-27,AAPL,165.29098147440297,167.32109955610002,165.21175565878588,166.58827209472656,166.58827209472656,58499100.0,,,,,,,,,,,,,,,,,,,,,,,,,,,,,,
2023-10-30,AAPL,167.3805285943209,169.50966778359705,167.23197451155576,168.63819885253906,168.63819885253906,51131000.0,,,,,,,,,,,,,,,,,,,,,,,,,,,,,,
2023-10-31,AAPL,167.70733154956028,169.24228464861295,166.27138428536674,169.11355590820312,169.11355590820312,44846000.0,,,,,,,,,,,,,,,,,,,,,,,,,,,,,,
2023-11-01,AAPL,169.34132385628374,172.53998907588377,168.46985489806465,172.2825164794922,172.2825164794922,56934900.0,,,,,,,,,,,,,,,,,,,,,,,,,,,,,,
2023-11-02,AAPL,173.8174769968696,176.05554977286621,173.75806140886317,175.84759521484375,175.84759521484375,77334800.0,,,,,,,,,,,,,,,,,,,,,,,,,,,,,,
2023-11-03,AAPL,172.5498813500308,175.10485722122255,171.66851493448934,174.93649291992188,174.93649291992188,79829200.0,,,,,,,,,,,,,,,,,,,,,,,,,,,,,,
2023-11-06,AAPL,174.66913933099835,177.68954259678722,174.50079012453784,177.49148559570312,177.49148559570312,63841300.0,,,,,,,,,,,,,,,,,,,,,,,,,,,,,,
2023-11-07,AAPL,177.4419442386158,180.67033186387974,177.23398970359145,180.0563507080078,180.0563507080078,70530000.0,,,,,,,,,,,,,,,,,,,,,,,,,,,,,,
2023-11-08,AAPL,180.581241871906,181.67056299140017,179.82860407252238,181.11599731445312,181.11599731445312,49340300.0,,,,,,,,,,,,,,,,,,,,,,,,,,,,,,
2023-11-09,AAPL,181.18533893164346,182.33407572821048,180.0464845868326,180.6406707763672,180.6406707763672,53763500.0,,,,,,,,,,,,,,,,,,,,,,,,,,,,,,
2023-11-10,AAPL,182.42552132152326,185.00369964258533,181.989212824357,184.83511352539062,184.83511352539062,66133400.0,,,,,,,,,,,,,,,,,,,,,,,,,,,,,,
2023-11-13,AAPL,184.25999143916752,184.4682199516521,182.6635072771428,183.24855041503906,183.24855041503906,43627500.0,,,,,,,,,,,,,,,,,,,,,,,,,,,,,,
2023-11-14,AAPL,186.12419054719692,186.5307520867399,184.73595008374065,185.8663787841797,185.8663787841797,60108400.0,,,,,,,,,,,,,,,,,,,,,,,,,,,,,,
2023-11-15,AAPL,186.2729495954029,187.90909130382101,186.20353000343164,186.4315948486328,186.4315948486328,53790500.0,,,,,,,,,,,,,,,,,,,,,,,,,,,,,,
2023-11-16,AAPL,187.9785160308428,189.35684600106327,187.06622636374277,188.11734008789062,188.11734008789062,54412900.0,,,,,,,,,,,,,,,,,,,,,,,,,,,,,,
2023-11-17,AAPL,188.65281519385715,188.78172866103995,186.98692637498098,188.09751892089844,188.09751892089844,50922700.0,,,,,,,,,,,,,,,,,,,,,,,,,,,,,,
2023-11-20,AAPL,188.2958266614519,190.29887250675844,188.2859160609316,189.8427276611328,189.8427276611328,46505100.0,,,,,,,,,,,,,,,,,,,,,,,,,,,,,,
2023-11-21,AAPL,189.8030754431615,189.91215257469014,188.14709726863614,189.03953552246094,189.03953552246094,38134500.0,,,,,,,,,,,,,,,,,,,,,,,,,,,,,,
2023-11-22,AAPL,189.88241519518988,191.31031344701395,189.2279523730899,189.70391845703125,189.70391845703125,39617700.0,,,,,,,,,,,,,,,,,,,,,,,,,,,,,,
2023-11-24,AAPL,189.26757546541884,189.2973223945837,187.66118076777323,188.37513732910156,188.37513732910156,24048300.0,,,,,,,,,,,,,,,,,,,,,,,,,,,,,,
2023-11-27,AAPL,188.32553819182863,189.06924161961734,187.31409729344418,188.19662475585938,188.19662475585938,40552600.0,,,,,,,,,,,,,,,,,,,,,,,,,,,,,,
2023-11-28,AAPL,188.18672364904648,189.47581268170356,187.80990905147505,188.801513671875,188.801513671875,38415400.0,,,,,,,,,,,,,,,,,,,,,,,,,,,,,,
2023-11-29,AAPL,189.2973359031836,190.47734794655034,187.3835460471391,187.78018188476562,187.78018188476562,43014200.0,,,,,,,,,,,,,,,,,,,,,,,,,,,,,,
2023-11-30,AAPL,188.2462390361622,188.7222202024886,186.61009727764167,188.35531616210938,188.35531616210938,48794400.0,,,,,,,,,,,,,,,,,,,,,,,,,,,,,,
2023-12-01,AAPL,188.73212704562349,189.95179660734362,187.64135580786584,189.63449096679688,189.63449096679688,45704800.0,,,,,,,,,,,,,,,,,,,,,,,,,,,,,,
2023-12-04,AAPL,188.38504622543272,188.45446581331387,185.87628768397204,187.83966064453125,187.83966064453125,43389500.0,,,,,,,,,,,,,,,,,,,,,,,,,,,,,,
2023-12-05,AAPL,188.61316059527184,192.76797210608754,188.58339853026055,191.79620361328125,191.79620361328125,66628400.0,,,,,,,,,,,,,,,,,,,,,,,,,,,,,,
2023-12-06,AAPL,192.81755229252437,193.12494736273675,190.4972006683192,190.7054443359375,190.7054443359375,41089700.0,,,,,,,,,,,,,,,,,,,,,,,,,,,,,,
2023-12-07,AAPL,192.00444213716838,193.3629358704378,191.9647694720094,192.63906860351562,192.63906860351562,47477700.0,,,,,,,,,,,,,,,,,,,,,,,,,,,,,,
2023-12-08,AAPL,192.56962283922067,194.3446036620394,192.04407357743747,194.06695556640625,194.06695556640625,53406400.0,,,,,,,,,,,,,,,,,,,,,,,,,,,,,,
2023-12-11,AAPL,191.4888078106811,191.86562248491865,189.8129932403368,191.55821228027344,191.55821228027344,60943700.0,,,,,,,,,,,,,,,,,,,,,,,,,,,,,,
2023-12-12,AAPL,191.45905774250062,193.08528901898003,190.1104746012234,193.07537841796875,193.07537841796875,52696900.0,,,,,,,,,,,,,,,,,,,,,,,,,,,,,,
2023-12-13,AAPL,193.45216455954898,196.33773797632358,193.214189106248,196.29808044433594,196.29808044433594,70404200.0,,,,,,,,,,,,,,,,,,,,,,,,,,,,,,
2023-12-14,AAPL,196.35758232148717,197.9441408874326,194.51319682969313,196.4468231201172,196.4468231201172,66831600.0,,,,,,,,,,,,,,,,,,,,,,,,,,,,,,
2023-12-15,AAPL,195.87168903034603,196.73438033852585,195.34613971264017,195.91136169433594,195.91136169433594,128538400.0,,,,,,,,,,,,,,,,,,,,,,,,,,,,,,
2023-12-18,AAPL,194.44378607807738,194.9792611555933,192.75806090539803,194.24546813964844,194.24546813964844,55751900.0,,,,,,,,,,,,,,,,,,,,,,,,,,,,,,
2023-12-19,AAPL,194.51317068155427,195.29653169314724,194.2454331909677,195.28662109375,195.28662109375,40714100.0,,,,,,,,,,,,,,,,,,,,,,,,,,,,,,
2023-12-20,AAPL,195.24694969676773,196.0204001139627,193.1943359375,193.1943359375,193.1943359375,52242800.0,,,,,,,,,,,,,,,,,,,,,,,,,,,,,,
2023-12-21,AAPL,194.4536698626075,195.42543814276274,191.8754918271264,193.0455780029297,193.0455780029297,46482500.0,,,,,,,,,,,,,,,,,,,,,,,,,,,,,,
2023-12-22,AAPL,193.54139247575878,193.7694724442452,191.34995462543642,191.97467041015625,191.97467041015625,37149600.0,,,,,,,,,,,,,,,,,,,,,,,,,,,,,,
2023-12-26,AAPL,191.98457168071317,192.26221976472212,191.21112128516174,191.4292755126953,191.4292755126953,28919300.0,,,,,,,,,,,,,,,,,,,,,,,,,,,,,,
2023-12-27,AAPL,190.87399477798158,191.87551008122907,189.48573911500236,191.5284423828125,191.5284423828125,48087700.0,,,,,,,,,,,,,,,,,,,,,,,,,,,,,,
2023-12-28,AAPL,192.51014548202977,193.0257841884141,191.5482876644632,191.95484924316406,191.95484924316406,34049900.0,,,,,,,,,,,,,,,,,,,,,,,,,,,,,,
2023-12-29,AAPL,192.27217483629892,192.7679772625201,190.1203941221817,190.91368103027344,190.91368103027344,42672100.0,,,,,,,,,,,,,,,,,,,,,,,,,,,,,,
2024-01-02,AAPL,185.57883023572913,186.85800888690832,182.34620407017263,184.08151245117188,184.08151245117188,82488700.0,,,,,,,,,,,,,,,,,,,,,,,,,,,,,,
2024-01-03,AAPL,182.67340858873573,184.31947592788424,181.8900324473893,182.70315551757812,182.70315551757812,58414500.0,,,,,,,,,,,,,,,,,,,,,,,,,,,,,,
2024-01-04,AAPL,180.6208184994182,181.55292948513,179.36149122617633,180.38284301757812,180.38284301757812,71983600.0,,,,,,,,,,,,,,,,,,,,,,,,,,,,,,
2024-01-05,AAPL,180.46216340525032,181.22568820887324,178.6574354024576,179.65895080566406,179.65895080566406,62379700.0,,,,,,,,,,,,,,,,,,,,,,,,,,,,,,
2024-01-08,AAPL,180.56129720920066,184.04183940945515,179.9762540642685,184.00216674804688,184.00216674804688,59144500.0,,,,,,,,,,,,,,,,,,,,,,,,,,,,,,
2024-01-09,AAPL,182.37594957443397,183.59561921893004,181.19593746369003,183.58570861816406,183.58570861816406,42841800.0,,,,,,,,,,,,,,,,,,,,,,,,,,,,,,
2024-01-10,AAPL,182.80235807668967,184.8351358915854,182.37596012806688,184.6269073486328,184.6269073486328,46792900.0,,,,,,,,,,,,,,,,,,,,,,,,,,,,,,
2024-01-11,AAPL,184.97392753345,185.47965559618967,182.07844372761645,184.0319061279297,184.0319061279297,49128400.0,,,,,,,,,,,,,,,,,,,,,,,,,,,,,,
2024-01-12,AAPL,184.49798544280438,185.1722845702879,183.6352941143493,184.35916137695312,184.35916137695312,40477800.0,,,,,,,,,,,,,,,,,,,,,,,,,,,,,,
2024-01-16,AAPL,180.630703626113,182.71306427754865,179.4110190331086,182.08836364746094,182.08836364746094,65603000.0,,,,,,,,,,,,,,,,,,,,,,,,,,,,,,
2024-01-17,AAPL,179.74819585869176,181.39424823145328,178.786338048284,181.14634704589844,181.14634704589844,47317400.0,,,,,,,,,,,,,,,,,,,,,,,,,,,,,,
2024-01-18,AAPL,184.5277024783634,187.55209963440907,184.26989072089356,187.04638671875,187.04638671875,78005800.0,,,,,,,,,,,,,,,,,,,,,,,,,,,,,,
2024-01-19,AAPL,187.74050811817725,190.33850743054634,187.23479519933252,189.9517822265625,189.9517822265625,68903000.0,,,,,,,,,,,,,,,,,,,,,,,,,,,,,,
2024-01-22,AAPL,190.68557454998964,193.69013538694645,190.6459018913611,192.26222229003906,192.26222229003906,60133900.0,,,,,,,,,,,,,,,,,,,,,,,,,,,,,,
2024-01-23,AAPL,193.38275184285894,194.10661903356933,192.20273983497614,193.54139709472656,193.54139709472656,42355600.0,,,,,,,,,,,,,,,,,,,,,,,,,,,,,,
2024-01-24,AAPL,193.7793857004472,194.73133285541883,192.70845082511164,192.8671112060547,192.8671112060547,53631300.0,,,,,,,,,,,,,,,,,,,,,,,,,,,,,,
2024-01-25,AAPL,193.58107445570798,194.62226243680658,191.48878789336808,192.53988647460938,192.53988647460938,54822100.0,,,,,,,,,,,,,,,,,,,,,,,,,,,,,,
2024-01-26,AAPL,192.63905549468925,193.1249321296598,190.3286146537771,190.80458068847656,190.80458068847656,44594000.0,,,,,,,,,,,,,,,,,,,,,,,,,,,,,,
2024-01-29,AAPL,190.39800942846193,190.5864167388377,187.98841731539085,190.120361328125,190.120361328125,47145600.0,,,,,,,,,,,,,,,,,,,,,,,,,,,,,,
2024-01-30,AAPL,189.33699683048337,190.18977744614463,185.89612743839433,186.46133422851562,186.46133422851562,55859400.0,,,,,,,,,,,,,,,,,,,,,,,,,,,,,,
2024-01-31,AAPL,185.46973396127981,185.52924295226458,182.80233006356883,182.85189819335938,182.85189819335938,55467800.0,,,,,,,,,,,,,,,,,,,,,,,,,,,,,,
2024-02-01,AAPL,182.44535904290282,185.38050055962896,182.2767880551107,185.291259765625,185.291259765625,64885400.0,,,,,,,,,,,,,,,,,,,,,,,,,,,,,,
2024-02-02,AAPL,178.35004600309975,185.75733532165063,177.74516644928605,184.28976440429688,184.28976440429688,102551700.0,,,,,,,,,,,,,,,,,,,,,,,,,,,,,,
2024-02-05,AAPL,186.57042555488334,187.6611968198497,184.27982102914154,186.1043701171875,186.1043701171875,69668800.0,,,,,,,,,,,,,,,,,,,,,,,,,,,,,,
2024-02-06,AAPL,185.2912518041467,187.72068025311026,185.2020110139772,187.7107696533203,187.7107696533203,43490800.0,,,,,,,,,,,,,,,,,,,,,,,,,,,,,,
2024-02-07,AAPL,189.03953967028943,189.44610127224303,187.02658312392904,187.8198699951172,187.8198699951172,53439000.0,,,,,,,,,,,,,,,,,,,,,,,,,,,,,,
2024-02-08,AAPL,187.80000754030146,187.94874218828468,185.7771406742971,186.73899841308594,186.73899841308594,40962000.0,,,,,,,,,,,,,,,,,,,,,,,,,,,,,,
2024-02-09,AAPL,187.30492339729363,188.63538073939827,186.65956394365634,187.50350952148438,187.50350952148438,45155200.0,,,,,,,,,,,,,,,,,,,,,,,,,,,,,,
2024-02-12,AAPL,187.0765772861258,187.32479480430874,185.45819421957458,185.8156280517578,185.8156280517578,41781900.0,,,,,,,,,,,,,,,,,,,,,,,,,,,,,,
2024-02-13,AAPL,184.44549399150463,184.8823592862032,182.2015977323704,183.72068786621094,183.72068786621094,56529500.0,,,,,,,,,,,,,,,,,,,,,,,,,,,,,,
2024-02-14,AAPL,183.9986922104331,184.2071864451767,181.13922150541597,182.83702087402344,182.83702087402344,54630500.0,,,,,,,,,,,,,,,,,,,,,,,,,,,,,,
2024-02-15,AAPL,182.2413002337134,183.17460050228618,180.05698915939104,182.54908752441406,182.54908752441406,65434500.0,,,,,,,,,,,,,,,,,,,,,,,,,,,,,,
2024-02-16,AAPL,182.11221816970058,183.53203018346474,180.37469562592958,181.0101318359375,181.0101318359375,49752500.0,,,,,,,,,,,,,,,,,,,,,,,,,,,,,,
2024-02-20,AAPL,180.49384354523508,181.12927978468986,178.7166127841021,180.26548767089844,180.26548767089844,53665600.0,,,,,,,,,,,,,,,,,,,,,,,,,,,,,,
2024-02-21,AAPL,180.64276986037862,181.5859933284812,179.3718974749363,181.0200653076172,181.0200653076172,41371400.0,,,,,,,,,,,,,,,,,,,,,,,,,,,,,,
2024-02-22,AAPL,182.17179668082835,183.64125529629035,181.15908011476066,183.05545043945312,183.05545043945312,52292200.0,,,,,,,,,,,,,,,,,,,,,,,,,,,,,,
2024-02-23,AAPL,183.6908798817894,183.72066477086588,180.9307023940782,181.21864318847656,181.21864318847656,45119700.0,,,,,,,,,,,,,,,,,,,,,,,,,,,,,,
2024-02-26,AAPL,180.94064867140935,181.45693020455124,179.36197373162466,179.86834716796875,179.86834716796875,40867400.0,,,,,,,,,,,,,,,,,,,,,,,,,,,,,,
2024-02-27,AAPL,179.80876047563007,182.60864595739088,178.27973221361,181.32785034179688,181.32785034179688,54318900.0,,,,,,,,,,,,,,,,,,,,,,,,,,,,,,
2024-02-28,AAPL,181.20870480571682,181.814356133641,178.84568442217187,180.12648010253906,180.12648010253906,48953900.0,,,,,,,,,,,,,,,,,,,,,,,,,,,,,,
2024-02-29,AAPL,179.97755459220346,181.26828866128915,178.2499552858893,179.4612579345703,179.4612579345703,136682600.0,,,,,,,,,,,,,,,,,,,,,,,,,,,,,,
2024-03-01,AAPL,178.26982726346276,179.24283570733874,176.11530099131116,178.37904357910156,178.37904357910156,73563100.0,,,,,,,,,,,,,,,,,,,,,,,,,,,,,,
2024-03-04,AAPL,174.8940486462885,175.63870116419773,172.55087478393426,173.85154724121094,173.85154724121094,81510100.0,,,,,,,,,,,,,,,,,,,,,,,,,,,,,,
2024-03-05,AAPL,169.5424796657224,170.8133520831047,168.41060844555398,168.90704345703125,168.90704345703125,95132400.0,,,,,,,,,,,,,,,,,,,,,,,,,,,,,,
2024-03-06,AAPL,169.8403395327639,170.01906401050476,167.47730408815008,167.91416931152344,167.91416931152344,68587700.0,,,,,,,,,,,,,,,,,,,,,,,,,,,,,,
2024-03-07,AAPL,167.94396839769192,169.51270494606766,167.28868565722726,167.7950439453125,167.7950439453125,71765100.0,,,,,,,,,,,,,,,,,,,,,,,,,,,,,,
2024-03-08,AAPL,167.79503440936114,172.4615205019895,167.73546463179477,169.5126953125,169.5126953125,76267000.0,,,,,,,,,,,,,,,,,,,,,,,,,,,,,,
2024-03-11,AAPL,171.7069430151515,173.13667826239134,170.8232893067872,171.51829528808594,171.51829528808594,60139500.0,,,,,,,,,,,,,,,,,,,,,,,,,,,,,,
2024-03-12,AAPL,171.91542637381357,172.7891567808166,169.79068527950514,171.99485778808594,171.99485778808594,59825400.0,,,,,,,,,,,,,,,,,,,,,,,,,,,,,,
2024-03-13,AAPL,171.53815729817867,171.95516088785197,169.54247886546352,169.90985107421875,169.90985107421875,52488700.0,,,,,,,,,,,,,,,,,,,,,,,,,,,,,,
2024-03-14,AAPL,171.67717059661035,173.06718266017282,170.82330171470906,171.7665252685547,171.7665252685547,72913500.0,,,,,,,,,,,,,,,,,,,,,,,,,,,,,,
2024-03-15,AAPL,169.94956266563446,171.38922119140625,169.0758321837892,171.38922119140625,171.38922119140625,121752700.0,,,,,,,,,,,,,,,,,,,,,,,,,,,,,,
2024-03-18,AAPL,174.31819990832292,176.44294118443133,172.282813299669,172.48138427734375,172.48138427734375,75604200.0,,,,,,,,,,,,,,,,,,,,,,,,,,,,,,
2024-03-19,AAPL,173.09695515946524,175.35077434046616,171.79629786095623,174.82455444335938,174.82455444335938,55215200.0,,,,,,,,,,,,,,,,,,,,,,,,,,,,,,
2024-03-20,AAPL,174.4671540818042,177.3961181640625,173.84164100305182,177.3961181640625,177.3961181640625,53423100.0,,,,,,,,,,,,,,,,,,,,,,,,,,,,,,
2024-03-21,AAPL,175.78765774149878,176.22452301821235,169.62192763151074,170.1481475830078,170.1481475830078,106181300.0,,,,,,,,,,,,,,,,,,,,,,,,,,,,,,
2024-03-22,AAPL,170.5353695457136,171.81618050845861,168.8474933401544,171.05166625976562,171.05166625976562,71160100.0,,,,,,,,,,,,,,,,,,,,,,,,,,,,,,
2024-03-25,AAPL,169.3538487990515,170.7140758962492,168.24182406010684,169.63185119628906,169.63185119628906,54288300.0,,,,,,,,,,,,,,,,,,,,,,,,,,,,,,
2024-03-26,AAPL,168.78791039294236,170.19778406175462,168.37090678526505,168.49998474121094,168.49998474121094,57388400.0,,,,,,,,,,,,,,,,,,,,,,,,,,,,,,
2024-03-27,AAPL,169.19499314475576,172.36225110852925,168.89712909220745,172.07431030273438,172.07431030273438,60273300.0,,,,,,,,,,,,,,,,,,,,,,,,,,,,,,
2024-03-28,AAPL,170.5254338962422,171.00200728609337,169.29426955996547,170.25735473632812,170.25735473632812,65672700.0,,,,,,,,,,,,,,,,,,,,,,,,,,,,,,
2024-04-01,AAPL,169.96943620832081,170.02900599080004,168.2716216576847,168.8177032470703,168.8177032470703,46240500.0,,,,,,,,,,,,,,,,,,,,,,,,,,,,,,
2024-04-02,AAPL,167.87446369081778,168.13260444031488,167.0305181193942,167.63616943359375,167.63616943359375,49329500.0,,,,,,,,,,,,,,,,,,,,,,,,,,,,,,
2024-04-03,AAPL,167.5865303145986,169.46305411699578,167.37803608655156,168.44039916992188,168.44039916992188,47691700.0,,,,,,,,,,,,,,,,,,,,,,,,,,,,,,
2024-04-04,AAPL,169.07582268557752,170.69420560535343,167.61631774902344,167.61631774902344,167.61631774902344,53704400.0,,,,,,,,,,,,,,,,,,,,,,,,,,,,,,
2024-04-05,AAPL,168.38081863168355,169.1751176568126,167.74538244157907,168.3708953857422,168.3708953857422,42104800.0,,,,,,,,,,,,,,,,,,,,,,,,,,,,,,
2024-04-08,AAPL,167.82482886831443,167.99361496437555,167.04046816897213,167.24896240234375,167.24896240234375,37425500.0,,,,,,,,,,,,,,,,,,,,,,,,,,,,,,
2024-04-09,AAPL,167.49715057223858,168.8673158942794,167.14965519417964,168.46023559570312,168.46023559570312,42373800.0,,,,,,,,,,,,,,,,,,,,,,,,,,,,,,
2024-04-10,AAPL,167.59647195447172,167.88439761067826,165.91851910107465,166.583740234375,166.583740234375,49709300.0,,,,,,,,,,,,,,,,,,,,,,,,,,,,,,
2024-04-11,AAPL,167.13975023930564,174.208995705804,166.9610408919762,173.79197692871094,173.79197692871094,91070300.0,,,,,,,,,,,,,,,,,,,,,,,,,,,,,,
2024-04-12,AAPL,173.0175330436537,177.0883063929916,172.96790166012116,175.2912139892578,175.2912139892578,101670900.0,,,,,,,,,,,,,,,,,,,,,,,,,,,,,,
2024-04-15,AAPL,174.10968609239896,175.37063525095596,171.27007724910962,171.45872497558594,171.45872497558594,73531800.0,,,,,,,,,,,,,,,,,,,,,,,,,,,,,,
2024-04-16,AAPL,170.52541444574328,172.5210775974863,167.0702312509368,168.1723175048828,168.1723175048828,73711200.0,,,,,,,,,,,,,,,,,,,,,,,,,,,,,,
2024-04-17,AAPL,168.4006757947001,169.43325389490929,166.80215454101562,166.80215454101562,166.80215454101562,50901200.0,,,,,,,,,,,,,,,,,,,,,,,,,,,,,,
2024-04-18,AAPL,166.83197648115515,167.4376279018478,165.3625328448833,165.84902954101562,165.84902954101562,43122900.0,,,,,,,,,,,,,,,,,,,,,,,,,,,,,,
2024-04-19,AAPL,165.02494208062998,165.21357466916862,162.9101239696921,163.8235626220703,163.8235626220703,68149400.0,,,,,,,,,,,,,,,,,,,,,,,,,,,,,,
2024-04-22,AAPL,164.33983649468445,166.0674204920171,163.5951840406637,164.6575469970703,164.6575469970703,48116400.0,,,,,,,,,,,,,,,,,,,,,,,,,,,,,,
2024-04-23,AAPL,164.17107024309314,165.85894631264824,163.74412823991455,165.7100067138672,165.7100067138672,49537800.0,,,,,,,,,,,,,,,,,,,,,,,,,,,,,,
2024-04-24,AAPL,165.35256706337344,168.09289802448964,165.02493328758231,167.8148956298828,167.8148956298828,48251800.0,,,,,,,,,,,,,,,,,,,,,,,,,,,,,,
2024-04-25,AAPL,168.32127707377066,169.39357866495865,166.95111140447554,168.6787109375,168.6787109375,50558300.0,,,,,,,,,,,,,,,,,,,,,,,,,,,,,,
2024-04-26,AAPL,168.66876193087458,170.1183436596222,167.97374080476908,168.0928955078125,168.0928955078125,44838400.0,,,,,,,,,,,,,,,,,,,,,,,,,,,,,,
2024-04-29,AAPL,172.13386150928326,174.77489926024026,171.86579752591055,172.262939453125,172.262939453125,68169400.0,,,,,,,,,,,,,,,,,,,,,,,,,,,,,,
2024-04-30,AAPL,172.09416491333778,173.74233280675443,168.78790588015656,169.1155548095703,169.1155548095703,65934800.0,,,,,,,,,,,,,,,,,,,,,,,,,,,,,,
2024-05-01,AAPL,168.37089789825708,171.47858587357683,167.90424778215495,168.0928955078125,168.0928955078125,50383100.0,,,,,,,,,,,,,,,,,,,,,,,,,,,,,,
2024-05-02,AAPL,171.2800137361139,172.18352915382397,169.67156903864844,171.7963104248047,171.7963104248047,94214900.0,,,,,,,,,,,,,,,,,,,,,,,,,,,,,,
2024-05-03,AAPL,185.3191838346203,185.66669440285864,181.3576421366733,182.072509765625,182.072509765625,163224100.0,,,,,,,,,,,,,,,,,,,,,,,,,,,,,,
2024-05-06,AAPL,181.04984964293004,182.8866500436298,179.13360267463952,180.41441345214844,180.41441345214844,78569700.0,,,,,,,,,,,,,,,,,,,,,,,,,,,,,,
2024-05-07,AAPL,182.1420038655686,183.5816623782166,180.02720100491794,181.0994873046875,181.0994873046875,77305800.0,,,,,,,,,,,,,,,,,,,,,,,,,,,,,,
2024-05-08,AAPL,181.54627379403868,181.76470639188162,180.15624679412957,181.4370574951172,181.4370574951172,45057100.0,,,,,,,,,,,,,,,,,,,,,,,,,,,,,,
2024-05-09,AAPL,181.25836496086742,183.34339825305352,180.81157644111198,183.25404357910156,183.25404357910156,48983000.0,,,,,,,,,,,,,,,,,,,,,,,,,,,,,,
2024-05-10,AAPL,183.83065525294157,184.01955884653998,181.07668601424152,181.99136352539062,181.99136352539062,50759500.0,,,,,,,,,,,,,,,,,,,,,,,,,,,,,,
2024-05-13,AAPL,184.3675441223296,186.01794745703555,183.55227916041125,185.2026824951172,185.2026824951172,72044800.0,,,,,,,,,,,,,,,,,,,,,,,,,,,,,,
2024-05-14,AAPL,186.42559324440313,187.2110330394528,185.21264749222254,186.34605407714844,186.34605407714844,52393600.0,,,,,,,,,,,,,,,,,,,,,,,,,,,,,,
2024-05-15,AAPL,186.82328796013638,189.54743236218252,186.2864023770235,188.62281799316406,188.62281799316406,70400000.0,,,,,,,,,,,,,,,,,,,,,,,,,,,,,,
2024-05-16,AAPL,189.36847263644847,189.99483406684226,188.56315946625315,188.7421112060547,188.7421112060547,52845200.0,,,,,,,,,,,,,,,,,,,,,,,,,,,,,,
2024-05-17,AAPL,188.4140082479681,189.70649303935699,188.08591490450098,188.7719268798828,188.7719268798828,41282900.0,,,,,,,,,,,,,,,,,,,,,,,,,,,,,,
2024-05-20,AAPL,188.2350632210391,190.81008101901142,187.91690657220929,189.93516540527344,189.93516540527344,44361300.0,,,,,,,,,,,,,,,,,,,,,,,,,,,,,,
2024-05-21,AAPL,189.98485665329835,191.61537135801854,189.81584164268895,191.23757934570312,191.23757934570312,42309400.0,,,,,,,,,,,,,,,,,,,,,,,,,,,,,,
2024-05-22,AAPL,191.15806201805708,191.7048842739564,189.1696284842733,189.7959747314453,189.7959747314453,34648500.0,,,,,,,,,,,,,,,,,,,,,,,,,,,,,,
2024-05-23,AAPL,189.87550428926582,189.89539287135,185.55067067436462,185.79922485351562,185.79922485351562,51005900.0,,,,,,,,,,,,,,,,,,,,,,,,,,,,,,
2024-05-24,AAPL,187.72800676525614,189.47782271626807,186.9525037733123,188.88128662109375,188.88128662109375,36327000.0,,,,,,,,,,,,,,,,,,,,,,,,,,,,,,
2024-05-28,AAPL,190.40244918609352,191.8838376427625,188.00639828711084,188.89125061035156,188.89125061035156,52280100.0,,,,,,,,,,,,,,,,,,,,,,,,,,,,,,
2024-05-29,AAPL,188.5134387924459,191.13817040866115,188.41401104911338,189.1894989013672,189.1894989013672,53068000.0,,,,,,,,,,,,,,,,,,,,,,,,,,,,,,
2024-05-30,AAPL,189.6567821553814,191.06856812279528,189.52754429358754,190.1837158203125,190.1837158203125,49889100.0,,,,,,,,,,,,,,,,,,,,,,,,,,,,,,
2024-05-31,AAPL,190.33284000805318,191.4563096895504,188.81168973037515,191.13815307617188,191.13815307617188,75158300.0,,,,,,,,,,,,,,,,,,,,,,,,,,,,,,
2024-06-03,AAPL,191.7843976924141,193.86232215027837,191.40660565779223,192.90786743164062,192.90786743164062,50080500.0,,,,,,,,,,,,,,,,,,,,,,,,,,,,,,
2024-06-04,AAPL,193.51434462038463,194.19041988861153,191.91365507081835,193.2260284423828,193.2260284423828,47471400.0,,,,,,,,,,,,,,,,,,,,,,,,,,,,,,
2024-06-05,AAPL,194.269945311189,195.76127042413225,193.74301165159252,194.7372283935547,194.7372283935547,54156800.0,,,,,,,,,,,,,,,,,,,,,,,,,,,,,,
2024-06-06,AAPL,194.55827933508485,195.3635924798522,193.04706561878618,193.3552703857422,193.3552703857422,41181800.0,,,,,,,,,,,,,,,,,,,,,,,,,,,,,,
2024-06-07,AAPL,193.52429170702464,195.80105664694403,193.01724660656404,195.7513427734375,195.7513427734375,53103900.0,,,,,,,,,,,,,,,,,,,,,,,,,,,,,,
2024-06-10,AAPL,195.76126603853862,196.15896182874013,191.03873662001607,192.0031280517578,192.0031280517578,97010200.0,,,,,,,,,,,,,,,,,,,,,,,,,,,,,,
2024-06-11,AAPL,192.53005531977516,205.9619324668351,192.51018190883102,205.9519805908203,205.9519805908203,172373300.0,,,,,,,,,,,,,,,,,,,,,,,,,,,,,,
2024-06-12,AAPL,206.1707358379729,218.9265393804105,205.7034527218097,211.83778381347656,211.83778381347656,198134300.0,,,,,,,,,,,,,,,,,,,,,,,,,,,,,,
2024-06-13,AAPL,213.49810017257707,215.49647028335949,210.37626033331,213.00099182128906,213.00099182128906,97862700.0,,,,,,,,,,,,,,,,,,,,,,,,,,,,,,
2024-06-14,AAPL,212.61325905037393,213.92561727783075,210.07800329190465,211.26112365722656,211.26112365722656,70122700.0,,,,,,,,,,,,,,,,,,,,,,,,,,,,,,
2024-06-17,AAPL,212.1360430521221,217.6837748595555,211.4898081720374,215.41696166992188,215.41696166992188,93728300.0,,,,,,,,,,,,,,,,,,,,,,,,,,,,,,
2024-06-18,AAPL,216.33160783720555,217.36560169939582,211.76815683093403,213.05068969726562,213.05068969726562,79943300.0,,,,,,,,,,,,,,,,,,,,,,,,,,,,,,
2024-06-20,AAPL,212.6927670816265,213.00098699569836,207.64215969704074,208.46734619140625,208.46734619140625,86172500.0,,,,,,,,,,,,,,,,,,,,,,,,,,,,,,
2024-06-21,AAPL,209.17327704334386,210.66460227969185,205.91224707350656,206.29005432128906,206.29005432128906,241805100.0,,,,,,,,,,,,,,,,,,,,,,,,,,,,,,
2024-06-24,AAPL,206.51871007112354,211.46990537136972,205.39524025887107,206.936279296875,206.936279296875,80727000.0,,,,,,,,,,,,,,,,,,,,,,,,,,,,,,
2024-06-25,AAPL,207.94042486793816,210.15753911842552,207.40355450398363,207.86090087890625,207.86090087890625,55549700.0,,,,,,,,,,,,,,,,,,,,,,,,,,,,,,
2024-06-26,AAPL,210.2768291728298,213.6173978459433,209.42180221570723,212.01670837402344,212.01670837402344,66213200.0,,,,,,,,,,,,,,,,,,,,,,,,,,,,,,
2024-06-27,AAPL,213.44838535845383,214.49231592564604,211.12192192565487,212.86180114746094,212.86180114746094,49772700.0,,,,,,,,,,,,,,,,,,,,,,,,,,,,,,
2024-06-28,AAPL,214.52214161134154,214.8204096554565,209.08377504858177,209.40191650390625,209.40191650390625,82542700.0,,,,,,,,,,,,,,,,,,,,,,,,,,,,,,
2024-07-01,AAPL,210.86343656939636,216.2520897818886,210.69442153458442,215.49649047851562,215.49649047851562,60402900.0,,,,,,,,,,,,,,,,,,,,,,,,,,,,,,
2024-07-02,AAPL,214.8999260337406,219.10547344874152,213.85601067210808,218.99610900878906,218.99610900878906,58046200.0,,,,,,,,,,,,,,,,,,,,,,,,,,,,,,
2024-07-03,AAPL,218.7276683957665,220.26870727539062,217.76327700783267,220.26870727539062,220.26870727539062,37369800.0,,,,,,,,,,,,,,,,,,,,,,,,,,,,,,
2024-07-05,AAPL,220.36812707547224,225.14037030398515,220.36812707547224,225.031005859375,225.031005859375,60412400.0,,,,,,,,,,,,,,,,,,,,,,,,,,,,,,
2024-07-08,AAPL,225.7766827586142,226.53229721329785,221.95889400104966,226.50247192382812,226.50247192382812,59085900.0,,,,,,,,,,,,,,,,,,,,,,,,,,,,,,
2024-07-09,AAPL,226.6118203351868,228.07332019577044,225.0608446065374,227.35748291015625,227.35748291015625,48076100.0,,,,,,,,,,,,,,,,,,,,,,,,,,,,,,
2024-07-10,AAPL,227.97390377810078,231.73204187894612,227.9241899064988,231.6326141357422,231.6326141357422,62627700.0,,,,,,,,,,,,,,,,,,,,,,,,,,,,,,
2024-07-11,AAPL,230.0518217466028,231.04603853364384,224.46432825800636,226.25392150878906,226.25392150878906,64710600.0,,,,,,,,,,,,,,,,,,,,,,,,,,,,,,
2024-07-12,AAPL,227.59608461971035,231.2945719488415,227.3574671508641,229.2067108154297,229.2067108154297,53046500.0,,,,,,,,,,,,,,,,,,,,,,,,,,,,,,
2024-07-15,AAPL,235.11237576276483,235.8580383346859,231.7419815445035,233.04440307617188,233.04440307617188,62631300.0,,,,,,,,,,,,,,,,,,,,,,,,,,,,,,
2024-07-16,AAPL,233.64092682357534,234.9035862928846,230.98637002864072,233.46197509765625,233.46197509765625,43234300.0,,,,,,,,,,,,,,,,,,,,,,,,,,,,,,
2024-07-17,AAPL,228.1230311101644,230.1214164943178,225.32928445945876,227.55633544921875,227.55633544921875,57345900.0,,,,,,,,,,,,,,,,,,,,,,,,,,,,,,
2024-07-18,AAPL,228.94822726389444,229.10730558155058,220.9845567217071,222.8834991455078,222.8834991455078,66034600.0,,,,,,,,,,,,,,,,,,,,,,,,,,,,,,
2024-07-19,AAPL,223.5198165983548,225.4883615119168,221.9887143107171,223.01275634765625,223.01275634765625,49151500.0,,,,,,,,,,,,,,,,,,,,,,,,,,,,,,
2024-07-22,AAPL,225.69715940648985,226.46271062110856,221.79983121381875,222.66481018066406,222.66481018066406,48201800.0,,,,,,,,,,,,,,,,,,,,,,,,,,,,,,
2024-07-23,AAPL,223.07241159149987,225.6275559695254,221.3921828247117,223.70870971679688,223.70870971679688,39960300.0,,,,,,,,,,,,,,,,,,,,,,,,,,,,,,
2024-07-24,AAPL,222.70455320631825,223.4999296447353,215.8742889513949,217.276123046875,217.276123046875,61777600.0,,,,,,,,,,,,,,,,,,,,,,,,,,,,,,
2024-07-25,AAPL,217.663867640833,219.57277716709376,213.3787958392943,216.23220825195312,216.23220825195312,51391200.0,,,,,,,,,,,,,,,,,,,,,,,,,,,,,,
2024-07-26,AAPL,217.4352041073067,218.22064384945838,214.76075857434793,216.69949340820312,216.69949340820312,41601300.0,,,,,,,,,,,,,,,,,,,,,,,,,,,,,,
2024-07-29,AAPL,215.70527849563507,218.0317421116191,214.50226952108,216.97787475585938,216.97787475585938,36311800.0,,,,,,,,,,,,,,,,,,,,,,,,,,,,,,
2024-07-30,AAPL,217.92236610782675,219.05577256608925,214.87011348402856,217.5346221923828,217.5346221923828,41643800.0,,,,,,,,,,,,,,,,,,,,,,,,,,,,,,
2024-07-31,AAPL,220.1593561933901,222.52559687691686,219.35404306544518,220.795654296875,220.795654296875,50036300.0,,,,,,,,,,,,,,,,,,,,,,,,,,,,,,
2024-08-01,AAPL,223.07240511518174,223.1817695634113,215.76492117798517,217.09716796875,217.09716796875,62501000.0,,,,,,,,,,,,,,,,,,,,,,,,,,,,,,
2024-08-02,AAPL,217.88258518105536,224.29529507499745,216.45092586682142,218.58848571777344,218.58848571777344,105568600.0,,,,,,,,,,,,,,,,,,,,,,,,,,,,,,
2024-08-05,AAPL,197.9386185328084,212.26528622278008,194.86649227009318,208.05975341796875,208.05975341796875,119548600.0,,,,,,,,,,,,,,,,,,,,,,,,,,,,,,
2024-08-06,AAPL,204.11269368890086,208.7755724881847,199.90716125146164,206.03152465820312,206.03152465820312,69660500.0,,,,,,,,,,,,,,,,,,,,,,,,,,,,,,
2024-08-07,AAPL,205.70344110024527,212.40446750854989,205.19639601521322,208.6065673828125,208.6065673828125,63516400.0,,,,,,,,,,,,,,,,,,,,,,,,,,,,,,
2024-08-08,AAPL,211.87754516998305,212.9612378528938,207.62229843313003,212.07638549804688,212.07638549804688,47161100.0,,,,,,,,,,,,,,,,,,,,,,,,,,,,,,
2024-08-09,AAPL,210.8733840757052,215.5263113015057,210.7441310403627,214.98944091796875,214.98944091796875,42201600.0,,,,,,,,,,,,,,,,,,,,,,,,,,,,,,
2024-08-12,AAPL,215.0690650325273,218.49311650663688,214.60124108809114,216.5222930908203,216.5222930908203,38028100.0,,,,,,,,,,,,,,,,,,,,,,,,,,,,,,
2024-08-13,AAPL,217.99542439436792,220.8620875715453,217.99542439436792,220.24496459960938,220.24496459960938,44155300.0,,,,,,,,,,,,,,,,,,,,,,,,,,,,,,
2024-08-14,AAPL,219.548234966672,221.99683071433236,218.6822548419691,220.69290161132812,220.69290161132812,41960600.0,,,,,,,,,,,,,,,,,,,,,,,,,,,,,,
2024-08-15,AAPL,223.55956160665437,224.3060872818483,221.72807374055304,223.6790008544922,223.6790008544922,46414000.0,,,,,,,,,,,,,,,,,,,,,,,,,,,,,,
2024-08-16,AAPL,222.88270038911833,225.77922361016536,222.6139468974481,225.00283813476562,225.00283813476562,44340200.0,,,,,,,,,,,,,,,,,,,,,,,,,,,,,,
2024-08-19,AAPL,224.6743714872065,224.94312498661264,222.0067784736323,224.8435821533203,224.8435821533203,40687800.0,,,,,,,,,,,,,,,,,,,,,,,,,,,,,,
2024-08-20,AAPL,224.7241158999058,226.117624269924,224.405591022129,225.46067810058594,225.46067810058594,30299000.0,,,,,,,,,,,,,,,,,,,,,,,,,,,,,,
2024-08-21,AAPL,225.4706659840429,226.92389412945442,224.00747444255492,225.35121154785156,225.35121154785156,34765500.0,,,,,,,,,,,,,,,,,,,,,,,,,,,,,,
2024-08-22,AAPL,226.7347608131935,227.28221598709214,222.86278176595104,223.4898681640625,223.4898681640625,43695300.0,,,,,,,,,,,,,,,,,,,,,,,,,,,,,,
2024-08-23,AAPL,224.61464290366072,227.16278137803022,223.29080225181497,225.78916931152344,225.78916931152344,38677300.0,,,,,,,,,,,,,,,,,,,,,,,,,,,,,,
2024-08-26,AAPL,225.7095414433551,226.22713682494347,222.85284141893553,226.12759399414062,226.12759399414062,30602200.0,,,,,,,,,,,,,,,,,,,,,,,,,,,,,,
2024-08-27,AAPL,224.95305327681544,227.78985670532606,223.84819475275475,226.97364807128906,226.97364807128906,35934600.0,,,,,,,,,,,,,,,,,,,,,,,,,,,,,,
2024-08-28,AAPL,226.86416416696267,228.79517959293358,224.63453544627717,225.4407958984375,225.4407958984375,38052200.0,,,,,,,,,,,,,,,,,,,,,,,,,,,,,,
2024-08-29,AAPL,229.03408635152135,231.8410150307569,227.8197366882459,228.7255096435547,228.7255096435547,51906300.0,,,,,,,,,,,,,,,,,,,,,,,,,,,,,,
2024-08-30,AAPL,229.12366833084764,229.3326870197365,226.42621547495946,227.93917846679688,227.93917846679688,52990800.0,,,,,,,,,,,,,,,,,,,,,,,,,,,,,,
2024-09-03,AAPL,227.4912604304481,227.9391727978887,220.1454429272487,221.738037109375,221.738037109375,50190600.0,,,,,,,,,,,,,,,,,,,,,,,,,,,,,,
2024-09-04,AAPL,220.6331648046219,220.75260404502964,216.47252073588626,219.82691955566406,219.82691955566406,43840200.0,,,,,,,,,,,,,,,,,,,,,,,,,,,,,,
2024-09-05,AAPL,220.60329739500978,224.43545304440553,220.49380636570692,221.34982299804688,221.34982299804688,36615400.0,,,,,,,,,,,,,,,,,,,,,,,,,,,,,,
2024-09-06,AAPL,222.9125635200513,224.19659618640478,218.75193438162455,219.7970733642578,219.7970733642578,48423000.0,,,,,,,,,,,,,,,,,,,,,,,,,,,,,,
2024-09-09,AAPL,219.79706302441255,220.24497537072617,215.7061019102892,219.8866424560547,219.8866424560547,67180000.0,,,,,,,,,,,,,,,,,,,,,,,,,,,,,,
2024-09-10,AAPL,217.905857501112,220.45399594379384,215.72600018375593,219.09034729003906,219.09034729003906,51591000.0,,,,,,,,,,,,,,,,,,,,,,,,,,,,,,
2024-09-11,AAPL,220.4340868524661,222.05652550259597,216.88061769002928,221.62852478027344,221.62852478027344,44587100.0,,,,,,,,,,,,,,,,,,,,,,,,,,,,,,
2024-09-12,AAPL,221.46928361366915,222.51442259643306,218.8017058249269,221.738037109375,221.738037109375,37455600.0,,,,,,,,,,,,,,,,,,,,,,,,,,,,,,
2024-09-13,AAPL,222.54428285449177,223.00214343080088,220.8820208371711,221.4692840576172,221.4692840576172,36766600.0,,,,,,,,,,,,,,,,,,,,,,,,,,,,,,
2024-09-16,AAPL,215.5368837592455,216.21374159471785,212.92902562434276,215.3179168701172,215.3179168701172,59357400.0,,,,,,,,,,,,,,,,,,,,,,,,,,,,,,
2024-09-17,AAPL,214.75054527350213,215.8952118613641,213.50633585708556,215.7857208251953,215.7857208251953,45519300.0,,,,,,,,,,,,,,,,,,,,,,,,,,,,,,
2024-09-18,AAPL,216.54221012404864,221.67831024616868,216.5322467283196,219.66766357421875,219.66766357421875,59894900.0,,,,,,,,,,,,,,,,,,,,,,,,,,,,,,
2024-09-19,AAPL,223.94773787040657,228.75536468744528,223.58940496515828,227.80975341796875,227.80975341796875,66781300.0,,,,,,,,,,,,,,,,,,,,,,,,,,,,,,
2024-09-20,AAPL,228.90467282845125,232.01021467188832,226.56555305015522,227.1428680419922,227.1428680419922,318679900.0,,,,,,,,,,,,,,,,,,,,,,,,,,,,,,
2024-09-23,AAPL,226.2868480598011,228.38707413181643,224.7639369712135,225.42088317871094,225.42088317871094,54146000.0,,,,,,,,,,,,,,,,,,,,,,,,,,,,,,
2024-09-24,AAPL,227.59079599939528,228.2875654709032,224.68432442569429,226.3167266845703,226.3167266845703,43556100.0,,,,,,,,,,,,,,,,,,,,,,,,,,,,,,
2024-09-25,AAPL,223.88800321688734,226.23707111110926,222.9822303399746,225.3213348388672,225.3213348388672,42308700.0,,,,,,,,,,,,,,,,,,,,,,,,,,,,,,
2024-09-26,AAPL,226.24703661091274,227.44147457763864,224.36579263659118,226.4660186767578,226.4660186767578,36636700.0,,,,,,,,,,,,,,,,,,,,,,,,,,,,,,
2024-09-27,AAPL,227.40166606122023,228.45675318264773,226.24703611440785,226.73475646972656,226.73475646972656,34026000.0,,,,,,,,,,,,,,,,,,,,,,,,,,,,,,
2024-09-30,AAPL,228.9743594736852,231.920654296875,228.58616671135624,231.920654296875,231.920654296875,54541900.0,,,,,,,,,,,,,,,,,,,,,,,,,,,,,,
2024-10-01,AAPL,228.45677367012016,228.58616112900037,222.70355021092283,225.162109375,225.162109375,63285000.0,,,,,,,,,,,,,,,,,,,,,,,,,,,,,,
2024-10-02,AAPL,224.84356992020335,226.31670960653594,221.98686997976517,225.7294464111328,225.7294464111328,32880600.0,,,,,,,,,,,,,,,,,,,,,,,,,,,,,,
2024-10-03,AAPL,224.09704443839323,225.75930638603796,222.28548343692833,224.6245880126953,224.6245880126953,34044200.0,,,,,,,,,,,,,,,,,,,,,,,,,,,,,,
2024-10-04,AAPL,226.8442543024003,226.9437971307691,223.09172964492672,225.74935913085938,225.74935913085938,37245100.0,,,,,,,,,,,,,,,,,,,,,,,,,,,,,,
2024-10-07,AAPL,223.46000516495792,224.6444949275546,220.30469199255066,220.66302490234375,220.66302490234375,39505400.0,,,,,,,,,,,,,,,,,,,,,,,,,,,,,,
2024-10-08,AAPL,223.2609296773624,224.9331397600325,222.21579078164237,224.72412109375,224.72412109375,31855700.0,,,,,,,,,,,,,,,,,,,,,,,,,,,,,,
2024-10-09,AAPL,224.1866374402548,228.68570318762718,223.78849648056692,228.47666931152344,228.47666931152344,33591100.0,,,,,,,,,,,,,,,,,,,,,,,,,,,,,,
2024-10-10,AAPL,226.72483093793394,228.43686442668115,226.11765609380726,227.97898864746094,227.97898864746094,28183500.0,,,,,,,,,,,,,,,,,,,,,,,,,,,,,,
2024-10-11,AAPL,228.23777327090536,228.34726430462075,226.28684626691359,226.49588012695312,226.49588012695312,31759200.0,,,,,,,,,,,,,,,,,,,,,,,,,,,,,,
2024-10-14,AAPL,227.64055393917852,230.65651637799863,227.54102629778745,230.228515625,230.228515625,39882100.0,,,,,,,,,,,,,,,,,,,,,,,,,,,,,,
2024-10-15,AAPL,232.52781469355565,236.3898456598821,231.29355345996072,232.76670837402344,232.76670837402344,64751400.0,,,,,,,,,,,,,,,,,,,,,,,,,,,,,,
2024-10-16,AAPL,230.52710945831018,231.04468960128423,228.77525301100687,230.70626831054688,230.70626831054688,34082200.0,,,,,,,,,,,,,,,,,,,,,,,,,,,,,,
2024-10-17,AAPL,232.348638945834,232.76670668063704,229.4521309302649,231.07456970214844,231.07456970214844,32993800.0,,,,,,,,,,,,,,,,,,,,,,,,,,,,,,
2024-10-18,AAPL,235.08587271459402,235.08587271459402,232.92592721050605,233.91134643554688,233.91134643554688,46431500.0,,,,,,,,,,,,,,,,,,,,,,,,,,,,,,
2024-10-21,AAPL,233.36392650842956,235.75281781754072,233.36392650842956,235.384521484375,235.384521484375,36254500.0,,,,,,,,,,,,,,,,,,,,,,,,,,,,,,
2024-10-22,AAPL,232.80653482833821,235.12574323334508,231.5225172658939,234.7674102783203,234.7674102783203,38846600.0,,,,,,,,,,,,,,,,,,,,,,,,,,,,,,
2024-10-23,AAPL,232.99562158724072,234.05070868615385,226.70489182210235,229.6909942626953,229.6909942626953,52287000.0,,,,,,,,,,,,,,,,,,,,,,,,,,,,,,
2024-10-24,AAPL,228.9146289407981,229.75074924052936,227.35190975750177,229.5019073486328,229.5019073486328,31109500.0,,,,,,,,,,,,,,,,,,,,,,,,,,,,,,
2024-10-25,AAPL,228.6757506783198,232.13962556438537,228.5065400142299,230.3380126953125,230.3380126953125,38802300.0,,,,,,,,,,,,,,,,,,,,,,,,,,,,,,
2024-10-28,AAPL,232.23915532682838,233.64261197661628,231.47271808946843,232.3187713623047,232.3187713623047,36087100.0,,,,,,,,,,,,,,,,,,,,,,,,,,,,,,
2024-10-29,AAPL,232.0201728307493,233.2444706163013,231.24378738741356,232.5875244140625,232.5875244140625,35417200.0,,,,,,,,,,,,,,,,,,,,,,,,,,,,,,
2024-10-30,AAPL,231.5324398883544,232.38845656475567,228.48661770128336,229.03407287597656,229.03407287597656,47070900.0,,,,,,,,,,,,,,,,,,,,,,,,,,,,,,
2024-10-31,AAPL,228.27758291037028,228.76531846185907,224.32597264925337,224.8634796142578,224.8634796142578,64370100.0,,,,,,,,,,,,,,,,,,,,,,,,,,,,,,
2024-11-01,AAPL,219.9463649274566,224.30607958110733,219.2496106921502,221.87738037109375,221.87738037109375,65276700.0,,,,,,,,,,,,,,,,,,,,,,,,,,,,,,
2024-11-04,AAPL,219.96627293386246,221.75792231303782,218.69220372782075,220.98153686523438,220.98153686523438,44944500.0,,,,,,,,,,,,,,,,,,,,,,,,,,,,,,
2024-11-05,AAPL,220.7725208689619,222.91255498009295,220.11557465497725,222.4148712158203,222.4148712158203,28111300.0,,,,,,,,,,,,,,,,,,,,,,,,,,,,,,
2024-11-06,AAPL,221.5787719009408,225.02275032206146,220.16535179621147,221.68826293945312,221.68826293945312,54561100.0,,,,,,,,,,,,,,,,,,,,,,,,,,,,,,
2024-11-07,AAPL,223.5894049928319,226.82434934768688,223.52968537330023,226.4261932373047,226.4261932373047,42137700.0,,,,,,,,,,,,,,,,,,,,,,,,,,,,,,
2024-11-08,AAPL,226.366414165256,227.8511489598711,225.60910803907555,226.15716552734375,226.15716552734375,38328800.0,,,,,,,,,,,,,,,,,,,,,,,,,,,,,,
2024-11-11,AAPL,224.20409384410638,224.90161465065876,220.7164746065314,223.4368133544922,223.4368133544922,42005600.0,,,,,,,,,,,,,,,,,,,,,,,,,,,,,,
2024-11-12,AAPL,223.75568869738083,224.79200315214243,222.5698957238352,223.4368133544922,223.4368133544922,40398300.0,,,,,,,,,,,,,,,,,,,,,,,,,,,,,,
2024-11-13,AAPL,223.2175800878685,225.84824072641777,221.97200184604,224.3236541748047,224.3236541748047,48566200.0,,,,,,,,,,,,,,,,,,,,,,,,,,,,,,
2024-11-14,AAPL,224.2240421118748,228.06041440281584,224.204108600429,227.4127197265625,227.4127197265625,44923900.0,,,,,,,,,,,,,,,,,,,,,,,,,,,,,,
2024-11-15,AAPL,225.59914322363005,226.11730807125568,223.47668806811174,224.2041015625,224.2041015625,47923700.0,,,,,,,,,,,,,,,,,,,,,,,,,,,,,,
2024-11-18,AAPL,224.4532188000698,228.9273417095955,224.37349996104592,227.2134246826172,227.2134246826172,44633700.0,,,,,,,,,,,,,,,,,,,,,,,,,,,,,,
2024-11-19,AAPL,226.17706876893948,229.3458276324582,225.8582086546099,227.47247314453125,227.47247314453125,36211800.0,,,,,,,,,,,,,,,,,,,,,,,,,,,,,,
2024-11-20,AAPL,227.25327930098,229.1166596710885,225.09095708205055,228.18995666503906,228.18995666503906,35169600.0,,,,,,,,,,,,,,,,,,,,,,,,,,,,,,
2024-11-21,AAPL,228.07038183414417,229.3458528412815,224.91159698015457,227.71165466308594,227.71165466308594,42108300.0,,,,,,,,,,,,,,,,,,,,,,,,,,,,,,
2024-11-22,AAPL,227.2532593649619,229.9038535446,227.2532593649619,229.05685424804688,229.05685424804688,38168300.0,,,,,,,,,,,,,,,,,,,,,,,,,,,,,,
2024-11-25,AAPL,230.64124862727573,232.42491005721112,228.92733167542056,232.04624938964844,232.04624938964844,90152800.0,,,,,,,,,,,,,,,,,,,,,,,,,,,,,,
2024-11-26,AAPL,232.50463944229026,234.73672132395913,232.50463944229026,234.228515625,234.228515625,45986200.0,,,,,,,,,,,,,,,,,,,,,,,,,,,,,,
2024-11-27,AAPL,233.6405889619916,234.85627456038557,232.98291999142185,234.0989532470703,234.0989532470703,33498400.0,,,,,,,,,,,,,,,,,,,,,,,,,,,,,,
2024-11-29,AAPL,233.97940351987407,236.96879161176938,233.14237850329877,236.49049377441406,236.49049377441406,28481400.0,,,,,,,,,,,,,,,,,,,,,,,,,,,,,,
2024-12-02,AAPL,236.4306920263062,239.93822952974793,236.32108052902282,238.7424774169922,238.7424774169922,48137100.0,,,,,,,,,,,,,,,,,,,,,,,,,,,,,,
2024-12-03,AAPL,238.96170621081686,241.90126799408412,238.05492154808562,241.79165649414062,241.79165649414062,38861000.0,,,,,,,,,,,,,,,,,,,,,,,,,,,,,,
2024-12-04,AAPL,242.01088645785893,243.2465056559754,240.3966217802532,242.150390625,242.150390625,44383900.0,,,,,,,,,,,,,,,,,,,,,,,,,,,,,,
2024-12-05,AAPL,243.1269343008096,243.67497660990782,241.27351311137042,242.18028259277344,242.18028259277344,40033900.0,,,,,,,,,,,,,,,,,,,,,,,,,,,,,,
2024-12-06,AAPL,242.05074723300527,243.7646642163996,241.22368140458013,241.98098754882812,241.98098754882812,36870600.0,,,,,,,,,,,,,,,,,,,,,,,,,,,,,,
2024-12-09,AAPL,240.97455722335047,246.36542364679892,240.89483838917155,245.8771514892578,245.8771514892578,44649200.0,,,,,,,,,,,,,,,,,,,,,,,,,,,,,,
2024-12-10,AAPL,246.01664748664516,247.33198539974384,244.4721274358929,246.89353942871094,246.89353942871094,36914800.0,,,,,,,,,,,,,,,,,,,,,,,,,,,,,,
2024-12-11,AAPL,247.08288910248365,249.91283942191654,245.38889040813984,245.6180877685547,245.6180877685547,45205800.0,,,,,,,,,,,,,,,,,,,,,,,,,,,,,,
2024-12-12,AAPL,246.0166482138882,247.8601100871407,244.81092178998352,247.08287048339844,247.08287048339844,32777500.0,,,,,,,,,,,,,,,,,,,,,,,,,,,,,,
2024-12-13,AAPL,246.94338782137353,248.4081739675946,245.36897496771653,247.25228881835938,247.25228881835938,33155300.0,,,,,,,,,,,,,,,,,,,,,,,,,,,,,,
2024-12-16,AAPL,247.11276354004562,250.49077111704125,246.7739547032778,250.15196228027344,250.15196228027344,51694800.0,,,,,,,,,,,,,,,,,,,,,,,,,,,,,,
2024-12-17,AAPL,249.1953766416157,252.93211150871377,248.89643481128522,252.58334350585938,252.58334350585938,51356400.0,,,,,,,,,,,,,,,,,,,,,,,,,,,,,,
2024-12-18,AAPL,251.26802371656945,253.38051965426092,246.86366065893745,247.1725616455078,247.1725616455078,56774100.0,,,,,,,,,,,,,,,,,,,,,,,,,,,,,,
2024-12-19,AAPL,246.62449465453676,251.10857637552834,246.21594133746913,248.90638732910156,248.90638732910156,60882300.0,,,,,,,,,,,,,,,,,,,,,,,,,,,,,,
2024-12-20,AAPL,247.16257165125242,254.0979578981185,244.82089371115717,253.5897674560547,253.5897674560547,147495300.0,,,,,,,,,,,,,,,,,,,,,,,,,,,,,,
2024-12-23,AAPL,253.86877310974026,254.74564983170012,252.55343521958227,254.36700439453125,254.36700439453125,40858800.0,,,,,,,,,,,,,,,,,,,,,,,,,,,,,,
2024-12-24,AAPL,254.58626151312842,257.2966260773909,254.386956808638,257.28668212890625,257.28668212890625,23234700.0,,,,,,,,,,,,,,,,,,,,,,,,,,,,,,
2024-12-26,AAPL,257.27667867815336,259.1799258751944,256.7186620602343,258.1037292480469,258.1037292480469,27237100.0,,,,,,,,,,,,,,,,,,,,,,,,,,,,,,
2024-12-27,AAPL,256.91793375888693,257.78488174803636,252.16481819720389,254.6858673095703,254.6858673095703,42355300.0,,,,,,,,,,,,,,,,,,,,,,,,,,,,,,
2024-12-30,AAPL,251.33776924994547,252.60328106925755,249.86300878941353,251.30787658691406,251.30787658691406,35557500.0,,,,,,,,,,,,,,,,,,,,,,,,,,,,,,
2024-12-31,AAPL,251.5470385357527,252.38406352835983,248.54767617168994,249.5341796875,249.5341796875,39480700.0,,,,,,,,,,,,,,,,,,,,,,,,,,,,,,
2023-01-03,TSLA,,,,,108.0999984741211,,118.47000122070312,118.80000305175781,104.63999938964844,108.0999984741211,231402800.0,,,,,,,,,,,,,,,,,,,,,,,,,
2023-01-04,TSLA,,,,,113.63999938964844,,109.11000061035156,114.58999633789062,107.5199966430664,113.63999938964844,180389000.0,,,,,,,,,,,,,,,,,,,,,,,,,
2023-01-05,TSLA,,,,,110.33999633789062,,110.51000213623047,111.75,107.16000366210938,110.33999633789062,157986300.0,,,,,,,,,,,,,,,,,,,,,,,,,
2023-01-06,TSLA,,,,,113.05999755859375,,103.0,114.38999938964844,101.80999755859375,113.05999755859375,220911100.0,,,,,,,,,,,,,,,,,,,,,,,,,
2023-01-09,TSLA,,,,,119.7699966430664,,118.95999908447266,123.5199966430664,117.11000061035156,119.7699966430664,190284000.0,,,,,,,,,,,,,,,,,,,,,,,,,
2023-01-10,TSLA,,,,,118.8499984741211,,121.06999969482422,122.76000213623047,114.91999816894531,118.8499984741211,167642500.0,,,,,,,,,,,,,,,,,,,,,,,,,
2023-01-11,TSLA,,,,,123.22000122070312,,122.08999633789062,125.94999694824219,120.51000213623047,123.22000122070312,183810800.0,,,,,,,,,,,,,,,,,,,,,,,,,
2023-01-12,TSLA,,,,,123.55999755859375,,122.55999755859375,124.12999725341797,117.0,123.55999755859375,169400900.0,,,,,,,,,,,,,,,,,,,,,,,,,
2023-01-13,TSLA,,,,,122.4000015258789,,116.55000305175781,122.62999725341797,115.5999984741211,122.4000015258789,180714100.0,,,,,,,,,,,,,,,,,,,,,,,,,
2023-01-17,TSLA,,,,,131.49000549316406,,125.69999694824219,131.6999969482422,125.0199966430664,131.49000549316406,186477000.0,,,,,,,,,,,,,,,,,,,,,,,,,
2023-01-18,TSLA,,,,,128.77999877929688,,136.55999755859375,136.67999267578125,127.01000213623047,128.77999877929688,195680300.0,,,,,,,,,,,,,,,,,,,,,,,,,
2023-01-19,TSLA,,,,,127.16999816894531,,127.26000213623047,129.99000549316406,124.30999755859375,127.16999816894531,170291900.0,,,,,,,,,,,,,,,,,,,,,,,,,
2023-01-20,TSLA,,,,,133.4199981689453,,128.67999267578125,133.50999450683594,127.3499984741211,133.4199981689453,138858100.0,,,,,,,,,,,,,,,,,,,,,,,,,
2023-01-23,TSLA,,,,,143.75,,135.8699951171875,145.3800048828125,134.27000427246094,143.75,203119200.0,,,,,,,,,,,,,,,,,,,,,,,,,
2023-01-24,TSLA,,,,,143.88999938964844,,143.0,146.5,141.10000610351562,143.88999938964844,158699100.0,,,,,,,,,,,,,,,,,,,,,,,,,
2023-01-25,TSLA,,,,,144.42999267578125,,141.91000366210938,146.41000366210938,138.07000732421875,144.42999267578125,192734300.0,,,,,,,,,,,,,,,,,,,,,,,,,
2023-01-26,TSLA,,,,,160.27000427246094,,159.97000122070312,161.4199981689453,154.75999450683594,160.27000427246094,234815100.0,,,,,,,,,,,,,,,,,,,,,,,,,
2023-01-27,TSLA,,,,,177.89999389648438,,162.42999267578125,180.67999267578125,161.1699981689453,177.89999389648438,306590600.0,,,,,,,,,,,,,,,,,,,,,,,,,
2023-01-30,TSLA,,,,,166.66000366210938,,178.0500030517578,179.77000427246094,166.5,166.66000366210938,230878800.0,,,,,,,,,,,,,,,,,,,,,,,,,
2023-01-31,TSLA,,,,,173.22000122070312,,164.57000732421875,174.3000030517578,162.77999877929688,173.22000122070312,196813500.0,,,,,,,,,,,,,,,,,,,,,,,,,
2023-02-01,TSLA,,,,,181.41000366210938,,173.88999938964844,183.80999755859375,169.92999267578125,181.41000366210938,213806300.0,,,,,,,,,,,,,,,,,,,,,,,,,
2023-02-02,TSLA,,,,,188.27000427246094,,187.3300018310547,196.75,182.61000061035156,188.27000427246094,217448300.0,,,,,,,,,,,,,,,,,,,,,,,,,
2023-02-03,TSLA,,,,,189.97999572753906,,183.9499969482422,199.0,183.69000244140625,189.97999572753906,232662000.0,,,,,,,,,,,,,,,,,,,,,,,,,
2023-02-06,TSLA,,,,,194.75999450683594,,193.00999450683594,198.1699981689453,189.9199981689453,194.75999450683594,186188100.0,,,,,,,,,,,,,,,,,,,,,,,,,
2023-02-07,TSLA,,,,,196.80999755859375,,196.42999267578125,197.5,189.5500030517578,196.80999755859375,186010300.0,,,,,,,,,,,,,,,,,,,,,,,,,
2023-02-08,TSLA,,,,,201.2899932861328,,196.10000610351562,203.0,194.30999755859375,201.2899932861328,180673600.0,,,,,,,,,,,,,,,,,,,,,,,,,
2023-02-09,TSLA,,,,,207.32000732421875,,207.77999877929688,214.0,204.77000427246094,207.32000732421875,215431400.0,,,,,,,,,,,,,,,,,,,,,,,,,
2023-02-10,TSLA,,,,,196.88999938964844,,202.22999572753906,206.1999969482422,192.88999938964844,196.88999938964844,204754100.0,,,,,,,,,,,,,,,,,,,,,,,,,
2023-02-13,TSLA,,,,,194.63999938964844,,194.4199981689453,196.3000030517578,187.61000061035156,194.63999938964844,172475500.0,,,,,,,,,,,,,,,,,,,,,,,,,
2023-02-14,TSLA,,,,,209.25,,191.94000244140625,209.82000732421875,189.44000244140625,209.25,216455700.0,,,,,,,,,,,,,,,,,,,,,,,,,
2023-02-15,TSLA,,,,,214.24000549316406,,211.75999450683594,214.66000366210938,206.11000061035156,214.24000549316406,181006400.0,,,,,,,,,,,,,,,,,,,,,,,,,
2023-02-16,TSLA,,,,,202.0399932861328,,210.77999877929688,217.64999389648438,201.83999633789062,202.0399932861328,229586500.0,,,,,,,,,,,,,,,,,,,,,,,,,
2023-02-17,TSLA,,,,,208.30999755859375,,199.99000549316406,208.44000244140625,197.5,208.30999755859375,213738500.0,,,,,,,,,,,,,,,,,,,,,,,,,
2023-02-21,TSLA,,,,,197.3699951171875,,204.99000549316406,209.7100067138672,197.22000122070312,197.3699951171875,180018600.0,,,,,,,,,,,,,,,,,,,,,,,,,
2023-02-22,TSLA,,,,,200.86000061035156,,197.92999267578125,201.99000549316406,191.77999877929688,200.86000061035156,191828500.0,,,,,,,,,,,,,,,,,,,,,,,,,
2023-02-23,TSLA,,,,,202.07000732421875,,203.91000366210938,205.13999938964844,196.3300018310547,202.07000732421875,146360000.0,,,,,,,,,,,,,,,,,,,,,,,,,
2023-02-24,TSLA,,,,,196.8800048828125,,196.3300018310547,197.6699981689453,192.8000030517578,196.8800048828125,142228100.0,,,,,,,,,,,,,,,,,,,,,,,,,
2023-02-27,TSLA,,,,,207.6300048828125,,202.02999877929688,209.4199981689453,201.25999450683594,207.6300048828125,161028300.0,,,,,,,,,,,,,,,,,,,,,,,,,
2023-02-28,TSLA,,,,,205.7100067138672,,210.58999633789062,211.22999572753906,203.75,205.7100067138672,153144900.0,,,,,,,,,,,,,,,,,,,,,,,,,
2023-03-01,TSLA,,,,,202.77000427246094,,206.2100067138672,207.1999969482422,198.52000427246094,202.77000427246094,156852800.0,,,,,,,,,,,,,,,,,,,,,,,,,
2023-03-02,TSLA,,,,,190.89999389648438,,186.74000549316406,193.75,186.00999450683594,190.89999389648438,181500700.0,,,,,,,,,,,,,,,,,,,,,,,,,
2023-03-03,TSLA,,,,,197.7899932861328,,194.8000030517578,200.47999572753906,192.8800048828125,197.7899932861328,154193300.0,,,,,,,,,,,,,,,,,,,,,,,,,
2023-03-06,TSLA,,,,,193.80999755859375,,198.5399932861328,198.60000610351562,192.3000030517578,193.80999755859375,128100100.0,,,,,,,,,,,,,,,,,,,,,,,,,
2023-03-07,TSLA,,,,,187.7100067138672,,191.3800048828125,194.1999969482422,186.10000610351562,187.7100067138672,148125800.0,,,,,,,,,,,,,,,,,,,,,,,,,
2023-03-08,TSLA,,,,,182.0,,185.0399932861328,186.5,180.0,182.0,151897800.0,,,,,,,,,,,,,,,,,,,,,,,,,
2023-03-09,TSLA,,,,,172.9199981689453,,180.25,185.17999267578125,172.50999450683594,172.9199981689453,170023800.0,,,,,,,,,,,,,,,,,,,,,,,,,
2023-03-10,TSLA,,,,,173.44000244140625,,175.1300048828125,178.2899932861328,168.44000244140625,173.44000244140625,191488900.0,,,,,,,,,,,,,,,,,,,,,,,,,
2023-03-13,TSLA,,,,,174.47999572753906,,167.4600067138672,177.35000610351562,163.91000366210938,174.47999572753906,167790300.0,,,,,,,,,,,,,,,,,,,,,,,,,
2023-03-14,TSLA,,,,,183.25999450683594,,177.30999755859375,183.8000030517578,177.13999938964844,183.25999450683594,143717900.0,,,,,,,,,,,,,,,,,,,,,,,,,
2023-03-15,TSLA,,,,,180.4499969482422,,180.8000030517578,182.33999633789062,176.02999877929688,180.4499969482422,145995600.0,,,,,,,,,,,,,,,,,,,,,,,,,
2023-03-16,TSLA,,,,,184.1300048828125,,180.3699951171875,185.80999755859375,178.83999633789062,184.1300048828125,121136800.0,,,,,,,,,,,,,,,,,,,,,,,,,
2023-03-17,TSLA,,,,,180.1300048828125,,184.52000427246094,186.22000122070312,177.3300018310547,180.1300048828125,133197100.0,,,,,,,,,,,,,,,,,,,,,,,,,
2023-03-20,TSLA,,,,,183.25,,178.0800018310547,186.44000244140625,176.35000610351562,183.25,129684400.0,,,,,,,,,,,,,,,,,,,,,,,,,
2023-03-21,TSLA,,,,,197.5800018310547,,188.27999877929688,198.0,188.0399932861328,197.5800018310547,153391400.0,,,,,,,,,,,,,,,,,,,,,,,,,
2023-03-22,TSLA,,,,,191.14999389648438,,199.3000030517578,200.66000366210938,190.9499969482422,191.14999389648438,150376400.0,,,,,,,,,,,,,,,,,,,,,,,,,
2023-03-23,TSLA,,,,,192.22000122070312,,195.25999450683594,199.30999755859375,188.64999389648438,192.22000122070312,144193900.0,,,,,,,,,,,,,,,,,,,,,,,,,
2023-03-24,TSLA,,,,,190.41000366210938,,191.64999389648438,192.36000061035156,187.14999389648438,190.41000366210938,116312400.0,,,,,,,,,,,,,,,,,,,,,,,,,
2023-03-27,TSLA,,,,,191.80999755859375,,194.4199981689453,197.38999938964844,189.94000244140625,191.80999755859375,120851600.0,,,,,,,,,,,,,,,,,,,,,,,,,
2023-03-28,TSLA,,,,,189.19000244140625,,192.0,192.35000610351562,185.42999267578125,189.19000244140625,98654600.0,,,,,,,,,,,,,,,,,,,,,,,,,
2023-03-29,TSLA,,,,,193.8800048828125,,193.1300048828125,195.2899932861328,189.44000244140625,193.8800048828125,123660000.0,,,,,,,,,,,,,,,,,,,,,,,,,
2023-03-30,TSLA,,,,,195.27999877929688,,195.5800018310547,197.3300018310547,194.4199981689453,195.27999877929688,110252200.0,,,,,,,,,,,,,,,,,,,,,,,,,
2023-03-31,TSLA,,,,,207.4600067138672,,197.52999877929688,207.7899932861328,197.1999969482422,207.4600067138672,170222100.0,,,,,,,,,,,,,,,,,,,,,,,,,
2023-04-03,TSLA,,,,,194.77000427246094,,199.91000366210938,202.69000244140625,192.1999969482422,194.77000427246094,169545900.0,,,,,,,,,,,,,,,,,,,,,,,,,
2023-04-04,TSLA,,,,,192.5800018310547,,197.32000732421875,198.74000549316406,190.32000732421875,192.5800018310547,126463800.0,,,,,,,,,,,,,,,,,,,,,,,,,
2023-04-05,TSLA,,,,,185.52000427246094,,190.52000427246094,190.67999267578125,183.75999450683594,185.52000427246094,133882500.0,,,,,,,,,,,,,,,,,,,,,,,,,
2023-04-06,TSLA,,,,,185.05999755859375,,183.0800018310547,186.38999938964844,179.74000549316406,185.05999755859375,123857900.0,,,,,,,,,,,,,,,,,,,,,,,,,
2023-04-10,TSLA,,,,,184.50999450683594,,179.94000244140625,185.10000610351562,176.11000061035156,184.50999450683594,142154600.0,,,,,,,,,,,,,,,,,,,,,,,,,
2023-04-11,TSLA,,,,,186.7899932861328,,186.69000244140625,189.19000244140625,185.64999389648438,186.7899932861328,115770900.0,,,,,,,,,,,,,,,,,,,,,,,,,
2023-04-12,TSLA,,,,,180.5399932861328,,190.74000549316406,191.5800018310547,180.30999755859375,180.5399932861328,150256300.0,,,,,,,,,,,,,,,,,,,,,,,,,
2023-04-13,TSLA,,,,,185.89999389648438,,182.9600067138672,186.5,180.94000244140625,185.89999389648438,112933000.0,,,,,,,,,,,,,,,,,,,,,,,,,
2023-04-14,TSLA,,,,,185.0,,183.9499969482422,186.27999877929688,182.00999450683594,185.0,96438700.0,,,,,,,,,,,,,,,,,,,,,,,,,
2023-04-17,TSLA,,,,,187.0399932861328,,186.32000732421875,189.69000244140625,182.69000244140625,187.0399932861328,116662200.0,,,,,,,,,,,,,,,,,,,,,,,,,
2023-04-18,TSLA,,,,,184.30999755859375,,187.14999389648438,187.69000244140625,183.5800018310547,184.30999755859375,92067000.0,,,,,,,,,,,,,,,,,,,,,,,,,
2023-04-19,TSLA,,,,,180.58999633789062,,179.10000610351562,183.5,177.64999389648438,180.58999633789062,125732700.0,,,,,,,,,,,,,,,,,,,,,,,,,
2023-04-20,TSLA,,,,,162.99000549316406,,166.1699981689453,169.6999969482422,160.55999755859375,162.99000549316406,210970800.0,,,,,,,,,,,,,,,,,,,,,,,,,
2023-04-21,TSLA,,,,,165.0800018310547,,164.8000030517578,166.0,161.32000732421875,165.0800018310547,123539000.0,,,,,,,,,,,,,,,,,,,,,,,,,
2023-04-24,TSLA,,,,,162.5500030517578,,164.64999389648438,165.64999389648438,158.61000061035156,162.5500030517578,140006600.0,,,,,,,,,,,,,,,,,,,,,,,,,
2023-04-25,TSLA,,,,,160.6699981689453,,159.82000732421875,163.47000122070312,158.75,160.6699981689453,121999300.0,,,,,,,,,,,,,,,,,,,,,,,,,
2023-04-26,TSLA,,,,,153.75,,160.2899932861328,160.6699981689453,153.13999938964844,153.75,153364100.0,,,,,,,,,,,,,,,,,,,,,,,,,
2023-04-27,TSLA,,,,,160.19000244140625,,152.63999938964844,160.47999572753906,152.3699951171875,160.19000244140625,127015200.0,,,,,,,,,,,,,,,,,,,,,,,,,
2023-04-28,TSLA,,,,,164.30999755859375,,160.89999389648438,165.0,157.32000732421875,164.30999755859375,122515800.0,,,,,,,,,,,,,,,,,,,,,,,,,
2023-05-01,TSLA,,,,,161.8300018310547,,163.1699981689453,163.27999877929688,158.8300018310547,161.8300018310547,109015000.0,,,,,,,,,,,,,,,,,,,,,,,,,
2023-05-02,TSLA,,,,,160.30999755859375,,161.8800048828125,165.49000549316406,158.92999267578125,160.30999755859375,128259700.0,,,,,,,,,,,,,,,,,,,,,,,,,
2023-05-03,TSLA,,,,,160.61000061035156,,160.00999450683594,165.0,159.91000366210938,160.61000061035156,119728000.0,,,,,,,,,,,,,,,,,,,,,,,,,
2023-05-04,TSLA,,,,,161.1999969482422,,162.7100067138672,162.9499969482422,159.64999389648438,161.1999969482422,95108500.0,,,,,,,,,,,,,,,,,,,,,,,,,
2023-05-05,TSLA,,,,,170.05999755859375,,163.97000122070312,170.7899932861328,163.50999450683594,170.05999755859375,107607300.0,,,,,,,,,,,,,,,,,,,,,,,,,
2023-05-08,TSLA,,,,,171.7899932861328,,173.72000122070312,173.8000030517578,169.19000244140625,171.7899932861328,112249400.0,,,,,,,,,,,,,,,,,,,,,,,,,
2023-05-09,TSLA,,,,,169.14999389648438,,168.9499969482422,169.82000732421875,166.55999755859375,169.14999389648438,88965000.0,,,,,,,,,,,,,,,,,,,,,,,,,
2023-05-10,TSLA,,,,,168.5399932861328,,172.5500030517578,174.42999267578125,166.67999267578125,168.5399932861328,119840700.0,,,,,,,,,,,,,,,,,,,,,,,,,
2023-05-11,TSLA,,,,,172.0800018310547,,168.6999969482422,173.57000732421875,166.7899932861328,172.0800018310547,103889900.0,,,,,,,,,,,,,,,,,,,,,,,,,
2023-05-12,TSLA,,,,,167.97999572753906,,176.07000732421875,177.3800048828125,167.22999572753906,167.97999572753906,157849600.0,,,,,,,,,,,,,,,,,,,,,,,,,
2023-05-15,TSLA,,,,,166.35000610351562,,167.66000366210938,169.75999450683594,164.5500030517578,166.35000610351562,105592500.0,,,,,,,,,,,,,,,,,,,,,,,,,
2023-05-16,TSLA,,,,,166.52000427246094,,165.64999389648438,169.52000427246094,164.35000610351562,166.52000427246094,98288800.0,,,,,,,,,,,,,,,,,,,,,,,,,
2023-05-17,TSLA,,,,,173.86000061035156,,168.41000366210938,174.5,167.19000244140625,173.86000061035156,125473600.0,,,,,,,,,,,,,,,,,,,,,,,,,
2023-05-18,TSLA,,,,,176.88999938964844,,174.22000122070312,177.05999755859375,172.4499969482422,176.88999938964844,109520300.0,,,,,,,,,,,,,,,,,,,,,,,,,
2023-05-19,TSLA,,,,,180.13999938964844,,177.1699981689453,181.9499969482422,176.30999755859375,180.13999938964844,136196700.0,,,,,,,,,,,,,,,,,,,,,,,,,
2023-05-22,TSLA,,,,,188.8699951171875,,180.6999969482422,189.32000732421875,180.11000061035156,188.8699951171875,132001400.0,,,,,,,,,,,,,,,,,,,,,,,,,
2023-05-23,TSLA,,,,,185.77000427246094,,186.1999969482422,192.9600067138672,185.25999450683594,185.77000427246094,156952100.0,,,,,,,,,,,,,,,,,,,,,,,,,
2023-05-24,TSLA,,,,,182.89999389648438,,182.22999572753906,184.22000122070312,178.22000122070312,182.89999389648438,137605100.0,,,,,,,,,,,,,,,,,,,,,,,,,
2023-05-25,TSLA,,,,,184.47000122070312,,186.5399932861328,186.77999877929688,180.5800018310547,184.47000122070312,96870700.0,,,,,,,,,,,,,,,,,,,,,,,,,
2023-05-26,TSLA,,,,,193.1699981689453,,184.6199951171875,198.60000610351562,184.52999877929688,193.1699981689453,162061500.0,,,,,,,,,,,,,,,,,,,,,,,,,
2023-05-30,TSLA,,,,,201.16000366210938,,200.10000610351562,204.47999572753906,197.52999877929688,201.16000366210938,128818700.0,,,,,,,,,,,,,,,,,,,,,,,,,
2023-05-31,TSLA,,,,,203.92999267578125,,199.77999877929688,203.9499969482422,195.1199951171875,203.92999267578125,150711700.0,,,,,,,,,,,,,,,,,,,,,,,,,
2023-06-01,TSLA,,,,,207.52000427246094,,202.58999633789062,209.8000030517578,199.3699951171875,207.52000427246094,148029900.0,,,,,,,,,,,,,,,,,,,,,,,,,
2023-06-02,TSLA,,,,,213.97000122070312,,210.14999389648438,217.25,209.75,213.97000122070312,164398400.0,,,,,,,,,,,,,,,,,,,,,,,,,
2023-06-05,TSLA,,,,,217.61000061035156,,217.8000030517578,221.2899932861328,214.52000427246094,217.61000061035156,151143100.0,,,,,,,,,,,,,,,,,,,,,,,,,
2023-06-06,TSLA,,,,,221.30999755859375,,216.13999938964844,221.91000366210938,212.52999877929688,221.30999755859375,146911600.0,,,,,,,,,,,,,,,,,,,,,,,,,
2023-06-07,TSLA,,,,,224.57000732421875,,228.0,230.8300018310547,223.1999969482422,224.57000732421875,185710800.0,,,,,,,,,,,,,,,,,,,,,,,,,
2023-06-08,TSLA,,,,,234.86000061035156,,224.22000122070312,235.22999572753906,223.00999450683594,234.86000061035156,164489700.0,,,,,,,,,,,,,,,,,,,,,,,,,
2023-06-09,TSLA,,,,,244.39999389648438,,249.07000732421875,252.4199981689453,242.02000427246094,244.39999389648438,200242400.0,,,,,,,,,,,,,,,,,,,,,,,,,
2023-06-12,TSLA,,,,,249.8300018310547,,247.94000244140625,250.97000122070312,244.58999633789062,249.8300018310547,150337900.0,,,,,,,,,,,,,,,,,,,,,,,,,
2023-06-13,TSLA,,,,,258.7099914550781,,253.50999450683594,259.67999267578125,251.33999633789062,258.7099914550781,162384300.0,,,,,,,,,,,,,,,,,,,,,,,,,
2023-06-14,TSLA,,,,,256.7900085449219,,260.1700134277344,261.57000732421875,250.5,256.7900085449219,170575500.0,,,,,,,,,,,,,,,,,,,,,,,,,
2023-06-15,TSLA,,,,,255.89999389648438,,248.39999389648438,258.95001220703125,247.2899932861328,255.89999389648438,160171200.0,,,,,,,,,,,,,,,,,,,,,,,,,
2023-06-16,TSLA,,,,,260.5400085449219,,258.9200134277344,263.6000061035156,257.2099914550781,260.5400085449219,167915600.0,,,,,,,,,,,,,,,,,,,,,,,,,
2023-06-20,TSLA,,,,,274.45001220703125,,261.5,274.75,261.1199951171875,274.45001220703125,165611200.0,,,,,,,,,,,,,,,,,,,,,,,,,
2023-06-21,TSLA,,,,,259.4599914550781,,275.1300048828125,276.989990234375,257.7799987792969,259.4599914550781,211797100.0,,,,,,,,,,,,,,,,,,,,,,,,,
2023-06-22,TSLA,,,,,264.6099853515625,,250.77000427246094,265.0,248.25,264.6099853515625,166875900.0,,,,,,,,,,,,,,,,,,,,,,,,,
2023-06-23,TSLA,,,,,256.6000061035156,,259.2900085449219,262.45001220703125,252.8000030517578,256.6000061035156,177460800.0,,,,,,,,,,,,,,,,,,,,,,,,,
2023-06-26,TSLA,,,,,241.0500030517578,,250.07000732421875,258.3699951171875,240.6999969482422,241.0500030517578,179990600.0,,,,,,,,,,,,,,,,,,,,,,,,,
2023-06-27,TSLA,,,,,250.2100067138672,,243.24000549316406,250.38999938964844,240.85000610351562,250.2100067138672,164968200.0,,,,,,,,,,,,,,,,,,,,,,,,,
2023-06-28,TSLA,,,,,256.239990234375,,249.6999969482422,259.8800048828125,248.88999938964844,256.239990234375,159770800.0,,,,,,,,,,,,,,,,,,,,,,,,,
2023-06-29,TSLA,,,,,257.5,,258.0299987792969,260.739990234375,253.61000061035156,257.5,131283400.0,,,,,,,,,,,,,,,,,,,,,,,,,
2023-06-30,TSLA,,,,,261.7699890136719,,260.6000061035156,264.45001220703125,259.8900146484375,261.7699890136719,112620800.0,,,,,,,,,,,,,,,,,,,,,,,,,
2023-07-03,TSLA,,,,,279.82000732421875,,276.489990234375,284.25,275.1099853515625,279.82000732421875,119685900.0,,,,,,,,,,,,,,,,,,,,,,,,,
2023-07-05,TSLA,,,,,282.4800109863281,,278.82000732421875,283.8500061035156,277.6000061035156,282.4800109863281,131530900.0,,,,,,,,,,,,,,,,,,,,,,,,,
2023-07-06,TSLA,,,,,276.5400085449219,,278.0899963378906,279.9700012207031,272.8800048828125,276.5400085449219,120332100.0,,,,,,,,,,,,,,,,,,,,,,,,,
2023-07-07,TSLA,,,,,274.42999267578125,,278.42999267578125,280.7799987792969,273.7699890136719,274.42999267578125,113879200.0,,,,,,,,,,,,,,,,,,,,,,,,,
2023-07-10,TSLA,,,,,269.6099853515625,,276.4700012207031,277.5199890136719,265.1000061035156,269.6099853515625,119425400.0,,,,,,,,,,,,,,,,,,,,,,,,,
2023-07-11,TSLA,,,,,269.7900085449219,,268.6499938964844,270.8999938964844,266.3699951171875,269.7900085449219,91972400.0,,,,,,,,,,,,,,,,,,,,,,,,,
2023-07-12,TSLA,,,,,271.989990234375,,276.3299865722656,276.5199890136719,271.4599914550781,271.989990234375,95672100.0,,,,,,,,,,,,,,,,,,,,,,,,,
2023-07-13,TSLA,,,,,277.8999938964844,,274.5899963378906,279.45001220703125,270.6000061035156,277.8999938964844,112681500.0,,,,,,,,,,,,,,,,,,,,,,,,,
2023-07-14,TSLA,,,,,281.3800048828125,,277.010009765625,285.29998779296875,276.30999755859375,281.3800048828125,120062400.0,,,,,,,,,,,,,,,,,,,,,,,,,
2023-07-17,TSLA,,,,,290.3800048828125,,286.6300048828125,292.2300109863281,283.57000732421875,290.3800048828125,131569600.0,,,,,,,,,,,,,,,,,,,,,,,,,
2023-07-18,TSLA,,,,,293.3399963378906,,290.1499938964844,295.260009765625,286.010009765625,293.3399963378906,112120300.0,,,,,,,,,,,,,,,,,,,,,,,,,
2023-07-19,TSLA,,,,,291.260009765625,,296.0400085449219,299.2900085449219,289.5199890136719,291.260009765625,142355400.0,,,,,,,,,,,,,,,,,,,,,,,,,
2023-07-20,TSLA,,,,,262.8999938964844,,279.55999755859375,280.92999267578125,261.20001220703125,262.8999938964844,175158300.0,,,,,,,,,,,,,,,,,,,,,,,,,
2023-07-21,TSLA,,,,,260.0199890136719,,268.0,268.0,255.8000030517578,260.0199890136719,161796100.0,,,,,,,,,,,,,,,,,,,,,,,,,
2023-07-24,TSLA,,,,,269.05999755859375,,255.85000610351562,269.8500061035156,254.1199951171875,269.05999755859375,136508500.0,,,,,,,,,,,,,,,,,,,,,,,,,
2023-07-25,TSLA,,,,,265.2799987792969,,272.3800048828125,272.8999938964844,265.0,265.2799987792969,112757300.0,,,,,,,,,,,,,,,,,,,,,,,,,
2023-07-26,TSLA,,,,,264.3500061035156,,263.25,268.0400085449219,261.75,264.3500061035156,95856200.0,,,,,,,,,,,,,,,,,,,,,,,,,
2023-07-27,TSLA,,,,,255.7100067138672,,268.30999755859375,269.1300048828125,255.3000030517578,255.7100067138672,103697300.0,,,,,,,,,,,,,,,,,,,,,,,,,
2023-07-28,TSLA,,,,,266.44000244140625,,259.8599853515625,267.25,258.2300109863281,266.44000244140625,111446000.0,,,,,,,,,,,,,,,,,,,,,,,,,
2023-07-31,TSLA,,,,,267.42999267578125,,267.4800109863281,269.0799865722656,263.7799987792969,267.42999267578125,84582200.0,,,,,,,,,,,,,,,,,,,,,,,,,
2023-08-01,TSLA,,,,,261.07000732421875,,266.260009765625,266.4700012207031,260.25,261.07000732421875,83166000.0,,,,,,,,,,,,,,,,,,,,,,,,,
2023-08-02,TSLA,,,,,254.11000061035156,,255.57000732421875,259.5199890136719,250.49000549316406,254.11000061035156,101752900.0,,,,,,,,,,,,,,,,,,,,,,,,,
2023-08-03,TSLA,,,,,259.32000732421875,,252.0399932861328,260.489990234375,252.0,259.32000732421875,97569100.0,,,,,,,,,,,,,,,,,,,,,,,,,
2023-08-04,TSLA,,,,,253.86000061035156,,260.9700012207031,264.7699890136719,253.11000061035156,253.86000061035156,99539900.0,,,,,,,,,,,,,,,,,,,,,,,,,
2023-08-07,TSLA,,,,,251.4499969482422,,251.4499969482422,253.64999389648438,242.75999450683594,251.4499969482422,111097900.0,,,,,,,,,,,,,,,,,,,,,,,,,
2023-08-08,TSLA,,,,,249.6999969482422,,247.4499969482422,250.9199981689453,245.00999450683594,249.6999969482422,96642200.0,,,,,,,,,,,,,,,,,,,,,,,,,
2023-08-09,TSLA,,,,,242.19000244140625,,250.8699951171875,251.10000610351562,241.89999389648438,242.19000244140625,101596300.0,,,,,,,,,,,,,,,,,,,,,,,,,
2023-08-10,TSLA,,,,,245.33999633789062,,245.39999389648438,251.8000030517578,243.0,245.33999633789062,109498600.0,,,,,,,,,,,,,,,,,,,,,,,,,
2023-08-11,TSLA,,,,,242.64999389648438,,241.77000427246094,243.7899932861328,238.02000427246094,242.64999389648438,99038600.0,,,,,,,,,,,,,,,,,,,,,,,,,
2023-08-14,TSLA,,,,,239.75999450683594,,235.6999969482422,240.66000366210938,233.75,239.75999450683594,98595300.0,,,,,,,,,,,,,,,,,,,,,,,,,
2023-08-15,TSLA,,,,,232.9600067138672,,238.72999572753906,240.5,232.61000061035156,232.9600067138672,88197600.0,,,,,,,,,,,,,,,,,,,,,,,,,
2023-08-16,TSLA,,,,,225.60000610351562,,228.02000427246094,233.97000122070312,225.3800048828125,225.60000610351562,112484500.0,,,,,,,,,,,,,,,,,,,,,,,,,
2023-08-17,TSLA,,,,,219.22000122070312,,226.05999755859375,226.74000549316406,218.8300018310547,219.22000122070312,120718400.0,,,,,,,,,,,,,,,,,,,,,,,,,
2023-08-18,TSLA,,,,,215.49000549316406,,214.1199951171875,217.5800018310547,212.36000061035156,215.49000549316406,136276600.0,,,,,,,,,,,,,,,,,,,,,,,,,
2023-08-21,TSLA,,,,,231.27999877929688,,221.5500030517578,232.1300048828125,220.5800018310547,231.27999877929688,135702700.0,,,,,,,,,,,,,,,,,,,,,,,,,
2023-08-22,TSLA,,,,,233.19000244140625,,240.25,240.82000732421875,229.5500030517578,233.19000244140625,130442800.0,,,,,,,,,,,,,,,,,,,,,,,,,
2023-08-23,TSLA,,,,,236.86000061035156,,229.33999633789062,238.97999572753906,229.2899932861328,236.86000061035156,101077600.0,,,,,,,,,,,,,,,,,,,,,,,,,
2023-08-24,TSLA,,,,,230.0399932861328,,238.66000366210938,238.9199981689453,228.17999267578125,230.0399932861328,99777400.0,,,,,,,,,,,,,,,,,,,,,,,,,
2023-08-25,TSLA,,,,,238.58999633789062,,231.30999755859375,239.0,230.35000610351562,238.58999633789062,106612200.0,,,,,,,,,,,,,,,,,,,,,,,,,
2023-08-28,TSLA,,,,,238.82000732421875,,242.5800018310547,244.3800048828125,235.35000610351562,238.82000732421875,107673700.0,,,,,,,,,,,,,,,,,,,,,,,,,
2023-08-29,TSLA,,,,,257.17999267578125,,238.5800018310547,257.4800109863281,237.77000427246094,257.17999267578125,134047600.0,,,,,,,,,,,,,,,,,,,,,,,,,
2023-08-30,TSLA,,,,,256.8999938964844,,254.1999969482422,260.510009765625,250.58999633789062,256.8999938964844,121988400.0,,,,,,,,,,,,,,,,,,,,,,,,,
2023-08-31,TSLA,,,,,258.0799865722656,,255.97999572753906,261.17999267578125,255.0500030517578,258.0799865722656,108861700.0,,,,,,,,,,,,,,,,,,,,,,,,,
2023-09-01,TSLA,,,,,245.00999450683594,,257.260009765625,259.0799865722656,242.00999450683594,245.00999450683594,132541600.0,,,,,,,,,,,,,,,,,,,,,,,,,
2023-09-05,TSLA,,,,,256.489990234375,,245.0,258.0,244.86000061035156,256.489990234375,129469600.0,,,,,,,,,,,,,,,,,,,,,,,,,
2023-09-06,TSLA,,,,,251.9199981689453,,255.13999938964844,255.38999938964844,245.05999755859375,251.9199981689453,116959800.0,,,,,,,,,,,,,,,,,,,,,,,,,
2023-09-07,TSLA,,,,,251.49000549316406,,245.07000732421875,252.80999755859375,243.27000427246094,251.49000549316406,115312900.0,,,,,,,,,,,,,,,,,,,,,,,,,
2023-09-08,TSLA,,,,,248.5,,251.22000122070312,256.5199890136719,246.6699981689453,248.5,118367700.0,,,,,,,,,,,,,,,,,,,,,,,,,
2023-09-11,TSLA,,,,,273.5799865722656,,264.2699890136719,274.8500061035156,260.6099853515625,273.5799865722656,174667900.0,,,,,,,,,,,,,,,,,,,,,,,,,
2023-09-12,TSLA,,,,,267.4800109863281,,270.760009765625,278.3900146484375,266.6000061035156,267.4800109863281,135999900.0,,,,,,,,,,,,,,,,,,,,,,,,,
2023-09-13,TSLA,,,,,271.29998779296875,,270.07000732421875,274.9800109863281,268.1000061035156,271.29998779296875,111673700.0,,,,,,,,,,,,,,,,,,,,,,,,,
2023-09-14,TSLA,,,,,276.0400085449219,,271.32000732421875,276.7099914550781,270.4200134277344,276.0400085449219,107709800.0,,,,,,,,,,,,,,,,,,,,,,,,,
2023-09-15,TSLA,,,,,274.3900146484375,,277.54998779296875,278.9800109863281,271.0,274.3900146484375,133692300.0,,,,,,,,,,,,,,,,,,,,,,,,,
2023-09-18,TSLA,,,,,265.2799987792969,,271.1600036621094,271.44000244140625,263.760009765625,265.2799987792969,101543300.0,,,,,,,,,,,,,,,,,,,,,,,,,
2023-09-19,TSLA,,,,,266.5,,264.3500061035156,267.8500061035156,261.20001220703125,266.5,103704000.0,,,,,,,,,,,,,,,,,,,,,,,,,
2023-09-20,TSLA,,,,,262.5899963378906,,267.0400085449219,273.92999267578125,262.4599914550781,262.5899963378906,122514600.0,,,,,,,,,,,,,,,,,,,,,,,,,
2023-09-21,TSLA,,,,,255.6999969482422,,257.8500061035156,260.8599853515625,254.2100067138672,255.6999969482422,119951500.0,,,,,,,,,,,,,,,,,,,,,,,,,
2023-09-22,TSLA,,,,,244.8800048828125,,257.3999938964844,257.7900085449219,244.47999572753906,244.8800048828125,127524100.0,,,,,,,,,,,,,,,,,,,,,,,,,
2023-09-25,TSLA,,,,,246.99000549316406,,243.3800048828125,247.10000610351562,238.30999755859375,246.99000549316406,104636600.0,,,,,,,,,,,,,,,,,,,,,,,,,
2023-09-26,TSLA,,,,,244.1199951171875,,242.97999572753906,249.5500030517578,241.66000366210938,244.1199951171875,101993600.0,,,,,,,,,,,,,,,,,,,,,,,,,
2023-09-27,TSLA,,,,,240.5,,244.25999450683594,245.3300018310547,234.5800018310547,240.5,136597200.0,,,,,,,,,,,,,,,,,,,,,,,,,
2023-09-28,TSLA,,,,,246.3800048828125,,240.02000427246094,247.5500030517578,238.64999389648438,246.3800048828125,117058900.0,,,,,,,,,,,,,,,,,,,,,,,,,
2023-09-29,TSLA,,,,,250.22000122070312,,250.0,254.77000427246094,246.35000610351562,250.22000122070312,128522700.0,,,,,,,,,,,,,,,,,,,,,,,,,
2023-10-02,TSLA,,,,,251.60000610351562,,244.80999755859375,254.27999877929688,242.6199951171875,251.60000610351562,123810400.0,,,,,,,,,,,,,,,,,,,,,,,,,
2023-10-03,TSLA,,,,,246.52999877929688,,248.61000061035156,250.02000427246094,244.4499969482422,246.52999877929688,101985300.0,,,,,,,,,,,,,,,,,,,,,,,,,
2023-10-04,TSLA,,,,,261.1600036621094,,248.13999938964844,261.8599853515625,247.60000610351562,261.1600036621094,129721600.0,,,,,,,,,,,,,,,,,,,,,,,,,
2023-10-05,TSLA,,,,,260.04998779296875,,260.0,263.6000061035156,256.25,260.04998779296875,119159200.0,,,,,,,,,,,,,,,,,,,,,,,,,
2023-10-06,TSLA,,,,,260.5299987792969,,253.97999572753906,261.6499938964844,250.64999389648438,260.5299987792969,118121800.0,,,,,,,,,,,,,,,,,,,,,,,,,
2023-10-09,TSLA,,,,,259.6700134277344,,255.30999755859375,261.3599853515625,252.0500030517578,259.6700134277344,101377900.0,,,,,,,,,,,,,,,,,,,,,,,,,
2023-10-10,TSLA,,,,,263.6199951171875,,257.75,268.94000244140625,257.6499938964844,263.6199951171875,122656000.0,,,,,,,,,,,,,,,,,,,,,,,,,
2023-10-11,TSLA,,,,,262.989990234375,,266.20001220703125,268.6000061035156,260.8999938964844,262.989990234375,103706300.0,,,,,,,,,,,,,,,,,,,,,,,,,
2023-10-12,TSLA,,,,,258.8699951171875,,262.9200134277344,265.4100036621094,256.6300048828125,258.8699951171875,111508100.0,,,,,,,,,,,,,,,,,,,,,,,,,
2023-10-13,TSLA,,,,,251.1199951171875,,258.8999938964844,259.6000061035156,250.22000122070312,251.1199951171875,102073800.0,,,,,,,,,,,,,,,,,,,,,,,,,
2023-10-16,TSLA,,,,,253.9199981689453,,250.0500030517578,255.39999389648438,248.47999572753906,253.9199981689453,88917200.0,,,,,,,,,,,,,,,,,,,,,,,,,
2023-10-17,TSLA,,,,,254.85000610351562,,250.10000610351562,257.17999267578125,247.0800018310547,254.85000610351562,93562900.0,,,,,,,,,,,,,,,,,,,,,,,,,
2023-10-18,TSLA,,,,,242.67999267578125,,252.6999969482422,254.6300048828125,242.0800018310547,242.67999267578125,125147800.0,,,,,,,,,,,,,,,,,,,,,,,,,
2023-10-19,TSLA,,,,,220.11000061035156,,225.9499969482422,230.61000061035156,216.77999877929688,220.11000061035156,170772700.0,,,,,,,,,,,,,,,,,,,,,,,,,
2023-10-20,TSLA,,,,,211.99000549316406,,217.00999450683594,218.86000061035156,210.4199981689453,211.99000549316406,138010100.0,,,,,,,,,,,,,,,,,,,,,,,,,
2023-10-23,TSLA,,,,,212.0800018310547,,210.0,216.97999572753906,202.50999450683594,212.0800018310547,150683400.0,,,,,,,,,,,,,,,,,,,,,,,,,
2023-10-24,TSLA,,,,,216.52000427246094,,216.5,222.0500030517578,214.11000061035156,216.52000427246094,118231100.0,,,,,,,,,,,,,,,,,,,,,,,,,
2023-10-25,TSLA,,,,,212.4199981689453,,215.8800048828125,220.10000610351562,212.1999969482422,212.4199981689453,107065100.0,,,,,,,,,,,,,,,,,,,,,,,,,
2023-10-26,TSLA,,,,,205.75999450683594,,211.32000732421875,214.8000030517578,204.8800048828125,205.75999450683594,115112600.0,,,,,,,,,,,,,,,,,,,,,,,,,
2023-10-27,TSLA,,,,,207.3000030517578,,210.60000610351562,212.41000366210938,205.77000427246094,207.3000030517578,94881200.0,,,,,,,,,,,,,,,,,,,,,,,,,
2023-10-30,TSLA,,,,,197.36000061035156,,209.27999877929688,210.8800048828125,194.6699981689453,197.36000061035156,136448200.0,,,,,,,,,,,,,,,,,,,,,,,,,
2023-10-31,TSLA,,,,,200.83999633789062,,196.1199951171875,202.8000030517578,194.07000732421875,200.83999633789062,118068300.0,,,,,,,,,,,,,,,,,,,,,,,,,
2023-11-01,TSLA,,,,,205.66000366210938,,204.0399932861328,205.99000549316406,197.85000610351562,205.66000366210938,121661700.0,,,,,,,,,,,,,,,,,,,,,,,,,
2023-11-02,TSLA,,,,,218.50999450683594,,212.97000122070312,219.1999969482422,211.4499969482422,218.50999450683594,125987600.0,,,,,,,,,,,,,,,,,,,,,,,,,
2023-11-03,TSLA,,,,,219.9600067138672,,221.14999389648438,226.3699951171875,218.39999389648438,219.9600067138672,119534800.0,,,,,,,,,,,,,,,,,,,,,,,,,
2023-11-06,TSLA,,,,,219.27000427246094,,223.97999572753906,226.32000732421875,215.0,219.27000427246094,117335800.0,,,,,,,,,,,,,,,,,,,,,,,,,
2023-11-07,TSLA,,,,,222.17999267578125,,219.97999572753906,223.1199951171875,215.72000122070312,222.17999267578125,116900100.0,,,,,,,,,,,,,,,,,,,,,,,,,
2023-11-08,TSLA,,,,,222.11000061035156,,223.14999389648438,224.14999389648438,217.63999938964844,222.11000061035156,106584800.0,,,,,,,,,,,,,,,,,,,,,,,,,
2023-11-09,TSLA,,,,,209.97999572753906,,219.75,220.8000030517578,206.67999267578125,209.97999572753906,142110500.0,,,,,,,,,,,,,,,,,,,,,,,,,
2023-11-10,TSLA,,,,,214.64999389648438,,210.02999877929688,215.3800048828125,205.69000244140625,214.64999389648438,130994000.0,,,,,,,,,,,,,,,,,,,,,,,,,
2023-11-13,TSLA,,,,,223.7100067138672,,215.60000610351562,225.39999389648438,211.61000061035156,223.7100067138672,140447600.0,,,,,,,,,,,,,,,,,,,,,,,,,
2023-11-14,TSLA,,,,,237.41000366210938,,235.02999877929688,238.13999938964844,230.72000122070312,237.41000366210938,149771600.0,,,,,,,,,,,,,,,,,,,,,,,,,
2023-11-15,TSLA,,,,,242.83999633789062,,239.2899932861328,246.6999969482422,236.4499969482422,242.83999633789062,150354000.0,,,,,,,,,,,,,,,,,,,,,,,,,
2023-11-16,TSLA,,,,,233.58999633789062,,239.49000549316406,240.8800048828125,230.9600067138672,233.58999633789062,136816800.0,,,,,,,,,,,,,,,,,,,,,,,,,
2023-11-17,TSLA,,,,,234.3000030517578,,232.0,237.38999938964844,226.5399932861328,234.3000030517578,142532800.0,,,,,,,,,,,,,,,,,,,,,,,,,
2023-11-20,TSLA,,,,,235.60000610351562,,234.0399932861328,237.10000610351562,231.02000427246094,235.60000610351562,116320100.0,,,,,,,,,,,,,,,,,,,,,,,,,
2023-11-21,TSLA,,,,,241.1999969482422,,235.0399932861328,243.6199951171875,233.33999633789062,241.1999969482422,122288000.0,,,,,,,,,,,,,,,,,,,,,,,,,
2023-11-22,TSLA,,,,,234.2100067138672,,242.0399932861328,244.00999450683594,231.39999389648438,234.2100067138672,117950600.0,,,,,,,,,,,,,,,,,,,,,,,,,
2023-11-24,TSLA,,,,,235.4499969482422,,233.75,238.75,232.3300018310547,235.4499969482422,65125200.0,,,,,,,,,,,,,,,,,,,,,,,,,
2023-11-27,TSLA,,,,,236.0800018310547,,236.88999938964844,238.3300018310547,232.10000610351562,236.0800018310547,112031800.0,,,,,,,,,,,,,,,,,,,,,,,,,
2023-11-28,TSLA,,,,,246.72000122070312,,236.67999267578125,247.0,234.00999450683594,246.72000122070312,148549900.0,,,,,,,,,,,,,,,,,,,,,,,,,
2023-11-29,TSLA,,,,,244.13999938964844,,249.2100067138672,252.75,242.75999450683594,244.13999938964844,135401300.0,,,,,,,,,,,,,,,,,,,,,,,,,
2023-11-30,TSLA,,,,,240.0800018310547,,245.13999938964844,245.22000122070312,236.91000366210938,240.0800018310547,132353200.0,,,,,,,,,,,,,,,,,,,,,,,,,
2023-12-01,TSLA,,,,,238.8300018310547,,233.13999938964844,240.19000244140625,231.89999389648438,238.8300018310547,121331700.0,,,,,,,,,,,,,,,,,,,,,,,,,
2023-12-04,TSLA,,,,,235.5800018310547,,235.75,239.3699951171875,233.2899932861328,235.5800018310547,104099800.0,,,,,,,,,,,,,,,,,,,,,,,,,
2023-12-05,TSLA,,,,,238.72000122070312,,233.8699951171875,246.66000366210938,233.6999969482422,238.72000122070312,137971100.0,,,,,,,,,,,,,,,,,,,,,,,,,
2023-12-06,TSLA,,,,,239.3699951171875,,242.9199981689453,246.57000732421875,239.1699981689453,239.3699951171875,126436200.0,,,,,,,,,,,,,,,,,,,,,,,,,
2023-12-07,TSLA,,,,,242.63999938964844,,241.5500030517578,244.0800018310547,236.97999572753906,242.63999938964844,107142300.0,,,,,,,,,,,,,,,,,,,,,,,,,
2023-12-08,TSLA,,,,,243.83999633789062,,240.27000427246094,245.27000427246094,239.27000427246094,243.83999633789062,103126800.0,,,,,,,,,,,,,,,,,,,,,,,,,
2023-12-11,TSLA,,,,,239.74000549316406,,242.74000549316406,243.44000244140625,237.4499969482422,239.74000549316406,97913900.0,,,,,,,,,,,,,,,,,,,,,,,,,
2023-12-12,TSLA,,,,,237.00999450683594,,238.5500030517578,238.99000549316406,233.8699951171875,237.00999450683594,95328300.0,,,,,,,,,,,,,,,,,,,,,,,,,
2023-12-13,TSLA,,,,,239.2899932861328,,234.19000244140625,240.3000030517578,228.1999969482422,239.2899932861328,146286300.0,,,,,,,,,,,,,,,,,,,,,,,,,
2023-12-14,TSLA,,,,,251.0500030517578,,241.22000122070312,253.8800048828125,240.7899932861328,251.0500030517578,160829200.0,,,,,,,,,,,,,,,,,,,,,,,,,
2023-12-15,TSLA,,,,,253.5,,251.2100067138672,254.1300048828125,248.3000030517578,253.5,135932800.0,,,,,,,,,,,,,,,,,,,,,,,,,
2023-12-18,TSLA,,,,,252.0800018310547,,253.77999877929688,258.739990234375,251.36000061035156,252.0800018310547,116416500.0,,,,,,,,,,,,,,,,,,,,,,,,,
2023-12-19,TSLA,,,,,257.2200012207031,,253.47999572753906,258.3399963378906,253.00999450683594,257.2200012207031,106737400.0,,,,,,,,,,,,,,,,,,,,,,,,,
2023-12-20,TSLA,,,,,247.13999938964844,,256.4100036621094,259.8399963378906,247.0,247.13999938964844,125097000.0,,,,,,,,,,,,,,,,,,,,,,,,,
2023-12-21,TSLA,,,,,254.5,,251.89999389648438,254.8000030517578,248.5500030517578,254.5,109594200.0,,,,,,,,,,,,,,,,,,,,,,,,,
2023-12-22,TSLA,,,,,252.5399932861328,,256.760009765625,258.2200012207031,251.3699951171875,252.5399932861328,93370100.0,,,,,,,,,,,,,,,,,,,,,,,,,
2023-12-26,TSLA,,,,,256.6099853515625,,254.49000549316406,257.9700012207031,252.91000366210938,256.6099853515625,86892400.0,,,,,,,,,,,,,,,,,,,,,,,,,
2023-12-27,TSLA,,,,,261.44000244140625,,258.3500061035156,263.3399963378906,257.5199890136719,261.44000244140625,106494400.0,,,,,,,,,,,,,,,,,,,,,,,,,
2023-12-28,TSLA,,,,,253.17999267578125,,263.6600036621094,265.1300048828125,252.7100067138672,253.17999267578125,113619900.0,,,,,,,,,,,,,,,,,,,,,,,,,
2023-12-29,TSLA,,,,,248.47999572753906,,255.10000610351562,255.19000244140625,247.42999267578125,248.47999572753906,100891600.0,,,,,,,,,,,,,,,,,,,,,,,,,
2024-01-02,TSLA,,,,,248.4199981689453,,250.0800018310547,251.25,244.41000366210938,248.4199981689453,104654200.0,,,,,,,,,,,,,,,,,,,,,,,,,
2024-01-03,TSLA,,,,,238.4499969482422,,244.97999572753906,245.67999267578125,236.32000732421875,238.4499969482422,121082600.0,,,,,,,,,,,,,,,,,,,,,,,,,
2024-01-04,TSLA,,,,,237.92999267578125,,239.25,242.6999969482422,237.72999572753906,237.92999267578125,102629300.0,,,,,,,,,,,,,,,,,,,,,,,,,
2024-01-05,TSLA,,,,,237.49000549316406,,236.86000061035156,240.1199951171875,234.89999389648438,237.49000549316406,92488900.0,,,,,,,,,,,,,,,,,,,,,,,,,
2024-01-08,TSLA,,,,,240.4499969482422,,236.13999938964844,241.25,235.3000030517578,240.4499969482422,85166600.0,,,,,,,,,,,,,,,,,,,,,,,,,
2024-01-09,TSLA,,,,,234.9600067138672,,238.11000061035156,238.9600067138672,232.0399932861328,234.9600067138672,96705700.0,,,,,,,,,,,,,,,,,,,,,,,,,
2024-01-10,TSLA,,,,,233.94000244140625,,235.10000610351562,235.5,231.2899932861328,233.94000244140625,91628500.0,,,,,,,,,,,,,,,,,,,,,,,,,
2024-01-11,TSLA,,,,,227.22000122070312,,230.57000732421875,230.92999267578125,225.3699951171875,227.22000122070312,105873600.0,,,,,,,,,,,,,,,,,,,,,,,,,
2024-01-12,TSLA,,,,,218.88999938964844,,220.0800018310547,225.33999633789062,217.14999389648438,218.88999938964844,123043800.0,,,,,,,,,,,,,,,,,,,,,,,,,
2024-01-16,TSLA,,,,,219.91000366210938,,215.10000610351562,223.49000549316406,212.17999267578125,219.91000366210938,115355000.0,,,,,,,,,,,,,,,,,,,,,,,,,
2024-01-17,TSLA,,,,,215.5500030517578,,214.86000061035156,215.6699981689453,212.00999450683594,215.5500030517578,103164400.0,,,,,,,,,,,,,,,,,,,,,,,,,
2024-01-18,TSLA,,,,,211.8800048828125,,216.8800048828125,217.4499969482422,208.74000549316406,211.8800048828125,108595400.0,,,,,,,,,,,,,,,,,,,,,,,,,
2024-01-19,TSLA,,,,,212.19000244140625,,209.99000549316406,213.19000244140625,207.55999755859375,212.19000244140625,102260300.0,,,,,,,,,,,,,,,,,,,,,,,,,
2024-01-22,TSLA,,,,,208.8000030517578,,212.25999450683594,217.8000030517578,206.27000427246094,208.8000030517578,117952500.0,,,,,,,,,,,,,,,,,,,,,,,,,
2024-01-23,TSLA,,,,,209.13999938964844,,211.3000030517578,215.64999389648438,207.75,209.13999938964844,106605900.0,,,,,,,,,,,,,,,,,,,,,,,,,
2024-01-24,TSLA,,,,,207.8300018310547,,211.8800048828125,212.72999572753906,206.77000427246094,207.8300018310547,123369900.0,,,,,,,,,,,,,,,,,,,,,,,,,
2024-01-25,TSLA,,,,,182.6300048828125,,189.6999969482422,193.0,180.05999755859375,182.6300048828125,198076800.0,,,,,,,,,,,,,,,,,,,,,,,,,
2024-01-26,TSLA,,,,,183.25,,185.5,186.77999877929688,182.10000610351562,183.25,107343200.0,,,,,,,,,,,,,,,,,,,,,,,,,
2024-01-29,TSLA,,,,,190.92999267578125,,185.6300048828125,191.47999572753906,183.6699981689453,190.92999267578125,125013100.0,,,,,,,,,,,,,,,,,,,,,,,,,
2024-01-30,TSLA,,,,,191.58999633789062,,195.3300018310547,196.36000061035156,190.61000061035156,191.58999633789062,109982300.0,,,,,,,,,,,,,,,,,,,,,,,,,
2024-01-31,TSLA,,,,,187.2899932861328,,187.0,193.97000122070312,185.85000610351562,187.2899932861328,103221400.0,,,,,,,,,,,,,,,,,,,,,,,,,
2024-02-01,TSLA,,,,,188.86000061035156,,188.5,189.8800048828125,184.27999877929688,188.86000061035156,91843300.0,,,,,,,,,,,,,,,,,,,,,,,,,
2024-02-02,TSLA,,,,,187.91000366210938,,185.0399932861328,188.69000244140625,182.0,187.91000366210938,110612700.0,,,,,,,,,,,,,,,,,,,,,,,,,
2024-02-05,TSLA,,,,,181.05999755859375,,184.25999450683594,184.67999267578125,175.00999450683594,181.05999755859375,134294400.0,,,,,,,,,,,,,,,,,,,,,,,,,
2024-02-06,TSLA,,,,,185.10000610351562,,177.2100067138672,186.49000549316406,177.11000061035156,185.10000610351562,122676000.0,,,,,,,,,,,,,,,,,,,,,,,,,
2024-02-07,TSLA,,,,,187.5800018310547,,188.17999267578125,189.7899932861328,182.67999267578125,187.5800018310547,111535200.0,,,,,,,,,,,,,,,,,,,,,,,,,
2024-02-08,TSLA,,,,,189.55999755859375,,189.0,191.6199951171875,185.5800018310547,189.55999755859375,83034000.0,,,,,,,,,,,,,,,,,,,,,,,,,
2024-02-09,TSLA,,,,,193.57000732421875,,190.17999267578125,194.1199951171875,189.47999572753906,193.57000732421875,84476300.0,,,,,,,,,,,,,,,,,,,,,,,,,
2024-02-12,TSLA,,,,,188.1300048828125,,192.11000061035156,194.72999572753906,187.27999877929688,188.1300048828125,95498600.0,,,,,,,,,,,,,,,,,,,,,,,,,
2024-02-13,TSLA,,,,,184.02000427246094,,183.99000549316406,187.25999450683594,182.11000061035156,184.02000427246094,86759500.0,,,,,,,,,,,,,,,,,,,,,,,,,
2024-02-14,TSLA,,,,,188.7100067138672,,185.3000030517578,188.88999938964844,183.35000610351562,188.7100067138672,81203000.0,,,,,,,,,,,,,,,,,,,,,,,,,
2024-02-15,TSLA,,,,,200.4499969482422,,189.16000366210938,200.8800048828125,188.86000061035156,200.4499969482422,120831800.0,,,,,,,,,,,,,,,,,,,,,,,,,
2024-02-16,TSLA,,,,,199.9499969482422,,202.05999755859375,203.1699981689453,197.39999389648438,199.9499969482422,111346700.0,,,,,,,,,,,,,,,,,,,,,,,,,
2024-02-20,TSLA,,,,,193.75999450683594,,196.1300048828125,198.60000610351562,189.1300048828125,193.75999450683594,104545800.0,,,,,,,,,,,,,,,,,,,,,,,,,
2024-02-21,TSLA,,,,,194.77000427246094,,193.36000061035156,199.44000244140625,191.9499969482422,194.77000427246094,103500300.0,,,,,,,,,,,,,,,,,,,,,,,,,
2024-02-22,TSLA,,,,,197.41000366210938,,194.0,198.32000732421875,191.36000061035156,197.41000366210938,92739500.0,,,,,,,,,,,,,,,,,,,,,,,,,
2024-02-23,TSLA,,,,,191.97000122070312,,195.30999755859375,197.57000732421875,191.5,191.97000122070312,78841900.0,,,,,,,,,,,,,,,,,,,,,,,,,
2024-02-26,TSLA,,,,,199.39999389648438,,192.2899932861328,201.77999877929688,192.0,199.39999389648438,111747100.0,,,,,,,,,,,,,,,,,,,,,,,,,
2024-02-27,TSLA,,,,,199.72999572753906,,204.0399932861328,205.60000610351562,198.25999450683594,199.72999572753906,108645400.0,,,,,,,,,,,,,,,,,,,,,,,,,
2024-02-28,TSLA,,,,,202.0399932861328,,200.4199981689453,205.3000030517578,198.44000244140625,202.0399932861328,99806200.0,,,,,,,,,,,,,,,,,,,,,,,,,
2024-02-29,TSLA,,,,,201.8800048828125,,204.17999267578125,205.27999877929688,198.4499969482422,201.8800048828125,85907000.0,,,,,,,,,,,,,,,,,,,,,,,,,
2024-03-01,TSLA,,,,,202.63999938964844,,200.52000427246094,204.52000427246094,198.5,202.63999938964844,82243100.0,,,,,,,,,,,,,,,,,,,,,,,,,
2024-03-04,TSLA,,,,,188.13999938964844,,198.72999572753906,199.75,186.72000122070312,188.13999938964844,134334900.0,,,,,,,,,,,,,,,,,,,,,,,,,
2024-03-05,TSLA,,,,,180.74000549316406,,183.0500030517578,184.58999633789062,177.57000732421875,180.74000549316406,119660800.0,,,,,,,,,,,,,,,,,,,,,,,,,
2024-03-06,TSLA,,,,,176.5399932861328,,179.99000549316406,181.5800018310547,173.6999969482422,176.5399932861328,107920900.0,,,,,,,,,,,,,,,,,,,,,,,,,
2024-03-07,TSLA,,,,,178.64999389648438,,174.35000610351562,180.0399932861328,173.6999969482422,178.64999389648438,102129000.0,,,,,,,,,,,,,,,,,,,,,,,,,
2024-03-08,TSLA,,,,,175.33999633789062,,181.5,182.72999572753906,174.6999969482422,175.33999633789062,85544600.0,,,,,,,,,,,,,,,,,,,,,,,,,
2024-03-11,TSLA,,,,,177.77000427246094,,175.4499969482422,182.8699951171875,174.8000030517578,177.77000427246094,85391500.0,,,,,,,,,,,,,,,,,,,,,,,,,
2024-03-12,TSLA,,,,,177.5399932861328,,177.77000427246094,179.42999267578125,172.41000366210938,177.5399932861328,87391700.0,,,,,,,,,,,,,,,,,,,,,,,,,
2024-03-13,TSLA,,,,,169.47999572753906,,173.0500030517578,176.0500030517578,169.14999389648438,169.47999572753906,106524500.0,,,,,,,,,,,,,,,,,,,,,,,,,
2024-03-14,TSLA,,,,,162.5,,167.77000427246094,171.1699981689453,160.50999450683594,162.5,126325700.0,,,,,,,,,,,,,,,,,,,,,,,,,
2024-03-15,TSLA,,,,,163.57000732421875,,163.16000366210938,165.17999267578125,160.75999450683594,163.57000732421875,97146800.0,,,,,,,,,,,,,,,,,,,,,,,,,
2024-03-18,TSLA,,,,,173.8000030517578,,170.02000427246094,174.72000122070312,165.89999389648438,173.8000030517578,108214400.0,,,,,,,,,,,,,,,,,,,,,,,,,
2024-03-19,TSLA,,,,,171.32000732421875,,172.36000061035156,172.82000732421875,167.4199981689453,171.32000732421875,77271400.0,,,,,,,,,,,,,,,,,,,,,,,,,
2024-03-20,TSLA,,,,,175.66000366210938,,173.0,176.25,170.82000732421875,175.66000366210938,83846700.0,,,,,,,,,,,,,,,,,,,,,,,,,
2024-03-21,TSLA,,,,,172.82000732421875,,176.38999938964844,178.17999267578125,171.8000030517578,172.82000732421875,73178000.0,,,,,,,,,,,,,,,,,,,,,,,,,
2024-03-22,TSLA,,,,,170.8300018310547,,166.69000244140625,171.1999969482422,166.3000030517578,170.8300018310547,75580600.0,,,,,,,,,,,,,,,,,,,,,,,,,
2024-03-25,TSLA,,,,,172.6300048828125,,168.75999450683594,175.24000549316406,168.72999572753906,172.6300048828125,74228600.0,,,,,,,,,,,,,,,,,,,,,,,,,
2024-03-26,TSLA,,,,,177.6699981689453,,178.5800018310547,184.25,177.3800048828125,177.6699981689453,113186200.0,,,,,,,,,,,,,,,,,,,,,,,,,
2024-03-27,TSLA,,,,,179.8300018310547,,181.41000366210938,181.91000366210938,176.0,179.8300018310547,81804000.0,,,,,,,,,,,,,,,,,,,,,,,,,
2024-03-28,TSLA,,,,,175.7899932861328,,177.4499969482422,179.57000732421875,175.3000030517578,175.7899932861328,77654800.0,,,,,,,,,,,,,,,,,,,,,,,,,
2024-04-01,TSLA,,,,,175.22000122070312,,176.1699981689453,176.75,170.2100067138672,175.22000122070312,81562100.0,,,,,,,,,,,,,,,,,,,,,,,,,
2024-04-02,TSLA,,,,,166.6300048828125,,164.75,167.69000244140625,163.42999267578125,166.6300048828125,116650600.0,,,,,,,,,,,,,,,,,,,,,,,,,
2024-04-03,TSLA,,,,,168.3800048828125,,164.02000427246094,168.82000732421875,163.27999877929688,168.3800048828125,82950100.0,,,,,,,,,,,,,,,,,,,,,,,,,
2024-04-04,TSLA,,,,,171.11000061035156,,170.07000732421875,177.19000244140625,168.00999450683594,171.11000061035156,123162000.0,,,,,,,,,,,,,,,,,,,,,,,,,
2024-04-05,TSLA,,,,,164.89999389648438,,169.0800018310547,170.86000061035156,160.50999450683594,164.89999389648438,143157600.0,,,,,,,,,,,,,,,,,,,,,,,,,
2024-04-08,TSLA,,,,,172.97999572753906,,169.33999633789062,174.5,167.7899932861328,172.97999572753906,104423300.0,,,,,,,,,,,,,,,,,,,,,,,,,
2024-04-09,TSLA,,,,,176.8800048828125,,172.91000366210938,179.22000122070312,171.9199981689453,176.8800048828125,102951700.0,,,,,,,,,,,,,,,,,,,,,,,,,
2024-04-10,TSLA,,,,,171.75999450683594,,173.0399932861328,174.92999267578125,170.00999450683594,171.75999450683594,84532400.0,,,,,,,,,,,,,,,,,,,,,,,,,
2024-04-11,TSLA,,,,,174.60000610351562,,172.5500030517578,175.8800048828125,168.50999450683594,174.60000610351562,94516000.0,,,,,,,,,,,,,,,,,,,,,,,,,
2024-04-12,TSLA,,,,,171.0500030517578,,172.33999633789062,173.80999755859375,170.36000061035156,171.0500030517578,64722700.0,,,,,,,,,,,,,,,,,,,,,,,,,
2024-04-15,TSLA,,,,,161.47999572753906,,170.24000549316406,170.69000244140625,161.3800048828125,161.47999572753906,100245300.0,,,,,,,,,,,,,,,,,,,,,,,,,
2024-04-16,TSLA,,,,,157.11000061035156,,156.74000549316406,158.19000244140625,153.75,157.11000061035156,97000000.0,,,,,,,,,,,,,,,,,,,,,,,,,
2024-04-17,TSLA,,,,,155.4499969482422,,157.63999938964844,158.3300018310547,153.77999877929688,155.4499969482422,82439700.0,,,,,,,,,,,,,,,,,,,,,,,,,
2024-04-18,TSLA,,,,,149.92999267578125,,151.25,152.1999969482422,148.6999969482422,149.92999267578125,96098800.0,,,,,,,,,,,,,,,,,,,,,,,,,
2024-04-19,TSLA,,,,,147.0500030517578,,148.97000122070312,150.94000244140625,146.22000122070312,147.0500030517578,87074500.0,,,,,,,,,,,,,,,,,,,,,,,,,
2024-04-22,TSLA,,,,,142.0500030517578,,140.55999755859375,144.44000244140625,138.8000030517578,142.0500030517578,107097600.0,,,,,,,,,,,,,,,,,,,,,,,,,
2024-04-23,TSLA,,,,,144.67999267578125,,143.3300018310547,147.25999450683594,141.11000061035156,144.67999267578125,124545100.0,,,,,,,,,,,,,,,,,,,,,,,,,
2024-04-24,TSLA,,,,,162.1300048828125,,162.83999633789062,167.97000122070312,157.50999450683594,162.1300048828125,181178000.0,,,,,,,,,,,,,,,,,,,,,,,,,
2024-04-25,TSLA,,,,,170.17999267578125,,158.9600067138672,170.8800048828125,158.36000061035156,170.17999267578125,126427500.0,,,,,,,,,,,,,,,,,,,,,,,,,
2024-04-26,TSLA,,,,,168.2899932861328,,168.85000610351562,172.1199951171875,166.3699951171875,168.2899932861328,109815700.0,,,,,,,,,,,,,,,,,,,,,,,,,
2024-04-29,TSLA,,,,,194.0500030517578,,188.4199981689453,198.8699951171875,184.5399932861328,194.0500030517578,243869700.0,,,,,,,,,,,,,,,,,,,,,,,,,
2024-04-30,TSLA,,,,,183.27999877929688,,186.97999572753906,190.9499969482422,182.83999633789062,183.27999877929688,127031800.0,,,,,,,,,,,,,,,,,,,,,,,,,
2024-05-01,TSLA,,,,,179.99000549316406,,182.0,185.86000061035156,179.00999450683594,179.99000549316406,92829700.0,,,,,,,,,,,,,,,,,,,,,,,,,
2024-05-02,TSLA,,,,,180.00999450683594,,182.86000061035156,184.60000610351562,176.02000427246094,180.00999450683594,89148000.0,,,,,,,,,,,,,,,,,,,,,,,,,
2024-05-03,TSLA,,,,,181.19000244140625,,182.10000610351562,184.77999877929688,178.4199981689453,181.19000244140625,75491500.0,,,,,,,,,,,,,,,,,,,,,,,,,
2024-05-06,TSLA,,,,,184.75999450683594,,183.8000030517578,187.55999755859375,182.1999969482422,184.75999450683594,84390300.0,,,,,,,,,,,,,,,,,,,,,,,,,
2024-05-07,TSLA,,,,,177.80999755859375,,182.39999389648438,183.25999450683594,177.39999389648438,177.80999755859375,75045900.0,,,,,,,,,,,,,,,,,,,,,,,,,
2024-05-08,TSLA,,,,,174.72000122070312,,171.58999633789062,176.05999755859375,170.14999389648438,174.72000122070312,79969500.0,,,,,,,,,,,,,,,,,,,,,,,,,
2024-05-09,TSLA,,,,,171.97000122070312,,175.00999450683594,175.6199951171875,171.3699951171875,171.97000122070312,65950300.0,,,,,,,,,,,,,,,,,,,,,,,,,
2024-05-10,TSLA,,,,,168.47000122070312,,173.0500030517578,173.05999755859375,167.75,168.47000122070312,72627200.0,,,,,,,,,,,,,,,,,,,,,,,,,
2024-05-13,TSLA,,,,,171.88999938964844,,170.0,175.39999389648438,169.0,171.88999938964844,67018900.0,,,,,,,,,,,,,,,,,,,,,,,,,
2024-05-14,TSLA,,,,,177.5500030517578,,174.5,179.49000549316406,174.07000732421875,177.5500030517578,86407400.0,,,,,,,,,,,,,,,,,,,,,,,,,
2024-05-15,TSLA,,,,,173.99000549316406,,179.89999389648438,180.0,173.11000061035156,173.99000549316406,79663000.0,,,,,,,,,,,,,,,,,,,,,,,,,
2024-05-16,TSLA,,,,,174.83999633789062,,174.10000610351562,175.7899932861328,171.42999267578125,174.83999633789062,59812200.0,,,,,,,,,,,,,,,,,,,,,,,,,
2024-05-17,TSLA,,,,,177.4600067138672,,173.5500030517578,179.6300048828125,172.75,177.4600067138672,77445800.0,,,,,,,,,,,,,,,,,,,,,,,,,
2024-05-20,TSLA,,,,,174.9499969482422,,177.55999755859375,177.75,173.52000427246094,174.9499969482422,61727400.0,,,,,,,,,,,,,,,,,,,,,,,,,
2024-05-21,TSLA,,,,,186.60000610351562,,175.50999450683594,186.8800048828125,174.7100067138672,186.60000610351562,115266500.0,,,,,,,,,,,,,,,,,,,,,,,,,
2024-05-22,TSLA,,,,,180.11000061035156,,182.85000610351562,183.8000030517578,178.1199951171875,180.11000061035156,88313500.0,,,,,,,,,,,,,,,,,,,,,,,,,
2024-05-23,TSLA,,,,,173.74000549316406,,181.8000030517578,181.89999389648438,173.25999450683594,173.74000549316406,71975500.0,,,,,,,,,,,,,,,,,,,,,,,,,
2024-05-24,TSLA,,,,,179.24000549316406,,174.83999633789062,180.0800018310547,173.72999572753906,179.24000549316406,65584500.0,,,,,,,,,,,,,,,,,,,,,,,,,
2024-05-28,TSLA,,,,,176.75,,176.39999389648438,178.25,173.16000366210938,176.75,59736600.0,,,,,,,,,,,,,,,,,,,,,,,,,
2024-05-29,TSLA,,,,,176.19000244140625,,174.19000244140625,178.14999389648438,173.92999267578125,176.19000244140625,54782600.0,,,,,,,,,,,,,,,,,,,,,,,,,
2024-05-30,TSLA,,,,,178.7899932861328,,178.5800018310547,182.6699981689453,175.3800048828125,178.7899932861328,77618400.0,,,,,,,,,,,,,,,,,,,,,,,,,
2024-05-31,TSLA,,,,,178.0800018310547,,178.5,180.32000732421875,173.82000732421875,178.0800018310547,67314600.0,,,,,,,,,,,,,,,,,,,,,,,,,
2024-06-03,TSLA,,,,,176.2899932861328,,178.1300048828125,182.63999938964844,174.49000549316406,176.2899932861328,68568900.0,,,,,,,,,,,,,,,,,,,,,,,,,
2024-06-04,TSLA,,,,,174.77000427246094,,174.77999877929688,177.75999450683594,174.0,174.77000427246094,60056300.0,,,,,,,,,,,,,,,,,,,,,,,,,
2024-06-05,TSLA,,,,,175.0,,175.35000610351562,176.14999389648438,172.1300048828125,175.0,57953800.0,,,,,,,,,,,,,,,,,,,,,,,,,
2024-06-06,TSLA,,,,,177.94000244140625,,174.60000610351562,179.72999572753906,172.72999572753906,177.94000244140625,69887000.0,,,,,,,,,,,,,,,,,,,,,,,,,
2024-06-07,TSLA,,,,,177.47999572753906,,176.1300048828125,179.35000610351562,175.5800018310547,177.47999572753906,56244900.0,,,,,,,,,,,,,,,,,,,,,,,,,
2024-06-10,TSLA,,,,,173.7899932861328,,176.05999755859375,178.57000732421875,173.1699981689453,173.7899932861328,50774600.0,,,,,,,,,,,,,,,,,,,,,,,,,
2024-06-11,TSLA,,,,,170.66000366210938,,173.9199981689453,174.75,167.41000366210938,170.66000366210938,64761900.0,,,,,,,,,,,,,,,,,,,,,,,,,
2024-06-12,TSLA,,,,,177.2899932861328,,171.1199951171875,180.5500030517578,169.8000030517578,177.2899932861328,90389400.0,,,,,,,,,,,,,,,,,,,,,,,,,
2024-06-13,TSLA,,,,,182.47000122070312,,188.38999938964844,191.0800018310547,181.22999572753906,182.47000122070312,118984100.0,,,,,,,,,,,,,,,,,,,,,,,,,
2024-06-14,TSLA,,,,,178.00999450683594,,185.8000030517578,186.0,176.9199981689453,178.00999450683594,82038200.0,,,,,,,,,,,,,,,,,,,,,,,,,
2024-06-17,TSLA,,,,,187.44000244140625,,177.9199981689453,188.80999755859375,177.0,187.44000244140625,109786100.0,,,,,,,,,,,,,,,,,,,,,,,,,
2024-06-18,TSLA,,,,,184.86000061035156,,186.55999755859375,187.1999969482422,182.3699951171875,184.86000061035156,68982300.0,,,,,,,,,,,,,,,,,,,,,,,,,
2024-06-20,TSLA,,,,,181.57000732421875,,184.67999267578125,185.2100067138672,179.66000366210938,181.57000732421875,55893100.0,,,,,,,,,,,,,,,,,,,,,,,,,
2024-06-21,TSLA,,,,,183.00999450683594,,182.3000030517578,183.9499969482422,180.69000244140625,183.00999450683594,61937300.0,,,,,,,,,,,,,,,,,,,,,,,,,
2024-06-24,TSLA,,,,,182.5800018310547,,184.97000122070312,188.8000030517578,182.5500030517578,182.5800018310547,61992100.0,,,,,,,,,,,,,,,,,,,,,,,,,
2024-06-25,TSLA,,,,,187.35000610351562,,184.39999389648438,187.97000122070312,182.00999450683594,187.35000610351562,62905700.0,,,,,,,,,,,,,,,,,,,,,,,,,
2024-06-26,TSLA,,,,,196.3699951171875,,186.5399932861328,197.75999450683594,186.36000061035156,196.3699951171875,95737100.0,,,,,,,,,,,,,,,,,,,,,,,,,
2024-06-27,TSLA,,,,,197.4199981689453,,195.1699981689453,198.72000122070312,194.0500030517578,197.4199981689453,72746500.0,,,,,,,,,,,,,,,,,,,,,,,,,
2024-06-28,TSLA,,,,,197.8800048828125,,199.5500030517578,203.1999969482422,195.25999450683594,197.8800048828125,95438100.0,,,,,,,,,,,,,,,,,,,,,,,,,
2024-07-01,TSLA,,,,,209.86000061035156,,201.02000427246094,213.22999572753906,200.85000610351562,209.86000061035156,135691400.0,,,,,,,,,,,,,,,,,,,,,,,,,
2024-07-02,TSLA,,,,,231.25999450683594,,218.88999938964844,231.3000030517578,218.05999755859375,231.25999450683594,205047900.0,,,,,,,,,,,,,,,,,,,,,,,,,
2024-07-03,TSLA,,,,,246.38999938964844,,234.55999755859375,248.35000610351562,234.25,246.38999938964844,166561500.0,,,,,,,,,,,,,,,,,,,,,,,,,
2024-07-05,TSLA,,,,,251.52000427246094,,249.80999755859375,252.3699951171875,242.4600067138672,251.52000427246094,154501200.0,,,,,,,,,,,,,,,,,,,,,,,,,
2024-07-08,TSLA,,,,,252.94000244140625,,247.7100067138672,259.44000244140625,244.57000732421875,252.94000244140625,157219600.0,,,,,,,,,,,,,,,,,,,,,,,,,
2024-07-09,TSLA,,,,,262.3299865722656,,251.0,265.6099853515625,250.3000030517578,262.3299865722656,160210900.0,,,,,,,,,,,,,,,,,,,,,,,,,
2024-07-10,TSLA,,,,,263.260009765625,,262.79998779296875,267.5899963378906,257.8599853515625,263.260009765625,128519400.0,,,,,,,,,,,,,,,,,,,,,,,,,
2024-07-11,TSLA,,,,,241.02999877929688,,263.29998779296875,271.0,239.64999389648438,241.02999877929688,221707300.0,,,,,,,,,,,,,,,,,,,,,,,,,
2024-07-12,TSLA,,,,,248.22999572753906,,235.8000030517578,251.83999633789062,233.08999633789062,248.22999572753906,155955800.0,,,,,,,,,,,,,,,,,,,,,,,,,
2024-07-15,TSLA,,,,,252.63999938964844,,255.97000122070312,265.6000061035156,251.72999572753906,252.63999938964844,146912900.0,,,,,,,,,,,,,,,,,,,,,,,,,
2024-07-16,TSLA,,,,,256.55999755859375,,255.30999755859375,258.6199951171875,245.8000030517578,256.55999755859375,126332500.0,,,,,,,,,,,,,,,,,,,,,,,,,
2024-07-17,TSLA,,,,,248.5,,252.72999572753906,258.4700012207031,246.17999267578125,248.5,115584800.0,,,,,,,,,,,,,,,,,,,,,,,,,
2024-07-18,TSLA,,,,,249.22999572753906,,251.08999633789062,257.1400146484375,247.1999969482422,249.22999572753906,110869000.0,,,,,,,,,,,,,,,,,,,,,,,,,
2024-07-19,TSLA,,,,,239.1999969482422,,247.7899932861328,249.44000244140625,236.8300018310547,239.1999969482422,87403900.0,,,,,,,,,,,,,,,,,,,,,,,,,
2024-07-22,TSLA,,,,,251.50999450683594,,244.2100067138672,253.2100067138672,243.75,251.50999450683594,101225400.0,,,,,,,,,,,,,,,,,,,,,,,,,
2024-07-23,TSLA,,,,,246.3800048828125,,253.60000610351562,255.75999450683594,245.6300048828125,246.3800048828125,111928200.0,,,,,,,,,,,,,,,,,,,,,,,,,
2024-07-24,TSLA,,,,,215.99000549316406,,225.4199981689453,225.99000549316406,214.7100067138672,215.99000549316406,167942900.0,,,,,,,,,,,,,,,,,,,,,,,,,
2024-07-25,TSLA,,,,,220.25,,216.8000030517578,226.0,216.22999572753906,220.25,100636500.0,,,,,,,,,,,,,,,,,,,,,,,,,
2024-07-26,TSLA,,,,,219.8000030517578,,221.19000244140625,222.27999877929688,215.3300018310547,219.8000030517578,94604100.0,,,,,,,,,,,,,,,,,,,,,,,,,
2024-07-29,TSLA,,,,,232.10000610351562,,224.89999389648438,234.27000427246094,224.6999969482422,232.10000610351562,129201800.0,,,,,,,,,,,,,,,,,,,,,,,,,
2024-07-30,TSLA,,,,,222.6199951171875,,232.25,232.41000366210938,220.0,222.6199951171875,100560300.0,,,,,,,,,,,,,,,,,,,,,,,,,
2024-07-31,TSLA,,,,,232.07000732421875,,227.89999389648438,234.67999267578125,226.7899932861328,232.07000732421875,67497000.0,,,,,,,,,,,,,,,,,,,,,,,,,
2024-08-01,TSLA,,,,,216.86000061035156,,227.69000244140625,231.8699951171875,214.3300018310547,216.86000061035156,83861900.0,,,,,,,,,,,,,,,,,,,,,,,,,
2024-08-02,TSLA,,,,,207.6699981689453,,214.8800048828125,216.1300048828125,205.77999877929688,207.6699981689453,82880100.0,,,,,,,,,,,,,,,,,,,,,,,,,
2024-08-05,TSLA,,,,,198.8800048828125,,185.22000122070312,203.8800048828125,182.0,198.8800048828125,100308800.0,,,,,,,,,,,,,,,,,,,,,,,,,
2024-08-06,TSLA,,,,,200.63999938964844,,200.75,202.89999389648438,192.6699981689453,200.63999938964844,73783900.0,,,,,,,,,,,,,,,,,,,,,,,,,
2024-08-07,TSLA,,,,,191.75999450683594,,200.77000427246094,203.49000549316406,191.47999572753906,191.75999450683594,71159800.0,,,,,,,,,,,,,,,,,,,,,,,,,
2024-08-08,TSLA,,,,,198.83999633789062,,195.6999969482422,200.6999969482422,192.0399932861328,198.83999633789062,65033900.0,,,,,,,,,,,,,,,,,,,,,,,,,
2024-08-09,TSLA,,,,,200.0,,197.0500030517578,200.8800048828125,195.11000061035156,200.0,58648300.0,,,,,,,,,,,,,,,,,,,,,,,,,
2024-08-12,TSLA,,,,,197.49000549316406,,199.02000427246094,199.25999450683594,194.6699981689453,197.49000549316406,64044900.0,,,,,,,,,,,,,,,,,,,,,,,,,
2024-08-13,TSLA,,,,,207.8300018310547,,198.47000122070312,208.49000549316406,197.05999755859375,207.8300018310547,76247400.0,,,,,,,,,,,,,,,,,,,,,,,,,
2024-08-14,TSLA,,,,,201.3800048828125,,207.38999938964844,208.44000244140625,198.75,201.3800048828125,70250000.0,,,,,,,,,,,,,,,,,,,,,,,,,
2024-08-15,TSLA,,,,,214.13999938964844,,205.02000427246094,215.8800048828125,204.82000732421875,214.13999938964844,89848500.0,,,,,,,,,,,,,,,,,,,,,,,,,
2024-08-16,TSLA,,,,,216.1199951171875,,211.14999389648438,219.8000030517578,210.8000030517578,216.1199951171875,88765100.0,,,,,,,,,,,,,,,,,,,,,,,,,
2024-08-19,TSLA,,,,,222.72000122070312,,217.07000732421875,222.97999572753906,214.08999633789062,222.72000122070312,76435200.0,,,,,,,,,,,,,,,,,,,,,,,,,
2024-08-20,TSLA,,,,,221.10000610351562,,224.8800048828125,228.22000122070312,219.55999755859375,221.10000610351562,74001200.0,,,,,,,,,,,,,,,,,,,,,,,,,
2024-08-21,TSLA,,,,,223.27000427246094,,222.6699981689453,224.66000366210938,218.86000061035156,223.27000427246094,70146000.0,,,,,,,,,,,,,,,,,,,,,,,,,
2024-08-22,TSLA,,,,,210.66000366210938,,223.82000732421875,224.8000030517578,210.32000732421875,210.66000366210938,79514500.0,,,,,,,,,,,,,,,,,,,,,,,,,
2024-08-23,TSLA,,,,,220.32000732421875,,214.4600067138672,221.47999572753906,214.2100067138672,220.32000732421875,81525200.0,,,,,,,,,,,,,,,,,,,,,,,,,
2024-08-26,TSLA,,,,,213.2100067138672,,218.75,219.08999633789062,211.00999450683594,213.2100067138672,59301200.0,,,,,,,,,,,,,,,,,,,,,,,,,
2024-08-27,TSLA,,,,,209.2100067138672,,213.25,215.66000366210938,206.94000244140625,209.2100067138672,62821400.0,,,,,,,,,,,,,,,,,,,,,,,,,
2024-08-28,TSLA,,,,,205.75,,209.72000122070312,211.83999633789062,202.58999633789062,205.75,64116400.0,,,,,,,,,,,,,,,,,,,,,,,,,
2024-08-29,TSLA,,,,,206.27999877929688,,209.8000030517578,214.88999938964844,205.97000122070312,206.27999877929688,62308800.0,,,,,,,,,,,,,,,,,,,,,,,,,
2024-08-30,TSLA,,,,,214.11000061035156,,208.6300048828125,214.57000732421875,207.02999877929688,214.11000061035156,63370600.0,,,,,,,,,,,,,,,,,,,,,,,,,
2024-09-03,TSLA,,,,,210.60000610351562,,215.25999450683594,219.89999389648438,209.63999938964844,210.60000610351562,76714200.0,,,,,,,,,,,,,,,,,,,,,,,,,
2024-09-04,TSLA,,,,,219.41000366210938,,210.58999633789062,222.22000122070312,210.57000732421875,219.41000366210938,80651800.0,,,,,,,,,,,,,,,,,,,,,,,,,
2024-09-05,TSLA,,,,,230.1699981689453,,223.49000549316406,235.0,222.25,230.1699981689453,119355000.0,,,,,,,,,,,,,,,,,,,,,,,,,
2024-09-06,TSLA,,,,,210.72999572753906,,232.60000610351562,233.60000610351562,210.50999450683594,210.72999572753906,112177000.0,,,,,,,,,,,,,,,,,,,,,,,,,
2024-09-09,TSLA,,,,,216.27000427246094,,216.1999969482422,219.8699951171875,213.6699981689453,216.27000427246094,67443500.0,,,,,,,,,,,,,,,,,,,,,,,,,
2024-09-10,TSLA,,,,,226.1699981689453,,220.07000732421875,226.39999389648438,218.63999938964844,226.1699981689453,78891100.0,,,,,,,,,,,,,,,,,,,,,,,,,
2024-09-11,TSLA,,,,,228.1300048828125,,224.5500030517578,228.47000122070312,216.8000030517578,228.1300048828125,83548600.0,,,,,,,,,,,,,,,,,,,,,,,,,
2024-09-12,TSLA,,,,,229.80999755859375,,224.66000366210938,231.4499969482422,223.8300018310547,229.80999755859375,71894900.0,,,,,,,,,,,,,,,,,,,,,,,,,
2024-09-13,TSLA,,,,,230.2899932861328,,228.0,232.6699981689453,226.32000732421875,230.2899932861328,59515100.0,,,,,,,,,,,,,,,,,,,,,,,,,
2024-09-16,TSLA,,,,,226.77999877929688,,229.3000030517578,229.9600067138672,223.52999877929688,226.77999877929688,54323000.0,,,,,,,,,,,,,,,,,,,,,,,,,
2024-09-17,TSLA,,,,,227.8699951171875,,229.4499969482422,234.57000732421875,226.5500030517578,227.8699951171875,66761600.0,,,,,,,,,,,,,,,,,,,,,,,,,
2024-09-18,TSLA,,,,,227.1999969482422,,230.08999633789062,235.67999267578125,226.8800048828125,227.1999969482422,78010200.0,,,,,,,,,,,,,,,,,,,,,,,,,
2024-09-19,TSLA,,,,,243.9199981689453,,234.0,244.24000549316406,232.1300048828125,243.9199981689453,102694600.0,,,,,,,,,,,,,,,,,,,,,,,,,
2024-09-20,TSLA,,,,,238.25,,241.52000427246094,243.99000549316406,235.9199981689453,238.25,99879100.0,,,,,,,,,,,,,,,,,,,,,,,,,
2024-09-23,TSLA,,,,,250.0,,242.61000061035156,250.0,241.9199981689453,250.0,86927200.0,,,,,,,,,,,,,,,,,,,,,,,,,
2024-09-24,TSLA,,,,,254.27000427246094,,254.0800018310547,257.19000244140625,249.0500030517578,254.27000427246094,88491000.0,,,,,,,,,,,,,,,,,,,,,,,,,
2024-09-25,TSLA,,,,,257.0199890136719,,252.5399932861328,257.04998779296875,252.27999877929688,257.0199890136719,65034300.0,,,,,,,,,,,,,,,,,,,,,,,,,
2024-09-26,TSLA,,,,,254.22000122070312,,260.6000061035156,261.75,251.52999877929688,254.22000122070312,67142200.0,,,,,,,,,,,,,,,,,,,,,,,,,
2024-09-27,TSLA,,,,,260.4599914550781,,257.3800048828125,260.70001220703125,254.1199951171875,260.4599914550781,70988100.0,,,,,,,,,,,,,,,,,,,,,,,,,
2024-09-30,TSLA,,,,,261.6300048828125,,259.0400085449219,264.8599853515625,255.77000427246094,261.6300048828125,80705700.0,,,,,,,,,,,,,,,,,,,,,,,,,
2024-10-01,TSLA,,,,,258.0199890136719,,262.6700134277344,263.9800109863281,248.52999877929688,258.0199890136719,87397600.0,,,,,,,,,,,,,,,,,,,,,,,,,
2024-10-02,TSLA,,,,,249.02000427246094,,247.5500030517578,251.16000366210938,241.5,249.02000427246094,93983900.0,,,,,,,,,,,,,,,,,,,,,,,,,
2024-10-03,TSLA,,,,,240.66000366210938,,244.47999572753906,249.7899932861328,237.80999755859375,240.66000366210938,80729200.0,,,,,,,,,,,,,,,,,,,,,,,,,
2024-10-04,TSLA,,,,,250.0800018310547,,246.69000244140625,250.9600067138672,244.5800018310547,250.0800018310547,86573200.0,,,,,,,,,,,,,,,,,,,,,,,,,
2024-10-07,TSLA,,,,,240.8300018310547,,249.0,249.8300018310547,240.6999969482422,240.8300018310547,68113300.0,,,,,,,,,,,,,,,,,,,,,,,,,
2024-10-08,TSLA,,,,,244.5,,243.55999755859375,246.2100067138672,240.55999755859375,244.5,56303200.0,,,,,,,,,,,,,,,,,,,,,,,,,
2024-10-09,TSLA,,,,,241.0500030517578,,243.82000732421875,247.42999267578125,239.50999450683594,241.0500030517578,66289500.0,,,,,,,,,,,,,,,,,,,,,,,,,
2024-10-10,TSLA,,,,,238.77000427246094,,241.80999755859375,242.7899932861328,232.33999633789062,238.77000427246094,83087100.0,,,,,,,,,,,,,,,,,,,,,,,,,
2024-10-11,TSLA,,,,,217.8000030517578,,220.1300048828125,223.33999633789062,214.3800048828125,217.8000030517578,142628900.0,,,,,,,,,,,,,,,,,,,,,,,,,
2024-10-14,TSLA,,,,,219.16000366210938,,220.1300048828125,221.91000366210938,213.74000549316406,219.16000366210938,86291900.0,,,,,,,,,,,,,,,,,,,,,,,,,
2024-10-15,TSLA,,,,,219.57000732421875,,220.00999450683594,224.25999450683594,217.1199951171875,219.57000732421875,62988800.0,,,,,,,,,,,,,,,,,,,,,,,,,
2024-10-16,TSLA,,,,,221.3300018310547,,221.39999389648438,222.82000732421875,218.92999267578125,221.3300018310547,49632800.0,,,,,,,,,,,,,,,,,,,,,,,,,
2024-10-17,TSLA,,,,,220.88999938964844,,221.58999633789062,222.0800018310547,217.89999389648438,220.88999938964844,50791800.0,,,,,,,,,,,,,,,,,,,,,,,,,
2024-10-18,TSLA,,,,,220.6999969482422,,220.7100067138672,222.27999877929688,219.22999572753906,220.6999969482422,49611900.0,,,,,,,,,,,,,,,,,,,,,,,,,
2024-10-21,TSLA,,,,,218.85000610351562,,218.89999389648438,220.47999572753906,215.72999572753906,218.85000610351562,47329000.0,,,,,,,,,,,,,,,,,,,,,,,,,
2024-10-22,TSLA,,,,,217.97000122070312,,217.30999755859375,218.22000122070312,215.25999450683594,217.97000122070312,43268700.0,,,,,,,,,,,,,,,,,,,,,,,,,
2024-10-23,TSLA,,,,,213.64999389648438,,217.1300048828125,218.72000122070312,212.11000061035156,213.64999389648438,80938900.0,,,,,,,,,,,,,,,,,,,,,,,,,
2024-10-24,TSLA,,,,,260.4800109863281,,244.67999267578125,262.1199951171875,242.64999389648438,260.4800109863281,204491900.0,,,,,,,,,,,,,,,,,,,,,,,,,
2024-10-25,TSLA,,,,,269.19000244140625,,256.010009765625,269.489990234375,255.32000732421875,269.19000244140625,161611900.0,,,,,,,,,,,,,,,,,,,,,,,,,
2024-10-28,TSLA,,,,,262.510009765625,,270.0,273.5400085449219,262.239990234375,262.510009765625,107653600.0,,,,,,,,,,,,,,,,,,,,,,,,,
2024-10-29,TSLA,,,,,259.5199890136719,,264.510009765625,264.9800109863281,255.50999450683594,259.5199890136719,80521800.0,,,,,,,,,,,,,,,,,,,,,,,,,
2024-10-30,TSLA,,,,,257.54998779296875,,258.0400085449219,263.3500061035156,255.82000732421875,257.54998779296875,53993600.0,,,,,,,,,,,,,,,,,,,,,,,,,
2024-10-31,TSLA,,,,,249.85000610351562,,257.989990234375,259.75,249.25,249.85000610351562,66575300.0,,,,,,,,,,,,,,,,,,,,,,,,,
2024-11-01,TSLA,,,,,248.97999572753906,,252.0399932861328,254.0,246.6300048828125,248.97999572753906,57544800.0,,,,,,,,,,,,,,,,,,,,,,,,,
2024-11-04,TSLA,,,,,242.83999633789062,,244.55999755859375,248.89999389648438,238.8800048828125,242.83999633789062,68802400.0,,,,,,,,,,,,,,,,,,,,,,,,,
2024-11-05,TSLA,,,,,251.44000244140625,,247.33999633789062,255.27999877929688,246.2100067138672,251.44000244140625,69282500.0,,,,,,,,,,,,,,,,,,,,,,,,,
2024-11-06,TSLA,,,,,288.5299987792969,,284.6700134277344,289.5899963378906,275.6199951171875,288.5299987792969,165228700.0,,,,,,,,,,,,,,,,,,,,,,,,,
2024-11-07,TSLA,,,,,296.9100036621094,,288.8900146484375,299.75,285.5199890136719,296.9100036621094,117309200.0,,,,,,,,,,,,,,,,,,,,,,,,,
2024-11-08,TSLA,,,,,321.2200012207031,,299.1400146484375,328.7099914550781,297.6600036621094,321.2200012207031,204782800.0,,,,,,,,,,,,,,,,,,,,,,,,,
2024-11-11,TSLA,,,,,350.0,,346.29998779296875,358.6400146484375,336.0,350.0,210521600.0,,,,,,,,,,,,,,,,,,,,,,,,,
2024-11-12,TSLA,,,,,328.489990234375,,342.739990234375,345.8399963378906,323.30999755859375,328.489990234375,155726000.0,,,,,,,,,,,,,,,,,,,,,,,,,
2024-11-13,TSLA,,,,,330.239990234375,,335.8500061035156,344.6000061035156,322.5,330.239990234375,125405600.0,,,,,,,,,,,,,,,,,,,,,,,,,
2024-11-14,TSLA,,,,,311.17999267578125,,327.69000244140625,329.9800109863281,310.3699951171875,311.17999267578125,120726100.0,,,,,,,,,,,,,,,,,,,,,,,,,
2024-11-15,TSLA,,,,,320.7200012207031,,310.57000732421875,324.67999267578125,309.2200012207031,320.7200012207031,114440300.0,,,,,,,,,,,,,,,,,,,,,,,,,
2024-11-18,TSLA,,,,,338.739990234375,,340.7300109863281,348.54998779296875,330.010009765625,338.739990234375,126085600.0,,,,,,,,,,,,,,,,,,,,,,,,,
2024-11-19,TSLA,,,,,346.0,,335.760009765625,347.3800048828125,332.75,346.0,88852500.0,,,,,,,,,,,,,,,,,,,,,,,,,
2024-11-20,TSLA,,,,,342.0299987792969,,345.0,346.6000061035156,334.29998779296875,342.0299987792969,66340700.0,,,,,,,,,,,,,,,,,,,,,,,,,
2024-11-21,TSLA,,,,,339.6400146484375,,343.80999755859375,347.989990234375,335.2799987792969,339.6400146484375,58011700.0,,,,,,,,,,,,,,,,,,,,,,,,,
2024-11-22,TSLA,,,,,352.55999755859375,,341.0899963378906,361.5299987792969,337.70001220703125,352.55999755859375,89140700.0,,,,,,,,,,,,,,,,,,,,,,,,,
2024-11-25,TSLA,,,,,338.5899963378906,,360.1400146484375,361.92999267578125,338.20001220703125,338.5899963378906,95890900.0,,,,,,,,,,,,,,,,,,,,,,,,,
2024-11-26,TSLA,,,,,338.2300109863281,,341.0,346.9599914550781,335.6600036621094,338.2300109863281,62295900.0,,,,,,,,,,,,,,,,,,,,,,,,,
2024-11-27,TSLA,,,,,332.8900146484375,,341.79998779296875,342.54998779296875,326.5899963378906,332.8900146484375,57896400.0,,,,,,,,,,,,,,,,,,,,,,,,,
2024-11-29,TSLA,,,,,345.1600036621094,,336.0799865722656,345.45001220703125,334.6499938964844,345.1600036621094,37167600.0,,,,,,,,,,,,,,,,,,,,,,,,,
2024-12-02,TSLA,,,,,357.0899963378906,,352.3800048828125,360.0,351.1499938964844,357.0899963378906,77986500.0,,,,,,,,,,,,,,,,,,,,,,,,,
2024-12-03,TSLA,,,,,351.4200134277344,,351.79998779296875,355.69000244140625,348.20001220703125,351.4200134277344,58267200.0,,,,,,,,,,,,,,,,,,,,,,,,,
2024-12-04,TSLA,,,,,357.92999267578125,,353.0,358.1000061035156,348.6000061035156,357.92999267578125,50810900.0,,,,,,,,,,,,,,,,,,,,,,,,,
2024-12-05,TSLA,,,,,369.489990234375,,359.8699951171875,375.42999267578125,359.5,369.489990234375,81403600.0,,,,,,,,,,,,,,,,,,,,,,,,,
2024-12-06,TSLA,,,,,389.2200012207031,,377.4200134277344,389.489990234375,370.79998779296875,389.2200012207031,81455800.0,,,,,,,,,,,,,,,,,,,,,,,,,
2024-12-09,TSLA,,,,,389.7900085449219,,397.6099853515625,404.79998779296875,378.010009765625,389.7900085449219,96359200.0,,,,,,,,,,,,,,,,,,,,,,,,,
2024-12-10,TSLA,,,,,400.989990234375,,392.67999267578125,409.7300109863281,390.8500061035156,400.989990234375,97563600.0,,,,,,,,,,,,,,,,,,,,,,,,,
2024-12-11,TSLA,,,,,424.7699890136719,,409.70001220703125,424.8800048828125,402.3800048828125,424.7699890136719,104287600.0,,,,,,,,,,,,,,,,,,,,,,,,,
2024-12-12,TSLA,,,,,418.1000061035156,,424.8399963378906,429.29998779296875,415.0,418.1000061035156,87752200.0,,,,,,,,,,,,,,,,,,,,,,,,,
2024-12-13,TSLA,,,,,436.2300109863281,,420.0,436.29998779296875,415.7099914550781,436.2300109863281,89000200.0,,,,,,,,,,,,,,,,,,,,,,,,,
2024-12-16,TSLA,,,,,463.0199890136719,,441.0899963378906,463.19000244140625,436.1499938964844,463.0199890136719,114083800.0,,,,,,,,,,,,,,,,,,,,,,,,,
2024-12-17,TSLA,,,,,479.8599853515625,,475.8999938964844,483.989990234375,457.510009765625,479.8599853515625,131223000.0,,,,,,,,,,,,,,,,,,,,,,,,,
2024-12-18,TSLA,,,,,440.1300048828125,,466.5,488.5400085449219,427.010009765625,440.1300048828125,149340800.0,,,,,,,,,,,,,,,,,,,,,,,,,
2024-12-19,TSLA,,,,,436.1700134277344,,451.8800048828125,456.3599853515625,420.0199890136719,436.1700134277344,118566100.0,,,,,,,,,,,,,,,,,,,,,,,,,
2024-12-20,TSLA,,,,,421.05999755859375,,425.510009765625,447.0799865722656,417.6400146484375,421.05999755859375,132216200.0,,,,,,,,,,,,,,,,,,,,,,,,,
2024-12-23,TSLA,,,,,430.6000061035156,,431.0,434.510009765625,415.4100036621094,430.6000061035156,72698100.0,,,,,,,,,,,,,,,,,,,,,,,,,
2024-12-24,TSLA,,,,,462.2799987792969,,435.8999938964844,462.7799987792969,435.1400146484375,462.2799987792969,59551800.0,,,,,,,,,,,,,,,,,,,,,,,,,
2024-12-26,TSLA,,,,,454.1300048828125,,465.1600036621094,465.3299865722656,451.0199890136719,454.1300048828125,76366400.0,,,,,,,,,,,,,,,,,,,,,,,,,
2024-12-27,TSLA,,,,,431.6600036621094,,449.5199890136719,450.0,426.5,431.6600036621094,82666800.0,,,,,,,,,,,,,,,,,,,,,,,,,
2024-12-30,TSLA,,,,,417.4100036621094,,419.3999938964844,427.0,415.75,417.4100036621094,64941000.0,,,,,,,,,,,,,,,,,,,,,,,,,
2024-12-31,TSLA,,,,,403.8399963378906,,423.7900085449219,427.92999267578125,402.5400085449219,403.8399963378906,76825100.0,,,,,,,,,,,,,,,,,,,,,,,,,
2023-01-03,GOOGL,,,,,88.5095443725586,,,,,,,88.97631857972549,90.4263244711382,87.91364821898763,88.5095443725586,28131200.0,,,,,,,,,,,,,,,,,,,,
2023-01-04,GOOGL,,,,,87.47666931152344,,,,,,,89.73111687687052,90.02906496049344,86.67221251659535,87.47666931152344,34854800.0,,,,,,,,,,,,,,,,,,,,
2023-01-05,GOOGL,,,,,85.60955047607422,,,,,,,86.87085556560174,86.97016907744491,85.31160994054471,85.60955047607422,27194400.0,,,,,,,,,,,,,,,,,,,,
2023-01-06,GOOGL,,,,,86.7417221069336,,,,,,,86.19549412333996,87.08933068765106,84.27871421542477,86.7417221069336,41381500.0,,,,,,,,,,,,,,,,,,,,
2023-01-09,GOOGL,,,,,87.41706848144531,,,,,,,87.75474345560666,89.4331695495465,87.25816840553064,87.41706848144531,29003900.0,,,,,,,,,,,,,,,,,,,,
2023-01-10,GOOGL,,,,,87.8143310546875,,,,,,,85.3910499346821,88.06261858260312,85.24207590250592,87.8143310546875,30467800.0,,,,,,,,,,,,,,,,,,,,
2023-01-11,GOOGL,,,,,90.8930892944336,,,,,,,88.56912181311864,90.97254311699143,88.40028812303342,90.8930892944336,26862000.0,,,,,,,,,,,,,,,,,,,,
2023-01-12,GOOGL,,,,,90.50576782226562,,,,,,,90.85337642641241,91.24070436753142,89.13522338270101,90.50576782226562,30258100.0,,,,,,,,,,,,,,,,,,,,
2023-01-13,GOOGL,,,,,91.48899841308594,,,,,,,90.22769342607428,91.55851862343924,89.5126240755062,91.48899841308594,26329200.0,,,,,,,,,,,,,,,,,,,,
2023-01-17,GOOGL,,,,,90.66468811035156,,,,,,,91.42941047632274,91.6181114503346,89.43318391001537,90.66468811035156,32602400.0,,,,,,,,,,,,,,,,,,,,
2023-01-18,GOOGL,,,,,90.49583435058594,,,,,,,91.50884405720113,92.16432672046598,90.019118997563,90.49583435058594,29116700.0,,,,,,,,,,,,,,,,,,,,
2023-01-19,GOOGL,,,,,92.4126205444336,,,,,,,90.09857897517838,92.96878218001514,90.00919152538334,92.4126205444336,37000400.0,,,,,,,,,,,,,,,,,,,,
2023-01-20,GOOGL,,,,,97.34857177734375,,,,,,,94.44857523506278,97.62666017673301,94.36912140666584,97.34857177734375,63191100.0,,,,,,,,,,,,,,,,,,,,
2023-01-23,GOOGL,,,,,99.10646057128906,,,,,,,97.27906024097814,99.35474812430549,96.8321456764025,99.10646057128906,40005100.0,,,,,,,,,,,,,,,,,,,,
2023-01-24,GOOGL,,,,,97.03076934814453,,,,,,,97.42803093472394,98.9276898249223,96.5341942592039,97.03076934814453,33078500.0,,,,,,,,,,,,,,,,,,,,
2023-01-25,GOOGL,,,,,94.5677490234375,,,,,,,94.91535002569492,95.50131249561478,93.1177508589254,94.5677490234375,42330000.0,,,,,,,,,,,,,,,,,,,,
2023-01-26,GOOGL,,,,,96.85199737548828,,,,,,,95.83898757649443,96.90165791285827,94.7266567027606,96.85199737548828,30114000.0,,,,,,,,,,,,,,,,,,,,
2023-01-27,GOOGL,,,,,98.6893310546875,,,,,,,96.6434366363265,99.63282064646212,96.6434366363265,98.6893310546875,33879800.0,,,,,,,,,,,,,,,,,,,,
2023-01-30,GOOGL,,,,,96.2759780883789,,,,,,,96.8122800793185,97.61672927716072,95.73967609743931,96.2759780883789,27226200.0,,,,,,,,,,,,,,,,,,,,
2023-01-31,GOOGL,,,,,98.16295623779297,,,,,,,96.20645682604395,98.20268315266414,96.15679628817142,98.16295623779297,29870700.0,,,,,,,,,,,,,,,,,,,,
2023-02-01,GOOGL,,,,,99.74207305908203,,,,,,,98.03385353408179,100.49686931883123,96.91159655644073,99.74207305908203,35531100.0,,,,,,,,,,,,,,,,,,,,
2023-02-02,GOOGL,,,,,107.00199127197266,,,,,,,105.07528520126132,107.11123839079693,104.88658425472231,107.00199127197266,69883800.0,,,,,,,,,,,,,,,,,,,,
2023-02-03,GOOGL,,,,,104.06227111816406,,,,,,,102.22494486291488,107.07151484914603,101.87734382713276,104.06227111816406,65309300.0,,,,,,,,,,,,,,,,,,,,
2023-02-06,GOOGL,,,,,102.19515228271484,,,,,,,101.69857720610024,103.64515059717341,101.1821348832258,102.19515228271484,31999600.0,,,,,,,,,,,,,,,,,,,,
2023-02-07,GOOGL,,,,,106.90267944335938,,,,,,,102.51295768495851,107.43898142309807,102.413644187333,106.90267944335938,49010200.0,,,,,,,,,,,,,,,,,,,,
2023-02-08,GOOGL,,,,,98.6893310546875,,,,,,,101.35097370371372,102.43350370738915,97.36843956449569,98.6893310546875,94743500.0,,,,,,,,,,,,,,,,,,,,
2023-02-09,GOOGL,,,,,94.35919189453125,,,,,,,99.31500870743477,99.34480199770559,92.988639925003,94.35919189453125,119455000.0,,,,,,,,,,,,,,,,,,,,
2023-02-10,GOOGL,,,,,93.92220306396484,,,,,,,94.79617240940175,96.08727054839915,93.60439534043017,93.92220306396484,54980700.0,,,,,,,,,,,,,,,,,,,,
2023-02-13,GOOGL,,,,,93.96192932128906,,,,,,,94.09103610343493,94.54788422925925,93.19719951937266,93.96192932128906,50076100.0,,,,,,,,,,,,,,,,,,,,
2023-02-14,GOOGL,,,,,94.03145599365234,,,,,,,93.78316845750277,94.20028969972182,91.62803446223668,94.03145599365234,54726100.0,,,,,,,,,,,,,,,,,,,,
2023-02-15,GOOGL,,,,,96.2759780883789,,,,,,,93.84275567149737,96.4547454186921,93.50508825709151,96.2759780883789,50169000.0,,,,,,,,,,,,,,,,,,,,
2023-02-16,GOOGL,,,,,94.85577392578125,,,,,,,94.71673350951889,97.01090795498209,94.09104405920391,94.85577392578125,42462600.0,,,,,,,,,,,,,,,,,,,,
2023-02-17,GOOGL,,,,,93.70370483398438,,,,,,,94.20027985438401,94.90541547409548,92.5715143936439,93.70370483398438,34284100.0,,,,,,,,,,,,,,,,,,,,
2023-02-21,GOOGL,,,,,91.1612548828125,,,,,,,92.36296567753287,92.46227917896354,91.09173467409758,91.1612548828125,33629300.0,,,,,,,,,,,,,,,,,,,,
2023-02-22,GOOGL,,,,,91.022216796875,,,,,,,91.07186976029493,91.4790649768656,89.98933968584355,91.022216796875,30884000.0,,,,,,,,,,,,,,,,,,,,
2023-02-23,GOOGL,,,,,90.26741790771484,,,,,,,91.29036136551639,91.31022861201542,89.14516094882144,90.26741790771484,41206400.0,,,,,,,,,,,,,,,,,,,,
2023-02-24,GOOGL,,,,,88.51947021484375,,,,,,,88.82735191404939,89.27426645106479,87.9732421781732,88.51947021484375,36585100.0,,,,,,,,,,,,,,,,,,,,
2023-02-27,GOOGL,,,,,89.25440216064453,,,,,,,89.25440216064453,89.54241659872595,88.72802624317121,89.25440216064453,27502300.0,,,,,,,,,,,,,,,,,,,,
2023-02-28,GOOGL,,,,,89.44310760498047,,,,,,,88.71811217771574,90.60509913680653,88.70817855378289,89.44310760498047,30142000.0,,,,,,,,,,,,,,,,,,,,
2023-03-01,GOOGL,,,,,89.74105072021484,,,,,,,89.36365638021726,90.40645952118473,89.05577467248298,89.74105072021484,31111200.0,,,,,,,,,,,,,,,,,,,,
2023-03-02,GOOGL,,,,,91.36981964111328,,,,,,,89.04585177857054,91.64790048854901,88.9763239895768,91.36981964111328,32204400.0,,,,,,,,,,,,,,,,,,,,
2023-03-03,GOOGL,,,,,93.00850677490234,,,,,,,91.8465229964728,93.08796060004295,91.81672212919472,93.00850677490234,35160100.0,,,,,,,,,,,,,,,,,,,,
2023-03-06,GOOGL,,,,,94.4783706665039,,,,,,,93.37597339821141,95.31262072930046,93.35611372922939,94.4783706665039,32639300.0,,,,,,,,,,,,,,,,,,,,
2023-03-07,GOOGL,,,,,93.21707916259766,,,,,,,94.32941012372648,95.01467861504145,92.88933777532736,93.21707916259766,27835500.0,,,,,,,,,,,,,,,,,,,,
2023-03-08,GOOGL,,,,,93.6043930053711,,,,,,,93.47528622554559,95.30267869600031,93.35610549076799,93.6043930053711,34103300.0,,,,,,,,,,,,,,,,,,,,
2023-03-09,GOOGL,,,,,91.68761444091797,,,,,,,93.40576740123382,94.87562526615336,91.27049322874895,91.68761444091797,28813500.0,,,,,,,,,,,,,,,,,,,,
2023-03-10,GOOGL,,,,,90.00919342041016,,,,,,,91.53864552759404,92.15440133504755,89.78077313404465,90.00919342041016,35941000.0,,,,,,,,,,,,,,,,,,,,
2023-03-13,GOOGL,,,,,90.48591613769531,,,,,,,89.472898681437,91.93591453341143,88.80748985999631,90.48591613769531,37335600.0,,,,,,,,,,,,,,,,,,,,
2023-03-14,GOOGL,,,,,93.32630920410156,,,,,,,91.9259640296892,93.71363710827234,91.80679087587258,93.32630920410156,36050200.0,,,,,,,,,,,,,,,,,,,,
2023-03-15,GOOGL,,,,,95.45166778564453,,,,,,,92.58146426998951,96.26605065899415,92.00543532668166,95.45166778564453,50622100.0,,,,,,,,,,,,,,,,,,,,
2023-03-16,GOOGL,,,,,99.63282775878906,,,,,,,95.54104620710785,100.49687116053911,94.84584409797657,99.63282775878906,65492000.0,,,,,,,,,,,,,,,,,,,,
2023-03-17,GOOGL,,,,,100.92391967773438,,,,,,,99.57323488486855,102.13555648041809,99.41432722588,100.92391967773438,61028500.0,,,,,,,,,,,,,,,,,,,,
2023-03-20,GOOGL,,,,,100.52666473388672,,,,,,,99.43420102629747,101.05303312899842,99.18591347561197,100.52666473388672,32960400.0,,,,,,,,,,,,,,,,,,,,
2023-03-21,GOOGL,,,,,104.2013168334961,,,,,,,100.55645742962116,104.38008417201192,100.52666413605763,104.2013168334961,42110300.0,,,,,,,,,,,,,,,,,,,,
2023-03-22,GOOGL,,,,,102.66192626953125,,,,,,,103.55575527784055,105.85986315524171,102.62219935716337,102.66192626953125,43427400.0,,,,,,,,,,,,,,,,,,,,
2023-03-23,GOOGL,,,,,104.87665557861328,,,,,,,104.34035358194444,105.5718652382067,103.7444650002461,104.87665557861328,40797800.0,,,,,,,,,,,,,,,,,,,,
2023-03-24,GOOGL,,,,,104.71775817871094,,,,,,,104.27083604812334,104.76741114179761,103.12871181724563,104.71775817871094,30393300.0,,,,,,,,,,,,,,,,,,,,
2023-03-27,GOOGL,,,,,101.75816345214844,,,,,,,103.90337141301279,104.04241182783166,101.23179508502922,101.75816345214844,31120900.0,,,,,,,,,,,,,,,,,,,,
2023-03-28,GOOGL,,,,,100.33795928955078,,,,,,,101.7383046499017,101.74823069594882,99.05679467597474,100.33795928955078,32057900.0,,,,,,,,,,,,,,,,,,,,
2023-03-29,GOOGL,,,,,100.69548797607422,,,,,,,101.57939095840531,101.78795157003168,99.96055902408595,100.69548797607422,28779600.0,,,,,,,,,,,,,,,,,,,,
2023-03-30,GOOGL,,,,,100.19891357421875,,,,,,,100.21878081953102,100.46706834599645,99.09651635054152,100.19891357421875,33086200.0,,,,,,,,,,,,,,,,,,,,
2023-03-31,GOOGL,,,,,103.01946258544922,,,,,,,100.60610755392301,103.17836266038097,100.34788640788328,103.01946258544922,36863400.0,,,,,,,,,,,,,,,,,,,,
2023-04-03,GOOGL,,,,,103.64514923095703,,,,,,,101.68864224254398,103.81398293626825,101.23179408733668,103.64514923095703,25035400.0,,,,,,,,,,,,,,,,,,,,
2023-04-04,GOOGL,,,,,104.00267791748047,,,,,,,103.61534999123135,104.85678759514104,103.32733555786824,104.00267791748047,24420100.0,,,,,,,,,,,,,,,,,,,,
2023-04-05,GOOGL,,,,,103.75440979003906,,,,,,,105.05543421743566,105.3732420003545,102.94996049702411,103.75440979003906,28290500.0,,,,,,,,,,,,,,,,,,,,
2023-04-06,GOOGL,,,,,107.67733764648438,,,,,,,104.53898710670686,108.42220026038169,103.6153571623888,107.67733764648438,48711500.0,,,,,,,,,,,,,,,,,,,,
2023-04-10,GOOGL,,,,,105.71090698242188,,,,,,,106.24720898582663,106.85302362121595,104.39994905536618,105.71090698242188,27067400.0,,,,,,,,,,,,,,,,,,,,
2023-04-11,GOOGL,,,,,104.62837219238281,,,,,,,105.82015698023338,105.99892431955422,103.9629633760187,104.62837219238281,26311800.0,,,,,,,,,,,,,,,,,,,,
2023-04-12,GOOGL,,,,,103.92322540283203,,,,,,,105.84993901307934,106.018772710828,103.62527734328293,103.92322540283203,24370300.0,,,,,,,,,,,,,,,,,,,,
2023-04-13,GOOGL,,,,,106.69412231445312,,,,,,,105.11500961516911,106.75370889955026,105.11500961516911,106.69412231445312,24843600.0,,,,,,,,,,,,,,,,,,,,
2023-04-14,GOOGL,,,,,108.12425231933594,,,,,,,106.15781182005027,108.19377252209617,106.10815128502132,108.12425231933594,26578000.0,,,,,,,,,,,,,,,,,,,,
2023-04-17,GOOGL,,,,,105.2441177368164,,,,,,,103.94309352521483,105.43281868126573,103.80404553968684,105.2441177368164,37571200.0,,,,,,,,,,,,,,,,,,,,
2023-04-18,GOOGL,,,,,103.78418731689453,,,,,,,105.76055392984837,105.81021446659526,103.3571324631272,103.78418731689453,26596400.0,,,,,,,,,,,,,,,,,,,,
2023-04-19,GOOGL,,,,,103.46637725830078,,,,,,,102.87048871639287,104.26090036560062,102.36398004606087,103.46637725830078,20905700.0,,,,,,,,,,,,,,,,,,,,
2023-04-20,GOOGL,,,,,104.56877899169922,,,,,,,103.19823452834045,105.52220221540108,103.15850761354443,104.56877899169922,27820800.0,,,,,,,,,,,,,,,,,,,,
2023-04-21,GOOGL,,,,,104.68797302246094,,,,,,,104.74755961365022,105.27392804151619,104.06228350643256,104.68797302246094,25800100.0,,,,,,,,,,,,,,,,,,,,
2023-04-24,GOOGL,,,,,105.2441177368164,,,,,,,104.76740235294118,105.89959286536913,103.9828128614983,105.2441177368164,23542800.0,,,,,,,,,,,,,,,,,,,,
2023-04-25,GOOGL,,,,,103.13863372802734,,,,,,,105.10507420960258,105.95918387989818,103.12870010568425,103.13863372802734,46664100.0,,,,,,,,,,,,,,,,,,,,
2023-04-26,GOOGL,,,,,102.99959564208984,,,,,,,104.20130635010432,105.62151129178214,101.92699171890646,102.99959564208984,53347600.0,,,,,,,,,,,,,,,,,,,,
2023-04-27,GOOGL,,,,,106.85301971435547,,,,,,,103.73452888709065,107.62768318681694,102.83076620158695,106.85301971435547,50089200.0,,,,,,,,,,,,,,,,,,,,
2023-04-28,GOOGL,,,,,106.60472869873047,,,,,,,106.30678821332904,106.61466232138405,104.37014096111682,106.60472869873047,36139800.0,,,,,,,,,,,,,,,,,,,,
2023-05-01,GOOGL,,,,,106.46569061279297,,,,,,,106.10815596080403,107.2502801225946,106.0882962921976,106.46569061279297,26681700.0,,,,,,,,,,,,,,,,,,,,
2023-05-02,GOOGL,,,,,104.59857177734375,,,,,,,106.4061047175776,106.46569130091618,102.99959945592909,104.59857177734375,30997200.0,,,,,,,,,,,,,,,,,,,,
2023-05-03,GOOGL,,,,,104.68797302246094,,,,,,,104.80714620483953,106.7537198140868,104.24105085713565,104.68797302246094,21795400.0,,,,,,,,,,,,,,,,,,,,
2023-05-04,GOOGL,,,,,103.972900390625,,,,,,,104.76741603130317,104.87666316318085,103.25783101002017,103.972900390625,23419500.0,,,,,,,,,,,,,,,,,,,,
2023-05-05,GOOGL,,,,,104.84686279296875,,,,,,,104.10200016796126,105.1547369199555,103.39686445887698,104.84686279296875,26639300.0,,,,,,,,,,,,,,,,,,,,
2023-05-08,GOOGL,,,,,107.03179168701172,,,,,,,104.45953635489589,107.22049264611049,104.43967668521239,107.03179168701172,26511400.0,,,,,,,,,,,,,,,,,,,,
2023-05-09,GOOGL,,,,,106.61466979980469,,,,,,,107.64754689134159,109.3954933214144,106.45576971187144,106.61466979980469,36360100.0,,,,,,,,,,,,,,,,,,,,
2023-05-10,GOOGL,,,,,110.98452758789062,,,,,,,107.2304212898766,112.16637867324104,107.1906943752199,110.98452758789062,63153400.0,,,,,,,,,,,,,,,,,,,,
2023-05-11,GOOGL,,,,,115.77151489257812,,,,,,,114.60953101340723,117.11226610524719,113.62631446773452,115.77151489257812,78900000.0,,,,,,,,,,,,,,,,,,,,
2023-05-12,GOOGL,,,,,116.705078125,,,,,,,115.88076166873074,117.22151287736642,115.31466637721192,116.705078125,41102300.0,,,,,,,,,,,,,,,,,,,,
2023-05-15,GOOGL,,,,,115.71192169189453,,,,,,,115.31466013159502,117.66842862523404,115.21534663580364,115.71192169189453,36266800.0,,,,,,,,,,,,,,,,,,,,
2023-05-16,GOOGL,,,,,118.69136810302734,,,,,,,115.69205062023809,119.92287207980637,115.63246404016076,118.69136810302734,45035600.0,,,,,,,,,,,,,,,,,,,,
2023-05-17,GOOGL,,,,,120.01226043701172,,,,,,,118.79068999623586,120.83657687966704,118.07562067620398,120.01226043701172,33323600.0,,,,,,,,,,,,,,,,,,,,
2023-05-18,GOOGL,,,,,121.98863220214844,,,,,,,120.12150510967228,122.46534002102402,120.00233194352047,121.98863220214844,35234200.0,,,,,,,,,,,,,,,,,,,,
2023-05-19,GOOGL,,,,,121.91910552978516,,,,,,,122.70369499958592,125.10711636653988,121.31328337686475,121.91910552978516,41353400.0,,,,,,,,,,,,,,,,,,,,
2023-05-22,GOOGL,,,,,124.19342041015625,,,,,,,122.0978731372896,125.56396479141199,121.89923857520877,124.19342041015625,35253000.0,,,,,,,,,,,,,,,,,,,,
2023-05-23,GOOGL,,,,,121.72047424316406,,,,,,,123.30952047024783,123.77629465403467,121.37287322241473,121.72047424316406,34046300.0,,,,,,,,,,,,,,,,,,,,
2023-05-24,GOOGL,,,,,120.07184600830078,,,,,,,120.29034023791623,121.07492970920181,119.0389690173856,120.07184600830078,34182600.0,,,,,,,,,,,,,,,,,,,,
2023-05-25,GOOGL,,,,,122.6341781616211,,,,,,,123.66704760178328,124.46157071574463,121.12458576052133,122.6341781616211,42317000.0,,,,,,,,,,,,,,,,,,,,
2023-05-26,GOOGL,,,,,123.75643920898438,,,,,,,122.32630058666038,124.4019883136242,121.61123127549837,123.75643920898438,35635900.0,,,,,,,,,,,,,,,,,,,,
2023-05-30,GOOGL,,,,,122.8228759765625,,,,,,,124.7793829644057,124.79925021039784,121.16431706152757,122.8228759765625,35076700.0,,,,,,,,,,,,,,,,,,,,
2023-05-31,GOOGL,,,,,122.02835845947266,,,,,,,121.90917771682845,123.210201954541,121.66089018583695,122.02835845947266,37325800.0,,,,,,,,,,,,,,,,,,,,
2023-06-01,GOOGL,,,,,122.8725357055664,,,,,,,121.97869907015976,123.56773776803037,121.78007207435125,122.8725357055664,30772700.0,,,,,,,,,,,,,,,,,,,,
2023-06-02,GOOGL,,,,,123.81602478027344,,,,,,,123.14068238937887,125.28589030532665,122.91226210287383,123.81602478027344,26980100.0,,,,,,,,,,,,,,,,,,,,
2023-06-05,GOOGL,,,,,125.1468505859375,,,,,,,123.16055031668364,126.55712195859554,122.99170903517506,125.1468505859375,32305500.0,,,,,,,,,,,,,,,,,,,,
2023-06-06,GOOGL,,,,,126.43793487548828,,,,,,,125.14684431148484,127.41121771543031,124.5012952409162,126.43793487548828,26638300.0,,,,,,,,,,,,,,,,,,,,
2023-06-07,GOOGL,,,,,121.66088104248047,,,,,,,126.10026297531071,128.15607569719742,121.28348675150453,121.66088104248047,52539000.0,,,,,,,,,,,,,,,,,,,,
2023-06-08,GOOGL,,,,,121.30335235595703,,,,,,,121.39273980488107,122.38588990281892,120.40951575238618,121.30335235595703,29389200.0,,,,,,,,,,,,,,,,,,,,
2023-06-09,GOOGL,,,,,121.39275360107422,,,,,,,121.41261327135108,122.9122722112698,121.07494583670085,121.39275360107422,23778300.0,,,,,,,,,,,,,,,,,,,,
2023-06-12,GOOGL,,,,,122.79308319091797,,,,,,,121.94890708399343,123.20027838695897,120.8266501491064,122.79308319091797,28306400.0,,,,,,,,,,,,,,,,,,,,
2023-06-13,GOOGL,,,,,122.9817886352539,,,,,,,124.12391285793474,124.30268019345986,122.33623950268348,122.9817886352539,22278300.0,,,,,,,,,,,,,,,,,,,,
2023-06-14,GOOGL,,,,,122.8228759765625,,,,,,,122.25678069993417,123.20027787907088,120.61808145375716,122.8228759765625,30592300.0,,,,,,,,,,,,,,,,,,,,
2023-06-15,GOOGL,,,,,124.23314666748047,,,,,,,122.29650693637248,124.60061494495433,121.56157795855897,124.23314666748047,35246300.0,,,,,,,,,,,,,,,,,,,,
2023-06-16,GOOGL,,,,,122.683837890625,,,,,,,125.0673997869077,125.24616711855725,122.43555035095251,122.683837890625,45535600.0,,,,,,,,,,,,,,,,,,,,
2023-06-20,GOOGL,,,,,122.25678253173828,,,,,,,122.08794882394656,123.7167144715317,121.30335929245436,122.25678253173828,26097500.0,,,,,,,,,,,,,,,,,,,,
2023-06-21,GOOGL,,,,,119.72425842285156,,,,,,,121.56158475873276,121.81980592970349,119.27733629111745,119.72425842285156,30306300.0,,,,,,,,,,,,,,,,,,,,
2023-06-22,GOOGL,,,,,122.30644226074219,,,,,,,119.17801777862638,122.39582213705168,118.01603392379701,122.30644226074219,26952200.0,,,,,,,,,,,,,,,,,,,,
2023-06-23,GOOGL,,,,,121.50198364257812,,,,,,,120.54856042408845,121.94890574873948,120.23075268459189,121.50198364257812,34913600.0,,,,,,,,,,,,,,,,,,,,
2023-06-26,GOOGL,,,,,117.52938079833984,,,,,,,119.9328098317089,121.16431385089092,117.45986059347797,117.52938079833984,33969900.0,,,,,,,,,,,,,,,,,,,,
2023-06-27,GOOGL,,,,,117.51945495605469,,,,,,,116.27801731199209,118.26431754249225,115.30472686510802,117.51945495605469,39535900.0,,,,,,,,,,,,,,,,,,,,
2023-06-28,GOOGL,,,,,119.3567886352539,,,,,,,116.28795064666333,119.56534926327315,116.04959672566056,119.3567886352539,27091400.0,,,,,,,,,,,,,,,,,,,,
2023-06-29,GOOGL,,,,,118.2841796875,,,,,,,118.42322010037552,119.23760290884682,117.48966412494475,118.2841796875,24090900.0,,,,,,,,,,,,,,,,,,,,
2023-06-30,GOOGL,,,,,118.88007354736328,,,,,,,119.3468553444313,120.25062564550082,118.87014750109746,118.88007354736328,29532200.0,,,,,,,,,,,,,,,,,,,,
2023-07-03,GOOGL,,,,,119.0787124633789,,,,,,,118.42322968352143,119.36672693539494,118.00610841114022,119.0787124633789,14467900.0,,,,,,,,,,,,,,,,,,,,
2023-07-05,GOOGL,,,,,120.91603088378906,,,,,,,118.42322188319095,121.77014061981656,118.4132958372177,120.91603088378906,27584800.0,,,,,,,,,,,,,,,,,,,,
2023-07-06,GOOGL,,,,,119.28726959228516,,,,,,,118.9793954589323,119.47597055253863,117.58898368140763,119.28726959228516,24745200.0,,,,,,,,,,,,,,,,,,,,
2023-07-07,GOOGL,,,,,118.66157531738281,,,,,,,119.27732351982279,120.22082064548265,118.5821214921861,118.66157531738281,21709500.0,,,,,,,,,,,,,,,,,,,,
2023-07-10,GOOGL,,,,,115.65232849121094,,,,,,,117.48966227568181,117.49958832134938,115.3444543785659,115.65232849121094,35315200.0,,,,,,,,,,,,,,,,,,,,
2023-07-11,GOOGL,,,,,116.33760833740234,,,,,,,115.49343222262571,116.9037036216299,114.55986865395298,116.33760833740234,23078800.0,,,,,,,,,,,,,,,,,,,,
2023-07-12,GOOGL,,,,,118.11534881591797,,,,,,,117.98624202290381,119.5057605551569,117.59891406672692,118.11534881591797,30404400.0,,,,,,,,,,,,,,,,,,,,
2023-07-13,GOOGL,,,,,123.68693542480469,,,,,,,120.1016623471297,123.9749499121042,119.62494688401513,123.68693542480469,44297900.0,,,,,,,,,,,,,,,,,,,,
2023-07-14,GOOGL,,,,,124.5608901977539,,,,,,,123.94514195311505,125.91157501012879,122.64411010204061,124.5608901977539,33283100.0,,,,,,,,,,,,,,,,,,,,
2023-07-17,GOOGL,,,,,123.79615783691406,,,,,,,125.07732233746347,126.2293724794472,123.3492357587873,123.79615783691406,25716200.0,,,,,,,,,,,,,,,,,,,,
2023-07-18,GOOGL,,,,,122.91226959228516,,,,,,,123.74651211456384,123.8259659482479,122.11774640971387,122.91226959228516,26193600.0,,,,,,,,,,,,,,,,,,,,
2023-07-19,GOOGL,,,,,121.19410705566406,,,,,,,123.74650254253834,124.32253142648887,120.96568677290944,121.19410705566406,37224000.0,,,,,,,,,,,,,,,,,,,,
2023-07-20,GOOGL,,,,,118.38349151611328,,,,,,,120.58828599937979,123.2399950067099,117.41020863971083,118.38349151611328,37906800.0,,,,,,,,,,,,,,,,,,,,
2023-07-21,GOOGL,,,,,119.19788360595703,,,,,,,119.79377978734433,120.1612405117805,117.91672651652458,119.19788360595703,72937900.0,,,,,,,,,,,,,,,,,,,,
2023-07-24,GOOGL,,,,,120.69754028320312,,,,,,,120.82665465609776,122.15747226159789,120.15131222994013,120.69754028320312,29686100.0,,,,,,,,,,,,,,,,,,,,
2023-07-25,GOOGL,,,,,121.37287902832031,,,,,,,120.52870291550938,122.3064425948192,120.19102792410442,121.37287902832031,52509600.0,,,,,,,,,,,,,,,,,,,,
2023-07-26,GOOGL,,,,,128.384521484375,,,,,,,129.1790446188331,130.08279971943918,127.44103189219841,128.384521484375,61682100.0,,,,,,,,,,,,,,,,,,,,
2023-07-27,GOOGL,,,,,128.5136260986328,,,,,,,130.76808123057597,132.32733427349476,127.90780388799678,128.5136260986328,44952100.0,,,,,,,,,,,,,,,,,,,,
2023-07-28,GOOGL,,,,,131.67184448242188,,,,,,,129.8841712389039,132.82390225649658,129.67561820048323,131.67184448242188,36591200.0,,,,,,,,,,,,,,,,,,,,
2023-07-31,GOOGL,,,,,131.81088256835938,,,,,,,131.82080861382926,132.61533172518926,130.87731904908145,131.81088256835938,28055500.0,,,,,,,,,,,,,,,,,,,,
2023-08-01,GOOGL,,,,,130.64891052246094,,,,,,,129.88418063298246,131.72151454614948,129.78485955227697,130.64891052246094,23166800.0,,,,,,,,,,,,,,,,,,,,
2023-08-02,GOOGL,,,,,127.5006332397461,,,,,,,128.5632961211529,129.1989116714694,126.68624276519706,127.5006332397461,26273300.0,,,,,,,,,,,,,,,,,,,,
2023-08-03,GOOGL,,,,,127.57013702392578,,,,,,,127.093429182837,128.50370061366522,126.54719355540765,127.57013702392578,20089500.0,,,,,,,,,,,,,,,,,,,,
2023-08-04,GOOGL,,,,,127.23246765136719,,,,,,,128.39445152048964,130.60917213492286,127.03384065014664,127.23246765136719,26147200.0,,,,,,,,,,,,,,,,,,,,
2023-08-07,GOOGL,,,,,130.6290283203125,,,,,,,128.2752674889027,130.70848214492673,128.13622708439468,130.6290283203125,22746300.0,,,,,,,,,,,,,,,,,,,,
2023-08-08,GOOGL,,,,,130.49990844726562,,,,,,,129.72525263284138,130.60915555721093,128.65264877726932,130.49990844726562,23535200.0,,,,,,,,,,,,,,,,,,,,
2023-08-09,GOOGL,,,,,128.7718505859375,,,,,,,130.75815086279874,131.1355376104998,128.11636785754888,128.7718505859375,24912900.0,,,,,,,,,,,,,,,,,,,,
2023-08-10,GOOGL,,,,,128.80165100097656,,,,,,,130.42049066551243,131.14548606346665,128.56328949903425,128.80165100097656,20857800.0,,,,,,,,,,,,,,,,,,,,
2023-08-11,GOOGL,,,,,128.6725311279297,,,,,,,127.7787020538132,129.03999183440246,127.29205302432788,128.6725311279297,19591100.0,,,,,,,,,,,,,,,,,,,,
2023-08-14,GOOGL,,,,,130.43040466308594,,,,,,,128.5036910412777,130.4701239992725,128.07664377163357,130.43040466308594,24695600.0,,,,,,,,,,,,,,,,,,,,
2023-08-15,GOOGL,,,,,128.8910369873047,,,,,,,130.20200257868774,130.51980277539664,128.39446186710262,128.8910369873047,19770700.0,,,,,,,,,,,,,,,,,,,,
2023-08-16,GOOGL,,,,,127.81842041015625,,,,,,,127.81842041015625,129.3875994550616,126.99411154985026,127.81842041015625,25216100.0,,,,,,,,,,,,,,,,,,,,
2023-08-17,GOOGL,,,,,129.0300750732422,,,,,,,128.91090189592276,131.08590330762058,128.40438558377576,129.0300750732422,33446300.0,,,,,,,,,,,,,,,,,,,,
2023-08-18,GOOGL,,,,,126.5869140625,,,,,,,127.6297171477929,128.3646536960574,125.51431010865518,126.5869140625,30504800.0,,,,,,,,,,,,,,,,,,,,
2023-08-21,GOOGL,,,,,127.49067687988281,,,,,,,126.30883338188762,127.84821153156675,125.69307757573549,127.49067687988281,25248700.0,,,,,,,,,,,,,,,,,,,,
2023-08-22,GOOGL,,,,,128.19581604003906,,,,,,,127.62971321202188,129.38759312280365,127.4410274236173,128.19581604003906,22054900.0,,,,,,,,,,,,,,,,,,,,
2023-08-23,GOOGL,,,,,131.46328735351562,,,,,,,129.28828598704578,132.49617204970477,128.98041184919285,131.46328735351562,27819700.0,,,,,,,,,,,,,,,,,,,,
2023-08-24,GOOGL,,,,,128.8910369873047,,,,,,,133.03247167127745,133.3304197742527,128.68248392321104,128.8910369873047,28500700.0,,,,,,,,,,,,,,,,,,,,
2023-08-25,GOOGL,,,,,128.99034118652344,,,,,,,128.6526586317479,129.86430297876237,126.37835154683795,128.99034118652344,26762900.0,,,,,,,,,,,,,,,,,,,,
2023-08-28,GOOGL,,,,,130.11257934570312,,,,,,,130.410527384116,131.63209767191532,129.2485436731459,130.11257934570312,20543300.0,,,,,,,,,,,,,,,,,,,,
2023-08-29,GOOGL,,,,,133.6482391357422,,,,,,,131.33419718764853,135.63453967615524,131.33419718764853,133.6482391357422,43075600.0,,,,,,,,,,,,,,,,,,,,
2023-08-30,GOOGL,,,,,134.94923400878906,,,,,,,133.85676288912396,135.3464879681579,133.15163483810414,134.94923400878906,28315800.0,,,,,,,,,,,,,,,,,,,,
2023-08-31,GOOGL,,,,,135.2372589111328,,,,,,,135.07835124446333,137.05472556870842,134.8598569913601,135.2372589111328,30053800.0,,,,,,,,,,,,,,,,,,,,
2023-09-01,GOOGL,,,,,134.73074340820312,,,,,,,136.51841658197364,136.51841658197364,133.9262942685733,134.73074340820312,21543700.0,,,,,,,,,,,,,,,,,,,,
2023-09-05,GOOGL,,,,,134.8400115966797,,,,,,,134.51227020074484,135.48555318747054,133.65816039280637,134.8400115966797,19403100.0,,,,,,,,,,,,,,,,,,,,
2023-09-06,GOOGL,,,,,133.53897094726562,,,,,,,135.08828269985364,135.59478380227105,132.7543738711037,133.53897094726562,18684500.0,,,,,,,,,,,,,,,,,,,,
2023-09-07,GOOGL,,,,,134.33348083496094,,,,,,,132.67492193999442,134.65129614991582,132.03930646435293,134.33348083496094,18844300.0,,,,,,,,,,,,,,,,,,,,
2023-09-08,GOOGL,,,,,135.44581604003906,,,,,,,133.98588417474053,135.7238968568323,133.92629759318024,135.44581604003906,23558300.0,,,,,,,,,,,,,,,,,,,,
2023-09-11,GOOGL,,,,,135.98211669921875,,,,,,,135.60471479290905,136.53827835845289,134.85985218052008,135.98211669921875,20763400.0,,,,,,,,,,,,,,,,,,,,
2023-09-12,GOOGL,,,,,134.41293334960938,,,,,,,135.32662963976946,135.9324518179946,134.26396689359834,134.41293334960938,18405500.0,,,,,,,,,,,,,,,,,,,,
2023-09-13,GOOGL,,,,,135.7735595703125,,,,,,,134.1646460710429,135.96224536352338,133.231082533579,135.7735595703125,20749500.0,,,,,,,,,,,,,,,,,,,,
2023-09-14,GOOGL,,,,,137.15403747558594,,,,,,,136.6574624161584,137.74991845433803,135.30677764834488,137.15403747558594,24751000.0,,,,,,,,,,,,,,,,,,,,
2023-09-15,GOOGL,,,,,136.45883178710938,,,,,,,137.03486072317858,137.57117031901896,135.5451354191522,136.45883178710938,38919600.0,,,,,,,,,,,,,,,,,,,,
2023-09-18,GOOGL,,,,,137.26329040527344,,,,,,,135.6742440861328,138.2067800272706,135.6742440861328,137.26329040527344,21861300.0,,,,,,,,,,,,,,,,,,,,
2023-09-19,GOOGL,,,,,137.0944366455078,,,,,,,136.4786884171114,137.46191249681675,135.6841652859194,137.0944366455078,20353700.0,,,,,,,,,,,,,,,,,,,,
2023-09-20,GOOGL,,,,,132.82391357421875,,,,,,,137.1341818172231,137.1341818172231,132.70472524498294,132.82391357421875,29927500.0,,,,,,,,,,,,,,,,,,,,
2023-09-21,GOOGL,,,,,129.5465087890625,,,,,,,130.53965894518316,131.32424090064023,129.17904808066385,129.5465087890625,31503900.0,,,,,,,,,,,,,,,,,,,,
2023-09-22,GOOGL,,,,,129.35780334472656,,,,,,,129.86430445123077,131.12560934891957,128.71226182736228,129.35780334472656,26397300.0,,,,,,,,,,,,,,,,,,,,
2023-09-25,GOOGL,,,,,130.21189880371094,,,,,,,128.94066799947953,130.27148537980514,128.07663233758052,130.21189880371094,20094600.0,,,,,,,,,,,,,,,,,,,,
2023-09-26,GOOGL,,,,,127.6893310546875,,,,,,,128.88110828778912,129.46706328054253,126.34857219602962,127.6893310546875,25718700.0,,,,,,,,,,,,,,,,,,,,
2023-09-27,GOOGL,,,,,129.6458282470703,,,,,,,127.6893361771831,130.00336294677095,127.6893361771831,129.6458282470703,22746500.0,,,,,,,,,,,,,,,,,,,,
2023-09-28,GOOGL,,,,,131.4036865234375,,,,,,,128.9506045787111,132.38691057211608,128.9009440431534,131.4036865234375,22513100.0,,,,,,,,,,,,,,,,,,,,
2023-09-29,GOOGL,,,,,129.96363830566406,,,,,,,132.36706001789275,133.1317899299604,129.46706319600682,129.96363830566406,30859800.0,,,,,,,,,,,,,,,,,,,,
2023-10-02,GOOGL,,,,,133.25094604492188,,,,,,,130.31123025855513,133.49923356795875,130.27149576847927,133.25094604492188,22288000.0,,,,,,,,,,,,,,,,,,,,
2023-10-03,GOOGL,,,,,131.52285766601562,,,,,,,133.0225239837871,133.34032412879503,130.93690275652745,131.52285766601562,22989400.0,,,,,,,,,,,,,,,,,,,,
2023-10-04,GOOGL,,,,,134.3136444091797,,,,,,,131.88041418877737,134.64138580810248,131.62220058096094,134.3136444091797,26752300.0,,,,,,,,,,,,,,,,,,,,
2023-10-05,GOOGL,,,,,134.14479064941406,,,,,,,134.14479064941406,134.56191187093788,132.53587719008763,134.14479064941406,19832600.0,,,,,,,,,,,,,,,,,,,,
2023-10-06,GOOGL,,,,,136.63758850097656,,,,,,,133.0920354756824,137.2136173603073,133.0920354756824,136.63758850097656,27597600.0,,,,,,,,,,,,,,,,,,,,
2023-10-09,GOOGL,,,,,137.47183227539062,,,,,,,136.00197439996847,137.9882745602618,134.68108297486128,137.47183227539062,19278100.0,,,,,,,,,,,,,,,,,,,,
2023-10-10,GOOGL,,,,,137.1143035888672,,,,,,,137.55129206777264,138.76293643045838,136.3893082421022,137.1143035888672,27786600.0,,,,,,,,,,,,,,,,,,,,
2023-10-11,GOOGL,,,,,139.58726501464844,,,,,,,137.63075788905127,140.14342670743898,137.63075788905127,139.58726501464844,25884300.0,,,,,,,,,,,,,,,,,,,,
2023-10-12,GOOGL,,,,,138.01806640625,,,,,,,140.08382036985333,140.25265406319966,137.31292318884599,138.01806640625,24765500.0,,,,,,,,,,,,,,,,,,,,
2023-10-13,GOOGL,,,,,136.4191131591797,,,,,,,138.42528082227236,139.04102910178543,135.68417654981894,136.4191131591797,23420500.0,,,,,,,,,,,,,,,,,,,,
2023-10-16,GOOGL,,,,,138.14720153808594,,,,,,,137.22356395410557,138.6735699418657,137.0448041887176,138.14720153808594,28501900.0,,,,,,,,,,,,,,,,,,,,
2023-10-17,GOOGL,,,,,138.762939453125,,,,,,,137.6804094322447,138.9416992051521,136.24032959877303,138.762939453125,23515800.0,,,,,,,,,,,,,,,,,,,,
2023-10-18,GOOGL,,,,,137.01499938964844,,,,,,,138.4947833931161,139.75608830865576,136.4389704924277,137.01499938964844,23375000.0,,,,,,,,,,,,,,,,,,,,
2023-10-19,GOOGL,,,,,136.80641174316406,,,,,,,137.55127423904338,138.70333186969393,136.43895109456216,136.80641174316406,26066000.0,,,,,,,,,,,,,,,,,,,,
2023-10-20,GOOGL,,,,,134.67115783691406,,,,,,,136.38930324394852,136.92559762296315,134.15471554856344,134.67115783691406,26335700.0,,,,,,,,,,,,,,,,,,,,
2023-10-23,GOOGL,,,,,135.5649871826172,,,,,,,134.1149813844345,136.71704492317136,133.0324514241763,135.5649871826172,26317900.0,,,,,,,,,,,,,,,,,,,,
2023-10-24,GOOGL,,,,,137.8591766357422,,,,,,,136.88589368436072,138.40541227579737,136.47869846593147,137.8591766357422,44814300.0,,,,,,,,,,,,,,,,,,,,
2023-10-25,GOOGL,,,,,124.74958801269531,,,,,,,127.28212386646624,127.43109032375405,124.21328603505674,124.74958801269531,84366200.0,,,,,,,,,,,,,,,,,,,,
2023-10-26,GOOGL,,,,,121.44239044189453,,,,,,,122.42560689845944,123.47835113459941,120.43930674055568,121.44239044189453,57061100.0,,,,,,,,,,,,,,,,,,,,
2023-10-27,GOOGL,,,,,121.3331527709961,,,,,,,122.03828847268005,122.4653433429545,119.38657937399506,121.3331527709961,44566500.0,,,,,,,,,,,,,,,,,,,,
2023-10-30,GOOGL,,,,,123.60746765136719,,,,,,,122.36602995491228,124.54103122378429,121.90918179187298,123.60746765136719,28940100.0,,,,,,,,,,,,,,,,,,,,
2023-10-31,GOOGL,,,,,123.23007202148438,,,,,,,124.20335492205861,124.51123661998803,121.84959392373723,123.23007202148438,26292300.0,,,,,,,,,,,,,,,,,,,,
2023-11-01,GOOGL,,,,,125.5838394165039,,,,,,,123.2201446747215,125.62356633365168,122.87254362109682,125.5838394165039,30082400.0,,,,,,,,,,,,,,,,,,,,
2023-11-02,GOOGL,,,,,126.61670684814453,,,,,,,127.54033676407687,128.09649840734482,126.06054520487658,126.61670684814453,27124600.0,,,,,,,,,,,,,,,,,,,,
2023-11-03,GOOGL,,,,,128.21571350097656,,,,,,,127.1431093274337,128.64276086828096,126.98420163781151,128.21571350097656,26393100.0,,,,,,,,,,,,,,,,,,,,
2023-11-06,GOOGL,,,,,129.35780334472656,,,,,,,128.16602622960193,129.44718321865057,127.78862433400963,129.35780334472656,19052700.0,,,,,,,,,,,,,,,,,,,,
2023-11-07,GOOGL,,,,,130.0728759765625,,,,,,,129.8146623938561,131.00643953950896,128.99034595326017,130.0728759765625,29757300.0,,,,,,,,,,,,,,,,,,,,
2023-11-08,GOOGL,,,,,130.93690490722656,,,,,,,130.0728691738139,131.30438074733325,129.88416823105302,130.93690490722656,26425800.0,,,,,,,,,,,,,,,,,,,,
2023-11-09,GOOGL,,,,,129.34788513183594,,,,,,,131.05610465685587,131.64205962708724,129.17905141944397,129.34788513183594,23747800.0,,,,,,,,,,,,,,,,,,,,
2023-11-10,GOOGL,,,,,131.68177795410156,,,,,,,129.2088437191894,131.89034615855235,128.52356767433983,131.68177795410156,26913300.0,,,,,,,,,,,,,,,,,,,,
2023-11-13,GOOGL,,,,,131.18521118164062,,,,,,,130.87733703282254,131.6817863001911,130.3509686195006,131.18521118164062,18324800.0,,,,,,,,,,,,,,,,,,,,
2023-11-14,GOOGL,,,,,132.7047119140625,,,,,,,133.27081474682353,134.7704659468235,132.40677900657556,132.7047119140625,32395200.0,,,,,,,,,,,,,,,,,,,,
2023-11-15,GOOGL,,,,,133.6978759765625,,,,,,,133.94616352823743,134.1050711983341,132.6550803829433,133.6978759765625,23861500.0,,,,,,,,,,,,,,,,,,,,
2023-11-16,GOOGL,,,,,135.99205017089844,,,,,,,134.26397851452822,136.28007221647312,133.3999426863431,135.99205017089844,28013200.0,,,,,,,,,,,,,,,,,,,,
2023-11-17,GOOGL,,,,,134.38314819335938,,,,,,,135.06842424103002,135.12801082704152,132.73451526045164,134.38314819335938,37240600.0,,,,,,,,,,,,,,,,,,,,
2023-11-20,GOOGL,,,,,135.31671142578125,,,,,,,132.774249400923,135.72390663480266,132.70472161458173,135.31671142578125,27815500.0,,,,,,,,,,,,,,,,,,,,
2023-11-21,GOOGL,,,,,136.0317840576172,,,,,,,135.35643404163898,136.2403371131516,135.02870781151344,136.0317840576172,22635300.0,,,,,,,,,,,,,,,,,,,,
2023-11-22,GOOGL,,,,,137.54136657714844,,,,,,,136.52834920416745,138.46498892143381,136.52834920416745,137.54136657714844,17813900.0,,,,,,,,,,,,,,,,,,,,
2023-11-24,GOOGL,,,,,135.7537078857422,,,,,,,137.0845255620382,137.18384664712832,135.05850575292112,135.7537078857422,12514300.0,,,,,,,,,,,,,,,,,,,,
2023-11-27,GOOGL,,,,,135.47561645507812,,,,,,,135.098214546326,137.47184281366268,135.06842125397912,135.47561645507812,23436500.0,,,,,,,,,,,,,,,,,,,,
2023-11-28,GOOGL,,,,,136.26019287109375,,,,,,,135.14786959064773,136.30985340774254,134.49238687712713,136.26019287109375,18730000.0,,,,,,,,,,,,,,,,,,,,
2023-11-29,GOOGL,,,,,134.06533813476562,,,,,,,136.6276672242787,137.3427213579803,133.916356526449,134.06533813476562,23967200.0,,,,,,,,,,,,,,,,,,,,
2023-11-30,GOOGL,,,,,131.6221923828125,,,,,,,134.12493508416668,134.6215101750712,130.3807546555512,131.6221923828125,38988300.0,,,,,,,,,,,,,,,,,,,,
2023-12-01,GOOGL,,,,,130.956787109375,,,,,,,130.956787109375,131.2050746615197,129.77493593648308,130.956787109375,31442300.0,,,,,,,,,,,,,,,,,,,,
2023-12-04,GOOGL,,,,,128.384521484375,,,,,,,128.9903436695441,129.1393101272626,127.02390307918412,128.384521484375,36669900.0,,,,,,,,,,,,,,,,,,,,
2023-12-05,GOOGL,,,,,130.09274291992188,,,,,,,128.06670813818567,131.2348595247084,127.37150606769525,130.09274291992188,27384800.0,,,,,,,,,,,,,,,,,,,,
2023-12-06,GOOGL,,,,,129.12939453125,,,,,,,130.53966601076132,130.93692003300382,128.99035410803816,129.12939453125,23576200.0,,,,,,,,,,,,,,,,,,,,
2023-12-07,GOOGL,,,,,135.99205017089844,,,,,,,134.11499689135425,137.61088985291832,133.77732945899103,135.99205017089844,56767100.0,,,,,,,,,,,,,,,,,,,,
2023-12-08,GOOGL,,,,,134.06533813476562,,,,,,,133.2807410653947,135.46566826562713,133.1119073660502,134.06533813476562,32260100.0,,,,,,,,,,,,,,,,,,,,
2023-12-11,GOOGL,,,,,132.37696838378906,,,,,,,131.47321332216674,132.42662891897587,130.4601959905728,132.37696838378906,31138000.0,,,,,,,,,,,,,,,,,,,,
2023-12-12,GOOGL,,,,,131.61224365234375,,,,,,,130.9071004769167,132.0889514142532,130.36086494021498,131.61224365234375,29032800.0,,,,,,,,,,,,,,,,,,,,
2023-12-13,GOOGL,,,,,131.66192626953125,,,,,,,132.4663754884051,132.5855486603067,130.66877609230048,131.66192626953125,30104800.0,,,,,,,,,,,,,,,,,,,,
2023-12-14,GOOGL,,,,,131.03623962402344,,,,,,,132.46637833464752,132.8040457651367,128.8016516772407,131.03623962402344,38722400.0,,,,,,,,,,,,,,,,,,,,
2023-12-15,GOOGL,,,,,131.69171142578125,,,,,,,130.71841340115773,132.59546651397721,130.28142492549298,131.69171142578125,50847100.0,,,,,,,,,,,,,,,,,,,,
2023-12-18,GOOGL,,,,,134.86978149414062,,,,,,,131.72149761509291,136.21052498571453,131.5228554792147,134.86978149414062,32258000.0,,,,,,,,,,,,,,,,,,,,
2023-12-19,GOOGL,,,,,135.71397399902344,,,,,,,135.9026749689795,136.52836446846126,135.1478862434252,135.71397399902344,25476800.0,,,,,,,,,,,,,,,,,,,,
2023-12-20,GOOGL,,,,,137.39239501953125,,,,,,,138.01808449484534,140.72938029742406,137.12425537662756,137.39239501953125,49107200.0,,,,,,,,,,,,,,,,,,,,
2023-12-21,GOOGL,,,,,139.45814514160156,,,,,,,138.5345227569631,139.72629993086744,138.22663347448133,139.45814514160156,27488300.0,,,,,,,,,,,,,,,,,,,,
2023-12-22,GOOGL,,,,,140.52081298828125,,,,,,,139.8057437045314,141.01738803787043,139.74615712326357,140.52081298828125,26532200.0,,,,,,,,,,,,,,,,,,,,
2023-12-26,GOOGL,,,,,140.5506134033203,,,,,,,140.62012603356706,141.7026560595198,140.22287203546634,140.5506134033203,16780300.0,,,,,,,,,,,,,,,,,,,,
2023-12-27,GOOGL,,,,,139.4084930419922,,,,,,,140.6201375358573,141.10678660446538,138.9317851744244,139.4084930419922,19628600.0,,,,,,,,,,,,,,,,,,,,
2023-12-28,GOOGL,,,,,139.2694549560547,,,,,,,139.8156906230036,140.1732253182547,138.7927470804766,139.2694549560547,16045700.0,,,,,,,,,,,,,,,,,,,,
2023-12-29,GOOGL,,,,,138.73313903808594,,,,,,,138.67355245713628,139.39854778247008,137.82936881563538,138.73313903808594,18733000.0,,,,,,,,,,,,,,,,,,,,
2024-01-02,GOOGL,,,,,137.2235565185547,,,,,,,137.60095843072804,138.49478751777463,135.54513031454442,137.2235565185547,23711200.0,,,,,,,,,,,,,,,,,,,,
2024-01-03,GOOGL,,,,,137.9684295654297,,,,,,,136.30987048262347,138.67357290392897,136.14103676028307,137.9684295654297,24212100.0,,,,,,,,,,,,,,,,,,,,
2024-01-04,GOOGL,,,,,135.45574951171875,,,,,,,137.47184312113336,138.20677969396053,135.41603017325698,135.45574951171875,27137700.0,,,,,,,,,,,,,,,,,,,,
2024-01-05,GOOGL,,,,,134.80026245117188,,,,,,,135.81327982358127,136.22047501254474,134.22423355918488,134.80026245117188,22513900.0,,,,,,,,,,,,,,,,,,,,
2024-01-08,GOOGL,,,,,137.88897705078125,,,,,,,135.35644088283485,138.05781077474165,135.32664758768124,137.88897705078125,21404000.0,,,,,,,,,,,,,,,,,,,,
2024-01-09,GOOGL,,,,,139.98452758789062,,,,,,,137.55131245616278,140.52083722032057,137.20370379980002,139.98452758789062,24759600.0,,,,,,,,,,,,,,,,,,,,
2024-01-10,GOOGL,,,,,141.30540466308594,,,,,,,140.03417366063587,142.02047399624772,139.94479378255787,141.30540466308594,21320200.0,,,,,,,,,,,,,,,,,,,,
2024-01-11,GOOGL,,,,,141.10678100585938,,,,,,,142.50712641269087,144.2252720005351,139.67664230562886,141.10678100585938,24008700.0,,,,,,,,,,,,,,,,,,,,
2024-01-12,GOOGL,,,,,141.67286682128906,,,,,,,141.6927340680432,142.21910245000933,140.8485655093565,141.67286682128906,18785500.0,,,,,,,,,,,,,,,,,,,,
2024-01-16,GOOGL,,,,,141.5139617919922,,,,,,,141.02731279231332,143.36122156572418,140.48107721191207,141.5139617919922,22670500.0,,,,,,,,,,,,,,,,,,,,
2024-01-17,GOOGL,,,,,140.5009765625,,,,,,,140.38180337382323,140.86843733043412,137.9485729736841,140.5009765625,20968600.0,,,,,,,,,,,,,,,,,,,,
2024-01-18,GOOGL,,,,,142.4971923828125,,,,,,,141.07699481176041,143.22220297005774,141.01740822196385,142.4971923828125,25746400.0,,,,,,,,,,,,,,,,,,,,
2024-01-19,GOOGL,,,,,145.3773193359375,,,,,,,143.74855374619364,145.44683196408025,143.39101909701728,145.3773193359375,34271900.0,,,,,,,,,,,,,,,,,,,,
2024-01-22,GOOGL,,,,,144.989990234375,,,,,,,146.09238746431797,147.37354444028344,144.84100862508816,144.989990234375,32200400.0,,,,,,,,,,,,,,,,,,,,
2024-01-23,GOOGL,,,,,146.0327911376953,,,,,,,144.89067452886135,146.17183155228614,144.5033465771963,146.0327911376953,21636100.0,,,,,,,,,,,,,,,,,,,,
2024-01-24,GOOGL,,,,,147.68141174316406,,,,,,,147.52250409562313,148.82354341131372,147.0855307962866,147.68141174316406,25233500.0,,,,,,,,,,,,,,,,,,,,
2024-01-25,GOOGL,,,,,150.82969665527344,,,,,,,149.04203864825777,152.0016216209964,148.5156551679274,150.82969665527344,29149100.0,,,,,,,,,,,,,,,,,,,,
2024-01-26,GOOGL,,,,,151.14752197265625,,,,,,,150.06499195893298,151.49511542850038,149.9755969292419,151.14752197265625,26115500.0,,,,,,,,,,,,,,,,,,,,
2024-01-29,GOOGL,,,,,152.45848083496094,,,,,,,151.01841608442453,152.72663563055315,150.39272661279912,152.45848083496094,27784300.0,,,,,,,,,,,,,,,,,,,,
2024-01-30,GOOGL,,,,,150.4225311279297,,,,,,,151.7533487161558,152.56772397377597,150.15437633934806,150.4225311279297,36331800.0,,,,,,,,,,,,,,,,,,,,
2024-01-31,GOOGL,,,,,139.1403350830078,,,,,,,142.63621252421888,143.01361441161524,138.91189964891637,139.1403350830078,71910000.0,,,,,,,,,,,,,,,,,,,,
2024-02-01,GOOGL,,,,,140.19308471679688,,,,,,,141.14650041457003,142.08006401958028,139.8256088409139,140.19308471679688,40466500.0,,,,,,,,,,,,,,,,,,,,
2024-02-02,GOOGL,,,,,141.40472412109375,,,,,,,138.3060853281464,141.64307045990364,135.56499635195138,141.40472412109375,62499600.0,,,,,,,,,,,,,,,,,,,,
2024-02-05,GOOGL,,,,,142.69580078125,,,,,,,141.84170623324798,144.4735479676609,141.80197174238813,142.69580078125,38505400.0,,,,,,,,,,,,,,,,,,,,
2024-02-06,GOOGL,,,,,143.11294555664062,,,,,,,143.65916602671757,144.36430931528574,142.20917526492912,143.11294555664062,29128200.0,,,,,,,,,,,,,,,,,,,,
2024-02-07,GOOGL,,,,,144.54306030273438,,,,,,,143.7684044294837,144.62251413002522,142.94408801989272,144.54306030273438,25208900.0,,,,,,,,,,,,,,,,,,,,
2024-02-08,GOOGL,,,,,144.91053771972656,,,,,,,144.83108389157408,145.32765895182595,144.10608854680143,144.91053771972656,22563800.0,,,,,,,,,,,,,,,,,,,,
2024-02-09,GOOGL,,,,,147.9793701171875,,,,,,,145.6752545299046,148.4163586012769,145.17867946239727,147.9793701171875,26829500.0,,,,,,,,,,,,,,,,,,,,
2024-02-12,GOOGL,,,,,146.51942443847656,,,,,,,147.40332736941176,148.31702358925634,146.36051679478177,146.51942443847656,21564100.0,,,,,,,,,,,,,,,,,,,,
2024-02-13,GOOGL,,,,,144.1458282470703,,,,,,,143.92733397735157,145.66534693376036,142.70576339975707,144.1458282470703,27837700.0,,,,,,,,,,,,,,,,,,,,
2024-02-14,GOOGL,,,,,144.94033813476562,,,,,,,145.0793785522992,145.5163670514816,143.10300425982211,144.94033813476562,22704200.0,,,,,,,,,,,,,,,,,,,,
2024-02-15,GOOGL,,,,,141.7920379638672,,,,,,,142.15949863580622,142.53690050705205,139.49786375554055,141.7920379638672,37590700.0,,,,,,,,,,,,,,,,,,,,
2024-02-16,GOOGL,,,,,139.55746459960938,,,,,,,142.0105467049223,142.20917370588808,139.18006268978624,139.55746459960938,31468900.0,,,,,,,,,,,,,,,,,,,,
2024-02-20,GOOGL,,,,,140.15333557128906,,,,,,,138.70334492917732,141.1067663236611,138.5345112327269,140.15333557128906,25144700.0,,,,,,,,,,,,,,,,,,,,
2024-02-21,GOOGL,,,,,141.5735626220703,,,,,,,140.4810913513108,141.71260304250615,139.71636146177912,141.5735626220703,23223300.0,,,,,,,,,,,,,,,,,,,,
2024-02-22,GOOGL,,,,,143.10299682617188,,,,,,,143.9372392880377,144.00676707032724,141.8218398421828,143.10299682617188,27191900.0,,,,,,,,,,,,,,,,,,,,
2024-02-23,GOOGL,,,,,142.97389221191406,,,,,,,142.68587020226934,143.6889463277241,142.44750872748762,142.97389221191406,19493800.0,,,,,,,,,,,,,,,,,,,,
2024-02-26,GOOGL,,,,,136.627685546875,,,,,,,141.1663742553499,141.46432235767185,136.44891062377383,136.627685546875,53641800.0,,,,,,,,,,,,,,,,,,,,
2024-02-27,GOOGL,,,,,137.9287109375,,,,,,,137.07460112024197,138.29617167895017,136.15096351175276,137.9287109375,33099200.0,,,,,,,,,,,,,,,,,,,,
2024-02-28,GOOGL,,,,,135.44581604003906,,,,,,,136.95539328712587,137.06464040474236,134.48245922676676,135.44581604003906,37328600.0,,,,,,,,,,,,,,,,,,,,
2024-02-29,GOOGL,,,,,137.51158142089844,,,,,,,136.33965632120305,137.90883543358922,135.46567930816036,137.51158142089844,42133000.0,,,,,,,,,,,,,,,,,,,,
2024-03-01,GOOGL,,,,,136.2006072998047,,,,,,,137.4817642909518,137.91875276987585,135.98211306034264,136.2006072998047,31151100.0,,,,,,,,,,,,,,,,,,,,
2024-03-04,GOOGL,,,,,132.43658447265625,,,,,,,134.73075899682425,134.73075899682425,131.0064457681699,132.43658447265625,55999400.0,,,,,,,,,,,,,,,,,,,,
2024-03-05,GOOGL,,,,,131.76121520996094,,,,,,,130.97663333896386,132.32731801205793,129.77491511154423,131.76121520996094,40194800.0,,,,,,,,,,,,,,,,,,,,
2024-03-06,GOOGL,,,,,130.49990844726562,,,,,,,132.20812771862853,132.6649834022908,129.95368805180595,130.49990844726562,35318600.0,,,,,,,,,,,,,,,,,,,,
2024-03-07,GOOGL,,,,,133.45953369140625,,,,,,,131.8804132974023,134.01569539941798,130.70850329184475,133.45953369140625,37738200.0,,,,,,,,,,,,,,,,,,,,
2024-03-08,GOOGL,,,,,134.4824676513672,,,,,,,133.29069048269943,137.1441028229162,133.08212227990484,134.4824676513672,39370400.0,,,,,,,,,,,,,,,,,,,,
2024-03-11,GOOGL,,,,,136.72695922851562,,,,,,,135.1975148902737,138.14717161441624,135.1975148902737,136.72695922851562,32437800.0,,,,,,,,,,,,,,,,,,,,
2024-03-12,GOOGL,,,,,137.55130004882812,,,,,,,136.09136807062538,138.42527705734926,136.09136807062538,137.55130004882812,27563400.0,,,,,,,,,,,,,,,,,,,,
2024-03-13,GOOGL,,,,,138.8324432373047,,,,,,,138.04786134072793,140.12354137422258,138.0379352954484,138.8324432373047,23347200.0,,,,,,,,,,,,,,,,,,,,
2024-03-14,GOOGL,,,,,142.1197967529297,,,,,,,140.22287627299642,142.6064306421688,139.49788088513242,142.1197967529297,42753400.0,,,,,,,,,,,,,,,,,,,,
2024-03-15,GOOGL,,,,,140.21292114257812,,,,,,,141.52388652336936,142.19922130430962,139.07080461128953,140.21292114257812,49475400.0,,,,,,,,,,,,,,,,,,,,
2024-03-18,GOOGL,,,,,146.66842651367188,,,,,,,147.59206415704662,151.10780949085046,146.16192532489907,146.66842651367188,69273700.0,,,,,,,,,,,,,,,,,,,,
2024-03-19,GOOGL,,,,,146.0228729248047,,,,,,,147.14513750194737,147.77081182403458,145.07938326416507,146.0228729248047,24070400.0,,,,,,,,,,,,,,,,,,,,
2024-03-20,GOOGL,,,,,147.72116088867188,,,,,,,146.98622431157722,147.84033405901792,145.73486056013707,147.72116088867188,21311500.0,,,,,,,,,,,,,,,,,,,,
2024-03-21,GOOGL,,,,,146.58897399902344,,,,,,,148.44616000360566,149.33998911224745,145.89375674311398,146.58897399902344,24755600.0,,,,,,,,,,,,,,,,,,,,
2024-03-22,GOOGL,,,,,149.7372589111328,,,,,,,148.0985519993625,150.54170814315216,147.9595115784489,149.7372589111328,29211800.0,,,,,,,,,,,,,,,,,,,,
2024-03-25,GOOGL,,,,,149.0420379638672,,,,,,,148.91292360567456,149.34991206023355,146.8074503110912,149.0420379638672,19229300.0,,,,,,,,,,,,,,,,,,,,
2024-03-26,GOOGL,,,,,149.63792419433594,,,,,,,149.1910096788579,151.2170292210166,148.95264819861129,149.63792419433594,22149100.0,,,,,,,,,,,,,,,,,,,,
2024-03-27,GOOGL,,,,,149.8365478515625,,,,,,,150.1444219519495,150.60127765702768,147.88004097990625,149.8365478515625,22879200.0,,,,,,,,,,,,,,,,,,,,
2024-03-28,GOOGL,,,,,149.89614868164062,,,,,,,149.8167100033746,150.39272376928287,149.14136000396124,149.89614868164062,24485400.0,,,,,,,,,,,,,,,,,,,,
2024-04-01,GOOGL,,,,,154.42491149902344,,,,,,,149.65778808095055,154.67319901919112,149.5783342559848,154.42491149902344,31730800.0,,,,,,,,,,,,,,,,,,,,
2024-04-02,GOOGL,,,,,153.5012969970703,,,,,,,152.44856017882478,153.64033742298443,151.10780130772653,153.5012969970703,24586000.0,,,,,,,,,,,,,,,,,,,,
2024-04-03,GOOGL,,,,,153.85882568359375,,,,,,,152.54787531244028,154.01773335108788,151.6838243418592,153.85882568359375,24705000.0,,,,,,,,,,,,,,,,,,,,
2024-04-04,GOOGL,,,,,149.4989013671875,,,,,,,152.44855873219765,153.7098637544804,149.41944753109482,149.4989013671875,34724700.0,,,,,,,,,,,,,,,,,,,,
2024-04-05,GOOGL,,,,,151.4553985595703,,,,,,,149.00231646564103,152.36909488318793,148.57526917325976,151.4553985595703,23459200.0,,,,,,,,,,,,,,,,,,,,
2024-04-08,GOOGL,,,,,153.789306640625,,,,,,,151.73347855806227,154.20642788470977,151.56464485123763,153.789306640625,20702000.0,,,,,,,,,,,,,,,,,,,,
2024-04-09,GOOGL,,,,,155.52732849121094,,,,,,,155.02081218686513,157.4738944107065,154.12698306219647,155.52732849121094,31079500.0,,,,,,,,,,,,,,,,,,,,
2024-04-10,GOOGL,,,,,155.07046508789062,,,,,,,155.13999287301036,155.5372468745642,153.6204591891085,155.07046508789062,22838600.0,,,,,,,,,,,,,,,,,,,,
2024-04-11,GOOGL,,,,,158.31805419921875,,,,,,,155.8351790570979,158.5861938034954,155.38826456236959,158.31805419921875,27166400.0,,,,,,,,,,,,,,,,,,,,
2024-04-12,GOOGL,,,,,156.6495819091797,,,,,,,156.87801737370006,159.12253144332848,156.0636269091037,156.6495819091797,25353700.0,,,,,,,,,,,,,,,,,,,,
2024-04-15,GOOGL,,,,,153.7992401123047,,,,,,,157.77184090027146,158.1492428244945,153.5310853159215,153.7992401123047,27136500.0,,,,,,,,,,,,,,,,,,,,
2024-04-16,GOOGL,,,,,153.34237670898438,,,,,,,153.1338236644043,154.5838143933326,152.3790198535887,153.34237670898438,20779500.0,,,,,,,,,,,,,,,,,,,,
2024-04-17,GOOGL,,,,,154.40505981445312,,,,,,,154.55402627985885,156.0040322116408,153.5211567597512,154.40505981445312,21763100.0,,,,,,,,,,,,,,,,,,,,
2024-04-18,GOOGL,,,,,154.94134521484375,,,,,,,154.2759364510269,155.86498270934086,153.56086715021243,154.94134521484375,19883000.0,,,,,,,,,,,,,,,,,,,,
2024-04-19,GOOGL,,,,,153.0345001220703,,,,,,,155.13004750565483,155.28895516371534,151.25676805460682,153.0345001220703,32615600.0,,,,,,,,,,,,,,,,,,,,
2024-04-22,GOOGL,,,,,155.2095184326172,,,,,,,153.25301124573906,156.56020336638682,153.00472368551868,155.2095184326172,26446200.0,,,,,,,,,,,,,,,,,,,,
2024-04-23,GOOGL,,,,,157.17593383789062,,,,,,,155.88485079460835,157.88107709681086,155.20950082719352,157.17593383789062,21151600.0,,,,,,,,,,,,,,,,,,,,
2024-04-24,GOOGL,,,,,158.03997802734375,,,,,,,156.41121249254869,158.47696648984666,156.09339719099466,158.03997802734375,22779100.0,,,,,,,,,,,,,,,,,,,,
2024-04-25,GOOGL,,,,,154.9314422607422,,,,,,,150.2934323141414,155.41809134902164,149.83657652164737,154.9314422607422,57109700.0,,,,,,,,,,,,,,,,,,,,
2024-04-26,GOOGL,,,,,170.7721710205078,,,,,,,173.17559264604492,173.51327522567658,168.48792256762354,170.7721710205078,64665300.0,,,,,,,,,,,,,,,,,,,,
2024-04-29,GOOGL,,,,,165.01187133789062,,,,,,,167.90194156072766,168.38859053071332,164.07832303975508,165.01187133789062,45610000.0,,,,,,,,,,,,,,,,,,,,
2024-04-30,GOOGL,,,,,161.6649932861328,,,,,,,164.47561025657222,166.94855978571303,161.48623351871703,161.6649932861328,33562900.0,,,,,,,,,,,,,,,,,,,,
2024-05-01,GOOGL,,,,,162.7375946044922,,,,,,,163.1745831231535,165.97525884524785,161.9728646968349,162.7375946044922,33493200.0,,,,,,,,,,,,,,,,,,,,
2024-05-02,GOOGL,,,,,165.4786834716797,,,,,,,163.66121676523363,165.5879306011689,162.76738763615438,165.4786834716797,24294500.0,,,,,,,,,,,,,,,,,,,,
2024-05-03,GOOGL,,,,,166.09442138671875,,,,,,,166.41222152550228,166.80949064181576,161.93312021322197,166.09442138671875,34662400.0,,,,,,,,,,,,,,,,,,,,
2024-05-06,GOOGL,,,,,166.94854736328125,,,,,,,166.31293186931515,166.98826670166156,164.89271926535207,166.94854736328125,21871300.0,,,,,,,,,,,,,,,,,,,,
2024-05-07,GOOGL,,,,,170.0769500732422,,,,,,,167.34578737133612,170.5834511551503,167.23654025708916,170.0769500732422,28039700.0,,,,,,,,,,,,,,,,,,,,
2024-05-08,GOOGL,,,,,168.2197723388672,,,,,,,167.84237044353367,168.98448702093918,167.58415686761862,168.2197723388672,19569100.0,,,,,,,,,,,,,,,,,,,,
2024-05-09,GOOGL,,,,,168.79580688476562,,,,,,,168.22970402279228,169.5208022541753,167.02798566826758,168.79580688476562,15346700.0,,,,,,,,,,,,,,,,,,,,
2024-05-10,GOOGL,,,,,167.49476623535156,,,,,,,166.87901799355728,168.68655853520565,165.05162536004164,167.49476623535156,29799900.0,,,,,,,,,,,,,,,,,,,,
2024-05-13,GOOGL,,,,,167.98141479492188,,,,,,,163.13483724153954,168.12045520894833,162.87662365956714,167.98141479492188,31327600.0,,,,,,,,,,,,,,,,,,,,
2024-05-14,GOOGL,,,,,169.17318725585938,,,,,,,168.60709956951226,170.0769574991566,167.64374274389093,169.17318725585938,25127100.0,,,,,,,,,,,,,,,,,,,,
2024-05-15,GOOGL,,,,,171.3283233642578,,,,,,,169.46121142592096,171.46736377620064,169.3420231054926,171.3283233642578,26948400.0,,,,,,,,,,,,,,,,,,,,
2024-05-16,GOOGL,,,,,172.9868927001953,,,,,,,172.102989637879,173.920456302831,171.50710861685377,172.9868927001953,27867900.0,,,,,,,,,,,,,,,,,,,,
2024-05-17,GOOGL,,,,,174.85403442382812,,,,,,,172.98690706352664,175.06260264877966,172.50027312909057,174.85403442382812,24479300.0,,,,,,,,,,,,,,,,,,,,
2024-05-20,GOOGL,,,,,175.70811462402344,,,,,,,174.98311929112162,177.54544837857875,174.87387217348427,175.70811462402344,22554400.0,,,,,,,,,,,,,,,,,,,,
2024-05-21,GOOGL,,,,,176.63174438476562,,,,,,,175.68823970353955,176.92967727960828,174.60570977423177,176.63174438476562,16989400.0,,,,,,,,,,,,,,,,,,,,
2024-05-22,GOOGL,,,,,175.17184448242188,,,,,,,175.4300580897296,175.9365592574652,174.00986051813194,175.17184448242188,17880000.0,,,,,,,,,,,,,,,,,,,,
2024-05-23,GOOGL,,,,,172.3612060546875,,,,,,,175.85709871415395,177.02900857965074,171.7653099220249,172.3612060546875,21024900.0,,,,,,,,,,,,,,,,,,,,
2024-05-24,GOOGL,,,,,173.79135131835938,,,,,,,173.7814101180637,174.56600722798484,172.46051859158212,173.79135131835938,16579400.0,,,,,,,,,,,,,,,,,,,,
2024-05-28,GOOGL,,,,,175.19168090820312,,,,,,,173.2550411409201,176.0557318461207,173.1755873101766,175.19168090820312,20572200.0,,,,,,,,,,,,,,,,,,,,
2024-05-29,GOOGL,,,,,174.6951141357422,,,,,,,174.228332329354,175.62867774851856,173.52320417367446,174.6951141357422,23388700.0,,,,,,,,,,,,,,,,,,,,
2024-05-30,GOOGL,,,,,170.93109130859375,,,,,,,173.99992196516303,174.01978921349524,170.61327595235952,170.93109130859375,22931500.0,,,,,,,,,,,,,,,,,,,,
2024-05-31,GOOGL,,,,,171.31838989257812,,,,,,,170.6827744434952,171.8745515162422,168.27935305307957,171.31838989257812,37638900.0,,,,,,,,,,,,,,,,,,,,
2024-06-03,GOOGL,,,,,171.9838104248047,,,,,,,171.35812097814537,173.33449524100553,169.9875840699293,171.9838104248047,27459100.0,,,,,,,,,,,,,,,,,,,,
2024-06-04,GOOGL,,,,,172.59954833984375,,,,,,,172.09304724693698,172.6591500751279,170.71256922107634,172.59954833984375,26879600.0,,,,,,,,,,,,,,,,,,,,
2024-06-05,GOOGL,,,,,174.20846557617188,,,,,,,173.99989738382425,175.43996202192773,172.73859249264606,174.20846557617188,22068500.0,,,,,,,,,,,,,,,,,,,,
2024-06-06,GOOGL,,,,,175.5194091796875,,,,,,,174.69509279578756,175.9365303942632,174.5461263456775,175.5194091796875,23251000.0,,,,,,,,,,,,,,,,,,,,
2024-06-07,GOOGL,,,,,173.2649688720703,,,,,,,175.83722393107305,176.65159911291653,173.10606122293635,173.2649688720703,19661400.0,,,,,,,,,,,,,,,,,,,,
2024-06-10,GOOGL,,,,,174.0106658935547,,,,,,,173.97090097400908,176.04896317552084,171.77351367054146,174.0106658935547,23726700.0,,,,,,,,,,,,,,,,,,,,
2024-06-11,GOOGL,,,,,175.61148071289062,,,,,,,175.213770813787,175.83022570889565,172.77776354554194,175.61148071289062,21540600.0,,,,,,,,,,,,,,,,,,,,
2024-06-12,GOOGL,,,,,176.77481079101562,,,,,,,177.2321908623203,179.3798608836739,175.1044108888481,176.77481079101562,27864700.0,,,,,,,,,,,,,,,,,,,,
2024-06-13,GOOGL,,,,,174.15982055664062,,,,,,,175.10439291663198,175.73080040148275,173.8814206015202,174.15982055664062,20913300.0,,,,,,,,,,,,,,,,,,,,
2024-06-14,GOOGL,,,,,175.78053283691406,,,,,,,173.2252152748125,176.04899540088178,173.1556076882918,175.78053283691406,18063600.0,,,,,,,,,,,,,,,,,,,,
2024-06-17,GOOGL,,,,,176.22796630859375,,,,,,,174.45813130980525,177.34156626154072,173.81183370223593,176.22796630859375,19618500.0,,,,,,,,,,,,,,,,,,,,
2024-06-18,GOOGL,,,,,174.0902099609375,,,,,,,176.12850723185844,176.37707969973516,173.10587269800774,174.0902099609375,21869900.0,,,,,,,,,,,,,,,,,,,,
2024-06-20,GOOGL,,,,,175.29331970214844,,,,,,,174.36862216738828,176.27765703426607,173.99080230638756,175.29331970214844,20160100.0,,,,,,,,,,,,,,,,,,,,
2024-06-21,GOOGL,,,,,178.60430908203125,,,,,,,175.98932165115332,179.81734403821838,175.60154917641552,178.60430908203125,57759000.0,,,,,,,,,,,,,,,,,,,,
2024-06-24,GOOGL,,,,,178.19664001464844,,,,,,,179.1312749634446,179.85710235428542,177.6497775263464,178.19664001464844,18298000.0,,,,,,,,,,,,,,,,,,,,
2024-06-25,GOOGL,,,,,182.97918701171875,,,,,,,178.59436448189186,183.23769694925022,178.39550951673985,182.97918701171875,23130200.0,,,,,,,,,,,,,,,,,,,,
2024-06-26,GOOGL,,,,,182.83004760742188,,,,,,,181.58718512405983,183.45643998230676,181.4380325230597,182.83004760742188,19839000.0,,,,,,,,,,,,,,,,,,,,
2024-06-27,GOOGL,,,,,184.35130310058594,,,,,,,183.12831553961882,184.98764806113232,182.9692406782277,184.35130310058594,18848900.0,,,,,,,,,,,,,,,,,,,,
2024-06-28,GOOGL,,,,,181.10989379882812,,,,,,,183.2675161683482,184.0728885357917,180.920991467673,181.10989379882812,29156600.0,,,,,,,,,,,,,,,,,,,,
2024-07-01,GOOGL,,,,,181.9451141357422,,,,,,,181.98487905618407,182.83003153925785,180.26476177845004,181.9451141357422,16006100.0,,,,,,,,,,,,,,,,,,,,
2024-07-02,GOOGL,,,,,184.18228149414062,,,,,,,181.01049402811313,184.51039900838427,180.52328647575237,184.18228149414062,17372500.0,,,,,,,,,,,,,,,,,,,,
2024-07-03,GOOGL,,,,,184.7589569091797,,,,,,,183.794494490313,185.02740425917852,182.94934200477914,184.7589569091797,10242100.0,,,,,,,,,,,,,,,,,,,,
2024-07-05,GOOGL,,,,,189.5116729736328,,,,,,,184.79873308828007,189.77018290215648,184.7390781179793,189.5116729736328,20967500.0,,,,,,,,,,,,,,,,,,,,
2024-07-08,GOOGL,,,,,187.95062255859375,,,,,,,188.8156499349587,189.0841124617017,186.7077601573061,187.95062255859375,21035900.0,,,,,,,,,,,,,,,,,,,,
2024-07-09,GOOGL,,,,,187.90090942382812,,,,,,,189.22331687033287,190.26732434616932,187.64239950011057,187.90090942382812,15121400.0,,,,,,,,,,,,,,,,,,,,
2024-07-10,GOOGL,,,,,190.08834838867188,,,,,,,188.06994097173066,190.65510095160317,187.9506310307602,190.08834838867188,15952500.0,,,,,,,,,,,,,,,,,,,,
2024-07-11,GOOGL,,,,,184.51039123535156,,,,,,,188.76595095990965,189.77017833635344,184.02318370351583,184.51039123535156,25625800.0,,,,,,,,,,,,,,,,,,,,
2024-07-12,GOOGL,,,,,184.0132598876953,,,,,,,184.02319732602172,186.0416048375752,183.43656985987124,184.0132598876953,22898400.0,,,,,,,,,,,,,,,,,,,,
2024-07-15,GOOGL,,,,,185.4649200439453,,,,,,,183.8641124718461,187.16516268876106,183.8641124718461,185.4649200439453,16474000.0,,,,,,,,,,,,,,,,,,,,
2024-07-16,GOOGL,,,,,182.8697967529297,,,,,,,186.29015643949128,187.60261121941616,182.3229342731027,182.8697967529297,18290700.0,,,,,,,,,,,,,,,,,,,,
2024-07-17,GOOGL,,,,,179.98635864257812,,,,,,,181.92522087766008,182.50191082967464,178.8727436582888,179.98635864257812,20734100.0,,,,,,,,,,,,,,,,,,,,
2024-07-18,GOOGL,,,,,176.67539978027344,,,,,,,180.89117984347467,181.4579324491382,175.46236471674348,176.67539978027344,25315700.0,,,,,,,,,,,,,,,,,,,,
2024-07-19,GOOGL,,,,,176.64553833007812,,,,,,,177.85857316038428,179.26051031793034,176.11856592349616,176.64553833007812,18881900.0,,,,,,,,,,,,,,,,,,,,
2024-07-22,GOOGL,,,,,180.6326446533203,,,,,,,179.5588097386944,181.6567620385204,179.20086476715244,180.6326446533203,24100300.0,,,,,,,,,,,,,,,,,,,,
2024-07-23,GOOGL,,,,,180.751953125,,,,,,,181.01047820725972,182.56156801417904,180.50338065154088,180.751953125,36352700.0,,,,,,,,,,,,,,,,,,,,
2024-07-24,GOOGL,,,,,171.644287109375,,,,,,,172.60874962060436,175.18395707272086,170.8389146389314,171.644287109375,49585200.0,,,,,,,,,,,,,,,,,,,,
2024-07-25,GOOGL,,,,,166.3248291015625,,,,,,,171.53491413564743,172.42976906222302,166.2353466432372,166.3248291015625,44852000.0,,,,,,,,,,,,,,,,,,,,
2024-07-26,GOOGL,,,,,166.04641723632812,,,,,,,166.19555465619968,167.1301896118219,163.12320243356427,166.04641723632812,41336900.0,,,,,,,,,,,,,,,,,,,,
2024-07-29,GOOGL,,,,,168.56199645996094,,,,,,,167.8659964365952,169.45685146547936,167.0307964085563,168.56199645996094,20293800.0,,,,,,,,,,,,,,,,,,,,
2024-07-30,GOOGL,,,,,169.317626953125,,,,,,,169.2679245935279,170.2522619227889,167.47819966988007,169.317626953125,18959700.0,,,,,,,,,,,,,,,,,,,,
2024-07-31,GOOGL,,,,,170.56048583984375,,,,,,,172.25079083759002,173.25501819286436,169.0392234792002,170.56048583984375,25729100.0,,,,,,,,,,,,,,,,,,,,
2024-08-01,GOOGL,,,,,169.7849578857422,,,,,,,169.2778754387371,173.0561805386624,167.91570297002085,169.7849578857422,24531400.0,,,,,,,,,,,,,,,,,,,,
2024-08-02,GOOGL,,,,,165.7083740234375,,,,,,,165.4896290110481,167.54780140914312,163.729731473792,165.7083740234375,29130100.0,,,,,,,,,,,,,,,,,,,,
2024-08-05,GOOGL,,,,,158.3406982421875,,,,,,,154.61211037149235,163.49111367184287,154.0453577327485,158.3406982421875,53630700.0,,,,,,,,,,,,,,,,,,,,
2024-08-06,GOOGL,,,,,157.38616943359375,,,,,,,158.42023960862736,159.65316476450204,155.51691440769267,157.38616943359375,49004600.0,,,,,,,,,,,,,,,,,,,,
2024-08-07,GOOGL,,,,,158.03245544433594,,,,,,,160.32926292292882,162.04938037940107,157.5651379293703,158.03245544433594,25138600.0,,,,,,,,,,,,,,,,,,,,
2024-08-08,GOOGL,,,,,161.10479736328125,,,,,,,159.59347241017986,162.7553223007696,159.295197566251,161.10479736328125,25578800.0,,,,,,,,,,,,,,,,,,,,
2024-08-09,GOOGL,,,,,162.73544311523438,,,,,,,159.09633805981707,162.8547530607689,158.15176559045875,162.73544311523438,28602300.0,,,,,,,,,,,,,,,,,,,,
2024-08-12,GOOGL,,,,,161.36331176757812,,,,,,,163.41156183996847,163.95840918346863,160.9158843175958,161.36331176757812,15895300.0,,,,,,,,,,,,,,,,,,,,
2024-08-13,GOOGL,,,,,163.22262573242188,,,,,,,162.4769083434817,163.78936305875365,162.03941838117134,163.22262573242188,18551700.0,,,,,,,,,,,,,,,,,,,,
2024-08-14,GOOGL,,,,,159.45425415039062,,,,,,,161.47266127849744,162.28798621621794,156.80945475016497,159.45425415039062,40591100.0,,,,,,,,,,,,,,,,,,,,
2024-08-15,GOOGL,,,,,160.37899780273438,,,,,,,159.58356268027578,160.7170527989888,158.69864508910214,160.37899780273438,31524300.0,,,,,,,,,,,,,,,,,,,,
2024-08-16,GOOGL,,,,,162.02951049804688,,,,,,,160.54801288666866,164.11751046492753,160.20995791655398,162.02951049804688,24208600.0,,,,,,,,,,,,,,,,,,,,
2024-08-19,GOOGL,,,,,165.71832275390625,,,,,,,164.33626017508507,165.73821280320462,163.32208006414092,165.71832275390625,22416200.0,,,,,,,,,,,,,,,,,,,,
2024-08-20,GOOGL,,,,,166.2253875732422,,,,,,,165.9469875992757,167.67705758463384,165.8674577538516,166.2253875732422,18341500.0,,,,,,,,,,,,,,,,,,,,
2024-08-21,GOOGL,,,,,164.9029998779297,,,,,,,164.20698475195752,165.8972898617058,163.7297298078101,164.9029998779297,22902000.0,,,,,,,,,,,,,,,,,,,,
2024-08-22,GOOGL,,,,,162.8647003173828,,,,,,,166.30493512161505,166.63305263271135,162.3774927696954,162.8647003173828,22493300.0,,,,,,,,,,,,,,,,,,,,
2024-08-23,GOOGL,,,,,164.67431640625,,,,,,,163.77946141263345,165.23111641753695,162.89454385791046,164.67431640625,13955700.0,,,,,,,,,,,,,,,,,,,,
2024-08-26,GOOGL,,,,,165.21121215820312,,,,,,,165.42995714825835,166.59327450173777,163.52092237549783,165.21121215820312,14190400.0,,,,,,,,,,,,,,,,,,,,
2024-08-27,GOOGL,,,,,163.73965454101562,,,,,,,164.89303447390188,165.48961448654234,163.52092471948473,163.73965454101562,11821900.0,,,,,,,,,,,,,,,,,,,,
2024-08-28,GOOGL,,,,,161.92013549804688,,,,,,,164.09761789324529,164.6544330475145,160.60766539190482,161.92013549804688,16407400.0,,,,,,,,,,,,,,,,,,,,
2024-08-29,GOOGL,,,,,160.85623168945312,,,,,,,163.37178412416296,165.0223091315335,159.33496923436493,160.85623168945312,19699800.0,,,,,,,,,,,,,,,,,,,,
2024-08-30,GOOGL,,,,,162.44711303710938,,,,,,,161.69144289011467,162.72551303705623,160.76676042707592,162.44711303710938,22123800.0,,,,,,,,,,,,,,,,,,,,
2024-09-03,GOOGL,,,,,156.4614715576172,,,,,,,160.7965764689147,160.9258390209967,155.5864915219748,156.4614715576172,38945300.0,,,,,,,,,,,,,,,,,,,,
2024-09-04,GOOGL,,,,,155.55665588378906,,,,,,,155.76546344377343,158.09209822934648,155.06946352992597,155.55665588378906,19353800.0,,,,,,,,,,,,,,,,,,,,
2024-09-05,GOOGL,,,,,156.3421630859375,,,,,,,155.40752807028366,158.5395354620366,155.08934799190737,156.3421630859375,18688700.0,,,,,,,,,,,,,,,,,,,,
2024-09-06,GOOGL,,,,,150.05824279785156,,,,,,,156.40181776056022,156.92879023916618,149.69036035813147,150.05824279785156,37912100.0,,,,,,,,,,,,,,,,,,,,
2024-09-09,GOOGL,,,,,148.0570526123047,,,,,,,151.84035546476315,152.7264470558397,146.57358941726577,148.0570526123047,39260500.0,,,,,,,,,,,,,,,,,,,,
2024-09-10,GOOGL,,,,,148.0072784423828,,,,,,,149.78941235994157,150.60581925736298,147.6886761823768,148.0072784423828,31118800.0,,,,,,,,,,,,,,,,,,,,
2024-09-11,GOOGL,,,,,150.49630737304688,,,,,,,149.2617463560954,150.83481089337806,146.87229008202618,150.49630737304688,29607700.0,,,,,,,,,,,,,,,,,,,,
2024-09-12,GOOGL,,,,,154.0108184814453,,,,,,,153.1247267348267,154.14025256310887,151.97976682488095,154.0108184814453,29621500.0,,,,,,,,,,,,,,,,,,,,
2024-09-13,GOOGL,,,,,156.76866149902344,,,,,,,154.7475604574538,157.6846203163579,154.5285403677334,156.76866149902344,29591200.0,,,,,,,,,,,,,,,,,,,,
2024-09-16,GOOGL,,,,,157.3660125732422,,,,,,,156.61930555531896,157.555180781803,155.91243141908913,157.3660125732422,18379800.0,,,,,,,,,,,,,,,,,,,,
2024-09-17,GOOGL,,,,,158.6204833984375,,,,,,,158.32179756550258,159.84507860249886,157.68460821141127,158.6204833984375,20715600.0,,,,,,,,,,,,,,,,,,,,
2024-09-18,GOOGL,,,,,159.1083526611328,,,,,,,159.1581361747725,159.7953256506922,157.90367366674798,159.1083526611328,23677300.0,,,,,,,,,,,,,,,,,,,,
2024-09-19,GOOGL,,,,,161.4281005859375,,,,,,,162.9912145689688,163.07084994877528,160.631610061734,161.4281005859375,26587700.0,,,,,,,,,,,,,,,,,,,,
2024-09-20,GOOGL,,,,,162.87173461914062,,,,,,,162.78213342108606,163.01111932448998,161.34845348503907,162.87173461914062,40896400.0,,,,,,,,,,,,,,,,,,,,
2024-09-23,GOOGL,,,,,161.13937377929688,,,,,,,163.6283970678755,164.76339107979564,160.9601562027871,161.13937377929688,24150900.0,,,,,,,,,,,,,,,,,,,,
2024-09-24,GOOGL,,,,,161.5774383544922,,,,,,,162.31419475907774,162.5033629705114,159.98447247380625,161.5774383544922,23332100.0,,,,,,,,,,,,,,,,,,,,
2024-09-25,GOOGL,,,,,160.78094482421875,,,,,,,160.7610283853223,162.0951411473419,160.59177663418174,160.78094482421875,18869200.0,,,,,,,,,,,,,,,,,,,,
2024-09-26,GOOGL,,,,,162.0155029296875,,,,,,,162.9215110711205,163.35958160947462,161.56748176702274,162.0155029296875,20319300.0,,,,,,,,,,,,,,,,,,,,
2024-09-27,GOOGL,,,,,163.23016357421875,,,,,,,162.0951694277683,164.9724800827397,161.91596702181027,163.23016357421875,21101300.0,,,,,,,,,,,,,,,,,,,,
2024-09-30,GOOGL,,,,,165.121826171875,,,,,,,162.60293558835963,165.42049684043894,162.5431862628529,165.121826171875,20413900.0,,,,,,,,,,,,,,,,,,,,
2024-10-01,GOOGL,,,,,166.25680541992188,,,,,,,166.9537289039037,168.41727581616183,163.85738331840562,166.25680541992188,28338100.0,,,,,,,,,,,,,,,,,,,,
2024-10-02,GOOGL,,,,,165.13177490234375,,,,,,,165.6893137329917,166.78449014447432,164.00673142434744,165.13177490234375,17760200.0,,,,,,,,,,,,,,,,,,,,
2024-10-03,GOOGL,,,,,165.13177490234375,,,,,,,163.68814431760305,165.90834901528822,163.2002902448892,165.13177490234375,15073100.0,,,,,,,,,,,,,,,,,,,,
2024-10-04,GOOGL,,,,,166.32650756835938,,,,,,,167.3221169901183,167.491368768802,164.75344285896497,166.32650756835938,19047400.0,,,,,,,,,,,,,,,,,,,,
2024-10-07,GOOGL,,,,,162.264404296875,,,,,,,166.9835979885841,167.74025561009242,162.0354184047515,162.264404296875,22463100.0,,,,,,,,,,,,,,,,,,,,
2024-10-08,GOOGL,,,,,163.6582794189453,,,,,,,163.2202088485495,164.00673359681912,162.15489948946927,163.6582794189453,23072700.0,,,,,,,,,,,,,,,,,,,,
2024-10-09,GOOGL,,,,,161.1493377685547,,,,,,,162.7323530653501,164.11624952090352,159.0386507061608,161.1493377685547,31181800.0,,,,,,,,,,,,,,,,,,,,
2024-10-10,GOOGL,,,,,161.3683624267578,,,,,,,160.16366845010265,162.35402113493024,159.695730848507,161.3683624267578,14144100.0,,,,,,,,,,,,,,,,,,,,
2024-10-11,GOOGL,,,,,162.5232696533203,,,,,,,161.41814270869355,163.18036025385564,160.53205102817606,162.5232696533203,15344300.0,,,,,,,,,,,,,,,,,,,,
2024-10-14,GOOGL,,,,,164.23573303222656,,,,,,,162.92152133437537,165.5001460300089,162.68256960973142,164.23573303222656,19016100.0,,,,,,,,,,,,,,,,,,,,
2024-10-15,GOOGL,,,,,164.7335205078125,,,,,,,165.06205820613152,166.94375916455598,163.9071629705859,164.7335205078125,20247200.0,,,,,,,,,,,,,,,,,,,,
2024-10-16,GOOGL,,,,,164.43484497070312,,,,,,,163.80760621471472,165.07203435121127,163.02108150744417,164.43484497070312,16406000.0,,,,,,,,,,,,,,,,,,,,
2024-10-17,GOOGL,,,,,162.21461486816406,,,,,,,165.00232392781157,165.6395132678631,162.04536311131514,162.21461486816406,21453400.0,,,,,,,,,,,,,,,,,,,,
2024-10-18,GOOGL,,,,,162.70248413085938,,,,,,,162.47349822564962,163.98682874694387,162.36398058545478,162.70248413085938,19757700.0,,,,,,,,,,,,,,,,,,,,
2024-10-21,GOOGL,,,,,163.34963989257812,,,,,,,162.234547045473,163.77774463817317,161.90599412379152,163.34963989257812,20946500.0,,,,,,,,,,,,,,,,,,,,
2024-10-22,GOOGL,,,,,164.41493225097656,,,,,,,162.26441234616763,165.0421710211609,162.26441234616763,164.41493225097656,16568100.0,,,,,,,,,,,,,,,,,,,,
2024-10-23,GOOGL,,,,,162.06529235839844,,,,,,,164.0365946612512,165.09195335667494,161.21901831548328,162.06529235839844,18280500.0,,,,,,,,,,,,,,,,,,,,
2024-10-24,GOOGL,,,,,162.00555419921875,,,,,,,162.11507183508752,162.61287650871054,160.3030555310391,162.00555419921875,22412500.0,,,,,,,,,,,,,,,,,,,,
2024-10-25,GOOGL,,,,,164.5443572998047,,,,,,,162.95137630402328,164.86294438388538,162.70247397291948,164.5443572998047,19828900.0,,,,,,,,,,,,,,,,,,,,
2024-10-28,GOOGL,,,,,165.9879913330078,,,,,,,168.00907708946656,168.00907708946656,163.23014919167423,165.9879913330078,32138600.0,,,,,,,,,,,,,,,,,,,,
2024-10-29,GOOGL,,,,,168.9349822998047,,,,,,,166.99354716216052,169.6319209779577,166.3563578043749,168.9349822998047,42169000.0,,,,,,,,,,,,,,,,,,,,
2024-10-30,GOOGL,,,,,173.69400024414062,,,,,,,179.88667593834245,181.22080390832798,173.29574742034202,173.69400024414062,68890800.0,,,,,,,,,,,,,,,,,,,,
2024-10-31,GOOGL,,,,,170.3587188720703,,,,,,,172.3698540409386,176.04365502457762,170.2492012343648,170.3587188720703,44769000.0,,,,,,,,,,,,,,,,,,,,
2024-11-01,GOOGL,,,,,170.5379180908203,,,,,,,169.32328866587017,171.56340969304173,168.13851111414587,170.5379180908203,31796500.0,,,,,,,,,,,,,,,,,,,,
2024-11-04,GOOGL,,,,,168.49693298339844,,,,,,,169.18389067835992,169.98038120201446,167.27232253666486,168.49693298339844,21492700.0,,,,,,,,,,,,,,,,,,,,
2024-11-05,GOOGL,,,,,168.99473571777344,,,,,,,168.6860840596654,169.78126041606683,168.09867819204692,168.99473571777344,18242100.0,,,,,,,,,,,,,,,,,,,,
2024-11-06,GOOGL,,,,,175.73501586914062,,,,,,,173.03692280821232,176.1631358258417,172.73823693941065,175.73501586914062,33695500.0,,,,,,,,,,,,,,,,,,,,
2024-11-07,GOOGL,,,,,179.95640563964844,,,,,,,176.63107376791186,180.28495857669466,176.4120384765477,179.95640563964844,25352900.0,,,,,,,,,,,,,,,,,,,,
2024-11-08,GOOGL,,,,,177.56692504882812,,,,,,,179.85681428948374,180.10571661492824,177.2981062836462,177.56692504882812,22006200.0,,,,,,,,,,,,,,,,,,,,
2024-11-11,GOOGL,,,,,179.5581512451172,,,,,,,177.79591845275107,179.7572700755342,177.68640081725277,179.5581512451172,17450400.0,,,,,,,,,,,,,,,,,,,,
2024-11-12,GOOGL,,,,,180.8225555419922,,,,,,,179.03047096199322,181.68874596023673,178.6023510648301,180.8225555419922,25134900.0,,,,,,,,,,,,,,,,,,,,
2024-11-13,GOOGL,,,,,178.0946044921875,,,,,,,179.66766908027805,180.16547375277025,177.75608576913012,178.0946044921875,23184000.0,,,,,,,,,,,,,,,,,,,,
2024-11-14,GOOGL,,,,,174.80908203125,,,,,,,177.49722409234613,178.0348616196407,173.5546197872164,174.80908203125,31007500.0,,,,,,,,,,,,,,,,,,,,
2024-11-15,GOOGL,,,,,171.732666015625,,,,,,,172.96721191394371,173.37541540242353,170.46823785970153,171.732666015625,32504600.0,,,,,,,,,,,,,,,,,,,,
2024-11-18,GOOGL,,,,,174.5303192138672,,,,,,,172.6585688053745,174.6697039128958,172.1408476982141,174.5303192138672,20135300.0,,,,,,,,,,,,,,,,,,,,
2024-11-19,GOOGL,,,,,177.3379364013672,,,,,,,172.95726124320882,178.08464343003916,172.7979600977284,177.3379364013672,23434900.0,,,,,,,,,,,,,,,,,,,,
2024-11-20,GOOGL,,,,,175.2073211669922,,,,,,,176.56135042889815,176.89985394642653,173.01698373526585,175.2073211669922,18997100.0,,,,,,,,,,,,,,,,,,,,
2024-11-21,GOOGL,,,,,166.89401245117188,,,,,,,173.13647259575043,173.3654737011491,162.98125951876034,166.89401245117188,59734400.0,,,,,,,,,,,,,,,,,,,,
2024-11-22,GOOGL,,,,,164.03659057617188,,,,,,,165.12181631038618,165.7291386198519,163.18036592990532,164.03659057617188,38604600.0,,,,,,,,,,,,,,,,,,,,
2024-11-25,GOOGL,,,,,166.9138946533203,,,,,,,165.36074656125817,167.88960271467622,164.88285834642193,166.9138946533203,33135300.0,,,,,,,,,,,,,,,,,,,,
2024-11-26,GOOGL,,,,,168.37745666503906,,,,,,,166.89400838356315,169.07439539763973,166.844224875264,168.37745666503906,20486700.0,,,,,,,,,,,,,,,,,,,,
2024-11-27,GOOGL,,,,,168.48696899414062,,,,,,,168.25798309333703,168.73587133599466,167.28229016697128,168.48696899414062,19266500.0,,,,,,,,,,,,,,,,,,,,
2024-11-29,GOOGL,,,,,168.2082061767578,,,,,,,167.76018498222638,168.6860944381384,166.42607202365048,168.2082061767578,14257200.0,,,,,,,,,,,,,,,,,,,,
2024-12-02,GOOGL,,,,,170.73704528808594,,,,,,,168.02898676148365,171.32445113236562,167.82986793872016,170.73704528808594,23789100.0,,,,,,,,,,,,,,,,,,,,
2024-12-03,GOOGL,,,,,170.5876922607422,,,,,,,170.73704276945597,171.9218050645491,170.09985343093683,170.5876922607422,22248700.0,,,,,,,,,,,,,,,,,,,,
2024-12-04,GOOGL,,,,,173.60440063476562,,,,,,,170.39853725449947,174.14203820088363,170.3089360574109,173.60440063476562,31615100.0,,,,,,,,,,,,,,,,,,,,
2024-12-05,GOOGL,,,,,171.88198852539062,,,,,,,174.5900470301335,175.2869705000764,171.57335207382965,171.88198852539062,21356200.0,,,,,,,,,,,,,,,,,,,,
2024-12-06,GOOGL,,,,,173.94293212890625,,,,,,,171.27469092717953,174.31130276071772,171.10543914521764,173.94293212890625,21462400.0,,,,,,,,,,,,,,,,,,,,
2024-12-09,GOOGL,,,,,174.8001251220703,,,,,,,173.3947185178427,175.68723243233256,173.08571309629525,174.8001251220703,25389600.0,,,,,,,,,,,,,,,,,,,,
2024-12-10,GOOGL,,,,,184.56826782226562,,,,,,,182.2558148271153,185.75440321939527,180.46166108394456,184.56826782226562,54813000.0,,,,,,,,,,,,,,,,,,,,
2024-12-11,GOOGL,,,,,194.76502990722656,,,,,,,184.70782161706586,194.97435419169267,184.2493249317854,194.76502990722656,67894100.0,,,,,,,,,,,,,,,,,,,,
2024-12-12,GOOGL,,,,,191.33621215820312,,,,,,,194.36632666128313,194.54573443162946,191.08702455991943,191.33621215820312,34817500.0,,,,,,,,,,,,,,,,,,,,
2024-12-13,GOOGL,,,,,189.20315551757812,,,,,,,190.38927563816205,192.10368742772263,189.02373254884577,189.20315551757812,25143500.0,,,,,,,,,,,,,,,,,,,,
2024-12-16,GOOGL,,,,,196.02093505859375,,,,,,,192.2432425689094,198.3533273175459,191.99405497177682,196.02093505859375,44934900.0,,,,,,,,,,,,,,,,,,,,
2024-12-17,GOOGL,,,,,194.7849578857422,,,,,,,196.60901291047233,200.76546017959686,194.34638528405358,194.7849578857422,43504000.0,,,,,,,,,,,,,,,,,,,,
2024-12-18,GOOGL,,,,,187.7877655029297,,,,,,,194.58561039475242,196.35982485436523,187.12992181114345,187.7877655029297,34166100.0,,,,,,,,,,,,,,,,,,,,
2024-12-19,GOOGL,,,,,187.8974151611328,,,,,,,191.00728679661606,192.40273129322728,187.7678479495074,187.8974151611328,32265200.0,,,,,,,,,,,,,,,,,,,,
2024-12-20,GOOGL,,,,,190.78797912597656,,,,,,,185.17627005377298,192.2631653156739,184.6180923176282,190.78797912597656,63462900.0,,,,,,,,,,,,,,,,,,,,
2024-12-23,GOOGL,,,,,193.99754333496094,,,,,,,191.99406521325346,194.46601725929617,189.5320904055188,193.99754333496094,25675000.0,,,,,,,,,,,,,,,,,,,,
2024-12-24,GOOGL,,,,,195.4727325439453,,,,,,,194.20685520618696,195.4727325439453,193.15030215624884,195.4727325439453,10403300.0,,,,,,,,,,,,,,,,,,,,
2024-12-26,GOOGL,,,,,194.96438598632812,,,,,,,194.51583613513964,196.11064287242172,193.7483492712215,194.96438598632812,12046600.0,,,,,,,,,,,,,,,,,,,,
2024-12-27,GOOGL,,,,,192.1335906982422,,,,,,,194.31647638353087,194.68528435280825,190.0304468655215,192.1335906982422,18891400.0,,,,,,,,,,,,,,,,,,,,
2024-12-30,GOOGL,,,,,190.61854553222656,,,,,,,189.18322257123907,191.92428607864605,188.50542441334892,190.61854553222656,14264700.0,,,,,,,,,,,,,,,,,,,,
2024-12-31,GOOGL,,,,,188.6848602294922,,,,,,,190.45907478557154,191.33622003458325,187.89741886934635,188.6848602294922,17466900.0,,,,,,,,,,,,,,,,,,,,
2023-01-03,AMZN,,,,,85.81999969482422,,,,,,,,,,,,85.45999908447266,86.95999908447266,84.20999908447266,85.81999969482422,76706000.0,,,,,,,,,,,,,,,
2023-01-04,AMZN,,,,,85.13999938964844,,,,,,,,,,,,86.55000305175781,86.9800033569336,83.36000061035156,85.13999938964844,68885100.0,,,,,,,,,,,,,,,
2023-01-05,AMZN,,,,,83.12000274658203,,,,,,,,,,,,85.33000183105469,85.41999816894531,83.06999969482422,83.12000274658203,67930800.0,,,,,,,,,,,,,,,
2023-01-06,AMZN,,,,,86.08000183105469,,,,,,,,,,,,83.02999877929688,86.4000015258789,81.43000030517578,86.08000183105469,83303400.0,,,,,,,,,,,,,,,
2023-01-09,AMZN,,,,,87.36000061035156,,,,,,,,,,,,87.45999908447266,89.4800033569336,87.08000183105469,87.36000061035156,65266100.0,,,,,,,,,,,,,,,
2023-01-10,AMZN,,,,,89.87000274658203,,,,,,,,,,,,87.56999969482422,90.19000244140625,87.29000091552734,89.87000274658203,67756600.0,,,,,,,,,,,,,,,
2023-01-11,AMZN,,,,,95.08999633789062,,,,,,,,,,,,90.93000030517578,95.26000213623047,90.93000030517578,95.08999633789062,103126200.0,,,,,,,,,,,,,,,
2023-01-12,AMZN,,,,,95.2699966430664,,,,,,,,,,,,96.93000030517578,97.19000244140625,93.5,95.2699966430664,85254800.0,,,,,,,,,,,,,,,
2023-01-13,AMZN,,,,,98.12000274658203,,,,,,,,,,,,94.18000030517578,98.37000274658203,94.12000274658203,98.12000274658203,85549400.0,,,,,,,,,,,,,,,
2023-01-17,AMZN,,,,,96.05000305175781,,,,,,,,,,,,98.68000030517578,98.88999938964844,95.7300033569336,96.05000305175781,72755000.0,,,,,,,,,,,,,,,
2023-01-18,AMZN,,,,,95.45999908447266,,,,,,,,,,,,97.25,99.31999969482422,95.37999725341797,95.45999908447266,79570400.0,,,,,,,,,,,,,,,
2023-01-19,AMZN,,,,,93.68000030517578,,,,,,,,,,,,94.73999786376953,95.44000244140625,92.86000061035156,93.68000030517578,69002700.0,,,,,,,,,,,,,,,
2023-01-20,AMZN,,,,,97.25,,,,,,,,,,,,93.86000061035156,97.3499984741211,93.19999694824219,97.25,67481500.0,,,,,,,,,,,,,,,
2023-01-23,AMZN,,,,,97.5199966430664,,,,,,,,,,,,97.55999755859375,97.77999877929688,95.86000061035156,97.5199966430664,76501100.0,,,,,,,,,,,,,,,
2023-01-24,AMZN,,,,,96.31999969482422,,,,,,,,,,,,96.93000030517578,98.08999633789062,96.0,96.31999969482422,66929500.0,,,,,,,,,,,,,,,
2023-01-25,AMZN,,,,,97.18000030517578,,,,,,,,,,,,92.55999755859375,97.23999786376953,91.5199966430664,97.18000030517578,94261600.0,,,,,,,,,,,,,,,
2023-01-26,AMZN,,,,,99.22000122070312,,,,,,,,,,,,98.23999786376953,99.48999786376953,96.91999816894531,99.22000122070312,68523600.0,,,,,,,,,,,,,,,
2023-01-27,AMZN,,,,,102.23999786376953,,,,,,,,,,,,99.52999877929688,103.48999786376953,99.52999877929688,102.23999786376953,87775600.0,,,,,,,,,,,,,,,
2023-01-30,AMZN,,,,,100.55000305175781,,,,,,,,,,,,101.08999633789062,101.73999786376953,99.01000213623047,100.55000305175781,70691900.0,,,,,,,,,,,,,,,
2023-01-31,AMZN,,,,,103.12999725341797,,,,,,,,,,,,101.16000366210938,103.3499984741211,101.13999938964844,103.12999725341797,66527300.0,,,,,,,,,,,,,,,
2023-02-01,AMZN,,,,,105.1500015258789,,,,,,,,,,,,102.52999877929688,106.23999786376953,101.23999786376953,105.1500015258789,80450100.0,,,,,,,,,,,,,,,
2023-02-02,AMZN,,,,,112.91000366210938,,,,,,,,,,,,110.25,114.0,108.87999725341797,112.91000366210938,158154200.0,,,,,,,,,,,,,,,
2023-02-03,AMZN,,,,,103.38999938964844,,,,,,,,,,,,105.26000213623047,108.77999877929688,102.5199966430664,103.38999938964844,144374800.0,,,,,,,,,,,,,,,
2023-02-06,AMZN,,,,,102.18000030517578,,,,,,,,,,,,102.93000030517578,103.94999694824219,100.6500015258789,102.18000030517578,81945200.0,,,,,,,,,,,,,,,
2023-02-07,AMZN,,,,,102.11000061035156,,,,,,,,,,,,101.16999816894531,102.41000366210938,98.08000183105469,102.11000061035156,119501300.0,,,,,,,,,,,,,,,
2023-02-08,AMZN,,,,,100.05000305175781,,,,,,,,,,,,102.04000091552734,102.66999816894531,98.77999877929688,100.05000305175781,75878300.0,,,,,,,,,,,,,,,
2023-02-09,AMZN,,,,,98.23999786376953,,,,,,,,,,,,101.31999969482422,101.77999877929688,97.56999969482422,98.23999786376953,64622500.0,,,,,,,,,,,,,,,
2023-02-10,AMZN,,,,,97.61000061035156,,,,,,,,,,,,97.55999755859375,98.81999969482422,96.2300033569336,97.61000061035156,52740100.0,,,,,,,,,,,,,,,
2023-02-13,AMZN,,,,,99.54000091552734,,,,,,,,,,,,97.8499984741211,99.68000030517578,96.91000366210938,99.54000091552734,52841500.0,,,,,,,,,,,,,,,
2023-02-14,AMZN,,,,,99.69999694824219,,,,,,,,,,,,98.41000366210938,100.91999816894531,97.5199966430664,99.69999694824219,56202900.0,,,,,,,,,,,,,,,
2023-02-15,AMZN,,,,,101.16000366210938,,,,,,,,,,,,99.08999633789062,101.16999816894531,98.44999694824219,101.16000366210938,47957600.0,,,,,,,,,,,,,,,
2023-02-16,AMZN,,,,,98.1500015258789,,,,,,,,,,,,99.20999908447266,100.62999725341797,98.0999984741211,98.1500015258789,56339200.0,,,,,,,,,,,,,,,
2023-02-17,AMZN,,,,,97.19999694824219,,,,,,,,,,,,97.80000305175781,97.94000244140625,95.6500015258789,97.19999694824219,60029400.0,,,,,,,,,,,,,,,
2023-02-21,AMZN,,,,,94.58000183105469,,,,,,,,,,,,95.33999633789062,95.61000061035156,94.2699966430664,94.58000183105469,56580400.0,,,,,,,,,,,,,,,
2023-02-22,AMZN,,,,,95.79000091552734,,,,,,,,,,,,95.0999984741211,97.01000213623047,94.80000305175781,95.79000091552734,59534100.0,,,,,,,,,,,,,,,
2023-02-23,AMZN,,,,,95.81999969482422,,,,,,,,,,,,96.12000274658203,96.43000030517578,93.66999816894531,95.81999969482422,48467000.0,,,,,,,,,,,,,,,
2023-02-24,AMZN,,,,,93.5,,,,,,,,,,,,93.52999877929688,94.13999938964844,92.31999969482422,93.5,57053800.0,,,,,,,,,,,,,,,
2023-02-27,AMZN,,,,,93.76000213623047,,,,,,,,,,,,94.27999877929688,94.77999877929688,93.13999938964844,93.76000213623047,47470300.0,,,,,,,,,,,,,,,
2023-02-28,AMZN,,,,,94.2300033569336,,,,,,,,,,,,93.13999938964844,94.69000244140625,92.91999816894531,94.2300033569336,43959300.0,,,,,,,,,,,,,,,
2023-03-01,AMZN,,,,,92.16999816894531,,,,,,,,,,,,93.87000274658203,94.68000030517578,91.58999633789062,92.16999816894531,52299500.0,,,,,,,,,,,,,,,
2023-03-02,AMZN,,,,,92.12999725341797,,,,,,,,,,,,91.41000366210938,92.2300033569336,90.38999938964844,92.12999725341797,55509400.0,,,,,,,,,,,,,,,
2023-03-03,AMZN,,,,,94.9000015258789,,,,,,,,,,,,92.73999786376953,94.94000244140625,92.66000366210938,94.9000015258789,55759600.0,,,,,,,,,,,,,,,
2023-03-06,AMZN,,,,,93.75,,,,,,,,,,,,95.19000244140625,96.55000305175781,93.73999786376953,93.75,52112400.0,,,,,,,,,,,,,,,
2023-03-07,AMZN,,,,,93.55000305175781,,,,,,,,,,,,94.05999755859375,95.08999633789062,92.77999877929688,93.55000305175781,49100700.0,,,,,,,,,,,,,,,
2023-03-08,AMZN,,,,,93.91999816894531,,,,,,,,,,,,93.5999984741211,94.16999816894531,92.18000030517578,93.91999816894531,44899100.0,,,,,,,,,,,,,,,
2023-03-09,AMZN,,,,,92.25,,,,,,,,,,,,93.68000030517578,96.20999908447266,92.18000030517578,92.25,56218700.0,,,,,,,,,,,,,,,
2023-03-10,AMZN,,,,,90.7300033569336,,,,,,,,,,,,92.66999816894531,93.56999969482422,90.25,90.7300033569336,69827500.0,,,,,,,,,,,,,,,
2023-03-13,AMZN,,,,,92.43000030517578,,,,,,,,,,,,89.97000122070312,94.0199966430664,88.12000274658203,92.43000030517578,72397100.0,,,,,,,,,,,,,,,
2023-03-14,AMZN,,,,,94.87999725341797,,,,,,,,,,,,93.83000183105469,95.06999969482422,92.70999908447266,94.87999725341797,60912700.0,,,,,,,,,,,,,,,
2023-03-15,AMZN,,,,,96.19999694824219,,,,,,,,,,,,93.22000122070312,96.66999816894531,93.06999969482422,96.19999694824219,70731800.0,,,,,,,,,,,,,,,
2023-03-16,AMZN,,,,,100.04000091552734,,,,,,,,,,,,95.75,100.98999786376953,95.61000061035156,100.04000091552734,84446900.0,,,,,,,,,,,,,,,
2023-03-17,AMZN,,,,,98.94999694824219,,,,,,,,,,,,99.79000091552734,100.66000366210938,97.45999908447266,98.94999694824219,87300200.0,,,,,,,,,,,,,,,
2023-03-20,AMZN,,,,,97.70999908447266,,,,,,,,,,,,98.41000366210938,98.4800033569336,95.69999694824219,97.70999908447266,62388900.0,,,,,,,,,,,,,,,
2023-03-21,AMZN,,,,,100.61000061035156,,,,,,,,,,,,98.13999938964844,100.8499984741211,98.0,100.61000061035156,58597300.0,,,,,,,,,,,,,,,
2023-03-22,AMZN,,,,,98.69999694824219,,,,,,,,,,,,100.44999694824219,102.0999984741211,98.61000061035156,98.69999694824219,57475400.0,,,,,,,,,,,,,,,
2023-03-23,AMZN,,,,,98.70999908447266,,,,,,,,,,,,100.43000030517578,101.05999755859375,97.62000274658203,98.70999908447266,57559300.0,,,,,,,,,,,,,,,
2023-03-24,AMZN,,,,,98.12999725341797,,,,,,,,,,,,98.06999969482422,98.30000305175781,96.4000015258789,98.12999725341797,56095400.0,,,,,,,,,,,,,,,
2023-03-27,AMZN,,,,,98.04000091552734,,,,,,,,,,,,99.06999969482422,99.33999633789062,97.08000183105469,98.04000091552734,46721300.0,,,,,,,,,,,,,,,
2023-03-28,AMZN,,,,,97.23999786376953,,,,,,,,,,,,98.11000061035156,98.44000244140625,96.29000091552734,97.23999786376953,38720100.0,,,,,,,,,,,,,,,
2023-03-29,AMZN,,,,,100.25,,,,,,,,,,,,98.69000244140625,100.41999816894531,98.55999755859375,100.25,49783300.0,,,,,,,,,,,,,,,
2023-03-30,AMZN,,,,,102.0,,,,,,,,,,,,101.55000305175781,103.04000091552734,101.01000213623047,102.0,53633400.0,,,,,,,,,,,,,,,
2023-03-31,AMZN,,,,,103.29000091552734,,,,,,,,,,,,102.16000366210938,103.48999786376953,101.94999694824219,103.29000091552734,56750300.0,,,,,,,,,,,,,,,
2023-04-03,AMZN,,,,,102.41000366210938,,,,,,,,,,,,102.30000305175781,103.29000091552734,101.43000030517578,102.41000366210938,41135700.0,,,,,,,,,,,,,,,
2023-04-04,AMZN,,,,,103.94999694824219,,,,,,,,,,,,102.75,104.19999694824219,102.11000061035156,103.94999694824219,48662500.0,,,,,,,,,,,,,,,
2023-04-05,AMZN,,,,,101.0999984741211,,,,,,,,,,,,103.91000366210938,103.91000366210938,100.75,101.0999984741211,45175400.0,,,,,,,,,,,,,,,
2023-04-06,AMZN,,,,,102.05999755859375,,,,,,,,,,,,100.75,102.37999725341797,99.80000305175781,102.05999755859375,43808000.0,,,,,,,,,,,,,,,
2023-04-10,AMZN,,,,,102.16999816894531,,,,,,,,,,,,100.95999908447266,102.19999694824219,99.56999969482422,102.16999816894531,37261200.0,,,,,,,,,,,,,,,
2023-04-11,AMZN,,,,,99.91999816894531,,,,,,,,,,,,100.80000305175781,101.0,99.01000213623047,99.91999816894531,60417800.0,,,,,,,,,,,,,,,
2023-04-12,AMZN,,,,,97.83000183105469,,,,,,,,,,,,100.4000015258789,100.51000213623047,97.70999908447266,97.83000183105469,56735000.0,,,,,,,,,,,,,,,
2023-04-13,AMZN,,,,,102.4000015258789,,,,,,,,,,,,98.94999694824219,102.56999969482422,98.70999908447266,102.4000015258789,67925100.0,,,,,,,,,,,,,,,
2023-04-14,AMZN,,,,,102.51000213623047,,,,,,,,,,,,102.06999969482422,103.19999694824219,101.11000061035156,102.51000213623047,51450500.0,,,,,,,,,,,,,,,
2023-04-17,AMZN,,,,,102.73999786376953,,,,,,,,,,,,103.16000366210938,103.7300033569336,101.58999633789062,102.73999786376953,39919500.0,,,,,,,,,,,,,,,
2023-04-18,AMZN,,,,,102.30000305175781,,,,,,,,,,,,103.94999694824219,104.19999694824219,101.5199966430664,102.30000305175781,39790500.0,,,,,,,,,,,,,,,
2023-04-19,AMZN,,,,,104.30000305175781,,,,,,,,,,,,101.58000183105469,105.12000274658203,101.38999938964844,104.30000305175781,58398900.0,,,,,,,,,,,,,,,
2023-04-20,AMZN,,,,,103.80999755859375,,,,,,,,,,,,103.52999877929688,105.25,103.20999908447266,103.80999755859375,57696900.0,,,,,,,,,,,,,,,
2023-04-21,AMZN,,,,,106.95999908447266,,,,,,,,,,,,106.0999984741211,108.1500015258789,105.08000183105469,106.95999908447266,86774200.0,,,,,,,,,,,,,,,
2023-04-24,AMZN,,,,,106.20999908447266,,,,,,,,,,,,107.66000366210938,109.2300033569336,105.06999969482422,106.20999908447266,69575600.0,,,,,,,,,,,,,,,
2023-04-25,AMZN,,,,,102.56999969482422,,,,,,,,,,,,104.91000366210938,105.44999694824219,102.44999694824219,102.56999969482422,65026800.0,,,,,,,,,,,,,,,
2023-04-26,AMZN,,,,,104.9800033569336,,,,,,,,,,,,105.04000091552734,106.62000274658203,104.0999984741211,104.9800033569336,73803800.0,,,,,,,,,,,,,,,
2023-04-27,AMZN,,,,,109.81999969482422,,,,,,,,,,,,108.16000366210938,110.86000061035156,106.80000305175781,109.81999969482422,149961200.0,,,,,,,,,,,,,,,
2023-04-28,AMZN,,,,,105.44999694824219,,,,,,,,,,,,107.7300033569336,109.4800033569336,104.33000183105469,105.44999694824219,130715900.0,,,,,,,,,,,,,,,
2023-05-01,AMZN,,,,,102.05000305175781,,,,,,,,,,,,104.94999694824219,105.2300033569336,101.81999969482422,102.05000305175781,74728100.0,,,,,,,,,,,,,,,
2023-05-02,AMZN,,,,,103.62999725341797,,,,,,,,,,,,101.47000122070312,103.9000015258789,101.1500015258789,103.62999725341797,73469400.0,,,,,,,,,,,,,,,
2023-05-03,AMZN,,,,,103.6500015258789,,,,,,,,,,,,103.73999786376953,105.95999908447266,103.27999877929688,103.6500015258789,65051900.0,,,,,,,,,,,,,,,
2023-05-04,AMZN,,,,,104.0,,,,,,,,,,,,104.04000091552734,105.38999938964844,103.30999755859375,104.0,45345500.0,,,,,,,,,,,,,,,
2023-05-05,AMZN,,,,,105.66000366210938,,,,,,,,,,,,104.2699966430664,105.76000213623047,103.55000305175781,105.66000366210938,56951700.0,,,,,,,,,,,,,,,
2023-05-08,AMZN,,,,,105.83000183105469,,,,,,,,,,,,105.04000091552734,106.0999984741211,104.69999694824219,105.83000183105469,49430900.0,,,,,,,,,,,,,,,
2023-05-09,AMZN,,,,,106.62000274658203,,,,,,,,,,,,105.4800033569336,106.79000091552734,105.16000366210938,106.62000274658203,44089400.0,,,,,,,,,,,,,,,
2023-05-10,AMZN,,,,,110.19000244140625,,,,,,,,,,,,108.0999984741211,110.66999816894531,108.05000305175781,110.19000244140625,78627600.0,,,,,,,,,,,,,,,
2023-05-11,AMZN,,,,,112.18000030517578,,,,,,,,,,,,111.02999877929688,113.27999877929688,110.48999786376953,112.18000030517578,74924800.0,,,,,,,,,,,,,,,
2023-05-12,AMZN,,,,,110.26000213623047,,,,,,,,,,,,112.16000366210938,112.63999938964844,109.31999969482422,110.26000213623047,49852700.0,,,,,,,,,,,,,,,
2023-05-15,AMZN,,,,,111.19999694824219,,,,,,,,,,,,111.1500015258789,112.29000091552734,109.25,111.19999694824219,53011100.0,,,,,,,,,,,,,,,
2023-05-16,AMZN,,,,,113.4000015258789,,,,,,,,,,,,111.05000305175781,114.79000091552734,111.05000305175781,113.4000015258789,71472900.0,,,,,,,,,,,,,,,
2023-05-17,AMZN,,,,,115.5,,,,,,,,,,,,114.88999938964844,115.83000183105469,114.22000122070312,115.5,65655200.0,,,,,,,,,,,,,,,
2023-05-18,AMZN,,,,,118.1500015258789,,,,,,,,,,,,116.69000244140625,118.5999984741211,116.33999633789062,118.1500015258789,73174100.0,,,,,,,,,,,,,,,
2023-05-19,AMZN,,,,,116.25,,,,,,,,,,,,118.16000366210938,118.30999755859375,115.69999694824219,116.25,55056300.0,,,,,,,,,,,,,,,
2023-05-22,AMZN,,,,,115.01000213623047,,,,,,,,,,,,116.7699966430664,116.7699966430664,114.25,115.01000213623047,70741100.0,,,,,,,,,,,,,,,
2023-05-23,AMZN,,,,,114.98999786376953,,,,,,,,,,,,114.2699966430664,117.13999938964844,113.77999877929688,114.98999786376953,67576300.0,,,,,,,,,,,,,,,
2023-05-24,AMZN,,,,,116.75,,,,,,,,,,,,115.3499984741211,117.33999633789062,115.0199966430664,116.75,63487900.0,,,,,,,,,,,,,,,
2023-05-25,AMZN,,,,,115.0,,,,,,,,,,,,116.62999725341797,116.87000274658203,114.30999755859375,115.0,66496700.0,,,,,,,,,,,,,,,
2023-05-26,AMZN,,,,,120.11000061035156,,,,,,,,,,,,116.04000091552734,121.5,116.0199966430664,120.11000061035156,96779900.0,,,,,,,,,,,,,,,
2023-05-30,AMZN,,,,,121.66000366210938,,,,,,,,,,,,122.37000274658203,122.91999816894531,119.86000061035156,121.66000366210938,64314800.0,,,,,,,,,,,,,,,
2023-05-31,AMZN,,,,,120.58000183105469,,,,,,,,,,,,121.44999694824219,122.04000091552734,119.16999816894531,120.58000183105469,72800800.0,,,,,,,,,,,,,,,
2023-06-01,AMZN,,,,,122.7699966430664,,,,,,,,,,,,120.69000244140625,123.48999786376953,119.93000030517578,122.7699966430664,54375100.0,,,,,,,,,,,,,,,
2023-06-02,AMZN,,,,,124.25,,,,,,,,,,,,124.91999816894531,126.38999938964844,124.0199966430664,124.25,61264400.0,,,,,,,,,,,,,,,
2023-06-05,AMZN,,,,,125.30000305175781,,,,,,,,,,,,123.36000061035156,125.80000305175781,123.02999877929688,125.30000305175781,47950100.0,,,,,,,,,,,,,,,
2023-06-06,AMZN,,,,,126.61000061035156,,,,,,,,,,,,125.06999969482422,127.4000015258789,125.0,126.61000061035156,45695200.0,,,,,,,,,,,,,,,
2023-06-07,AMZN,,,,,121.2300033569336,,,,,,,,,,,,127.01000213623047,127.37000274658203,120.62999725341797,121.2300033569336,95663300.0,,,,,,,,,,,,,,,
2023-06-08,AMZN,,,,,124.25,,,,,,,,,,,,123.01000213623047,125.62999725341797,122.26000213623047,124.25,62159300.0,,,,,,,,,,,,,,,
2023-06-09,AMZN,,,,,123.43000030517578,,,,,,,,,,,,124.08000183105469,125.80000305175781,123.19000244140625,123.43000030517578,51396000.0,,,,,,,,,,,,,,,
2023-06-12,AMZN,,,,,126.56999969482422,,,,,,,,,,,,124.0199966430664,126.77999877929688,123.52999877929688,126.56999969482422,51338000.0,,,,,,,,,,,,,,,
2023-06-13,AMZN,,,,,126.66000366210938,,,,,,,,,,,,128.1199951171875,128.41000366210938,125.18000030517578,126.66000366210938,50564800.0,,,,,,,,,,,,,,,
2023-06-14,AMZN,,,,,126.41999816894531,,,,,,,,,,,,126.69999694824219,126.94999694824219,124.12000274658203,126.41999816894531,52422500.0,,,,,,,,,,,,,,,
2023-06-15,AMZN,,,,,127.11000061035156,,,,,,,,,,,,125.20999908447266,127.69000244140625,124.31999969482422,127.11000061035156,60458500.0,,,,,,,,,,,,,,,
2023-06-16,AMZN,,,,,125.48999786376953,,,,,,,,,,,,127.70999908447266,127.9000015258789,125.30000305175781,125.48999786376953,84247100.0,,,,,,,,,,,,,,,
2023-06-20,AMZN,,,,,125.77999877929688,,,,,,,,,,,,124.97000122070312,127.25,124.5,125.77999877929688,56930100.0,,,,,,,,,,,,,,,
2023-06-21,AMZN,,,,,124.83000183105469,,,,,,,,,,,,125.63999938964844,126.7300033569336,123.8499984741211,124.83000183105469,52137700.0,,,,,,,,,,,,,,,
2023-06-22,AMZN,,,,,130.14999389648438,,,,,,,,,,,,125.30999755859375,130.3300018310547,125.13999938964844,130.14999389648438,90354600.0,,,,,,,,,,,,,,,
2023-06-23,AMZN,,,,,129.3300018310547,,,,,,,,,,,,129.11000061035156,130.83999633789062,128.27999877929688,129.3300018310547,71927800.0,,,,,,,,,,,,,,,
2023-06-26,AMZN,,,,,127.33000183105469,,,,,,,,,,,,129.3300018310547,131.49000549316406,127.0999984741211,127.33000183105469,59989300.0,,,,,,,,,,,,,,,
2023-06-27,AMZN,,,,,129.17999267578125,,,,,,,,,,,,128.6300048828125,130.08999633789062,127.55000305175781,129.17999267578125,46801000.0,,,,,,,,,,,,,,,
2023-06-28,AMZN,,,,,129.0399932861328,,,,,,,,,,,,128.94000244140625,131.47999572753906,128.44000244140625,129.0399932861328,52149500.0,,,,,,,,,,,,,,,
2023-06-29,AMZN,,,,,127.9000015258789,,,,,,,,,,,,128.77000427246094,129.25999450683594,127.26000213623047,127.9000015258789,40761000.0,,,,,,,,,,,,,,,
2023-06-30,AMZN,,,,,130.36000061035156,,,,,,,,,,,,129.47000122070312,131.25,128.9499969482422,130.36000061035156,54350700.0,,,,,,,,,,,,,,,
2023-07-03,AMZN,,,,,130.22000122070312,,,,,,,,,,,,130.82000732421875,131.85000610351562,130.07000732421875,130.22000122070312,28264800.0,,,,,,,,,,,,,,,
2023-07-05,AMZN,,,,,130.3800048828125,,,,,,,,,,,,130.24000549316406,131.39999389648438,129.63999938964844,130.3800048828125,35895400.0,,,,,,,,,,,,,,,
2023-07-06,AMZN,,,,,128.36000061035156,,,,,,,,,,,,128.25,128.72999572753906,127.37000274658203,128.36000061035156,40639900.0,,,,,,,,,,,,,,,
2023-07-07,AMZN,,,,,129.77999877929688,,,,,,,,,,,,128.58999633789062,130.97000122070312,128.1300048828125,129.77999877929688,41992300.0,,,,,,,,,,,,,,,
2023-07-10,AMZN,,,,,127.12999725341797,,,,,,,,,,,,129.07000732421875,129.27999877929688,125.91999816894531,127.12999725341797,61889300.0,,,,,,,,,,,,,,,
2023-07-11,AMZN,,,,,128.77999877929688,,,,,,,,,,,,127.75,129.77000427246094,127.3499984741211,128.77999877929688,49951500.0,,,,,,,,,,,,,,,
2023-07-12,AMZN,,,,,130.8000030517578,,,,,,,,,,,,130.30999755859375,131.25999450683594,128.8300018310547,130.8000030517578,54022800.0,,,,,,,,,,,,,,,
2023-07-13,AMZN,,,,,134.3000030517578,,,,,,,,,,,,134.0399932861328,134.6699981689453,132.7100067138672,134.3000030517578,61170900.0,,,,,,,,,,,,,,,
2023-07-14,AMZN,,,,,134.67999267578125,,,,,,,,,,,,134.05999755859375,136.64999389648438,134.05999755859375,134.67999267578125,54487100.0,,,,,,,,,,,,,,,
2023-07-17,AMZN,,,,,133.55999755859375,,,,,,,,,,,,134.55999755859375,135.6199951171875,133.2100067138672,133.55999755859375,48450200.0,,,,,,,,,,,,,,,
2023-07-18,AMZN,,,,,132.8300018310547,,,,,,,,,,,,132.7100067138672,133.86000061035156,131.35000610351562,132.8300018310547,54882900.0,,,,,,,,,,,,,,,
2023-07-19,AMZN,,,,,135.36000061035156,,,,,,,,,,,,133.38999938964844,135.99000549316406,132.52999877929688,135.36000061035156,54531000.0,,,,,,,,,,,,,,,
2023-07-20,AMZN,,,,,129.9600067138672,,,,,,,,,,,,134.07000732421875,134.7899932861328,129.3300018310547,129.9600067138672,59820600.0,,,,,,,,,,,,,,,
2023-07-21,AMZN,,,,,130.0,,,,,,,,,,,,131.33999633789062,131.3699951171875,128.4199981689453,130.0,133307300.0,,,,,,,,,,,,,,,
2023-07-24,AMZN,,,,,128.8000030517578,,,,,,,,,,,,130.30999755859375,131.66000366210938,128.35000610351562,128.8000030517578,45591100.0,,,,,,,,,,,,,,,
2023-07-25,AMZN,,,,,129.1300048828125,,,,,,,,,,,,129.30999755859375,129.5800018310547,128.52999877929688,129.1300048828125,39236700.0,,,,,,,,,,,,,,,
2023-07-26,AMZN,,,,,128.14999389648438,,,,,,,,,,,,126.51000213623047,129.0800018310547,126.11000061035156,128.14999389648438,53910100.0,,,,,,,,,,,,,,,
2023-07-27,AMZN,,,,,128.25,,,,,,,,,,,,131.0,132.6300048828125,127.79000091552734,128.25,52610700.0,,,,,,,,,,,,,,,
2023-07-28,AMZN,,,,,132.2100067138672,,,,,,,,,,,,129.69000244140625,133.00999450683594,129.3300018310547,132.2100067138672,46317400.0,,,,,,,,,,,,,,,
2023-07-31,AMZN,,,,,133.67999267578125,,,,,,,,,,,,133.1999969482422,133.8699951171875,132.3800048828125,133.67999267578125,41901500.0,,,,,,,,,,,,,,,
2023-08-01,AMZN,,,,,131.69000244140625,,,,,,,,,,,,133.5500030517578,133.69000244140625,131.6199951171875,131.69000244140625,42098500.0,,,,,,,,,,,,,,,
2023-08-02,AMZN,,,,,128.2100067138672,,,,,,,,,,,,130.14999389648438,130.22999572753906,126.81999969482422,128.2100067138672,51027600.0,,,,,,,,,,,,,,,
2023-08-03,AMZN,,,,,128.91000366210938,,,,,,,,,,,,127.4800033569336,129.83999633789062,126.41000366210938,128.91000366210938,88585200.0,,,,,,,,,,,,,,,
2023-08-04,AMZN,,,,,139.57000732421875,,,,,,,,,,,,141.05999755859375,143.6300048828125,139.32000732421875,139.57000732421875,153128500.0,,,,,,,,,,,,,,,
2023-08-07,AMZN,,,,,142.22000122070312,,,,,,,,,,,,140.99000549316406,142.5399932861328,138.9499969482422,142.22000122070312,71213100.0,,,,,,,,,,,,,,,
2023-08-08,AMZN,,,,,139.94000244140625,,,,,,,,,,,,140.6199951171875,140.83999633789062,138.4199981689453,139.94000244140625,51710500.0,,,,,,,,,,,,,,,
2023-08-09,AMZN,,,,,137.85000610351562,,,,,,,,,,,,139.97000122070312,140.32000732421875,137.10000610351562,137.85000610351562,50017300.0,,,,,,,,,,,,,,,
2023-08-10,AMZN,,,,,138.55999755859375,,,,,,,,,,,,139.07000732421875,140.41000366210938,137.49000549316406,138.55999755859375,58928400.0,,,,,,,,,,,,,,,
2023-08-11,AMZN,,,,,138.41000366210938,,,,,,,,,,,,137.39999389648438,139.3300018310547,137.0,138.41000366210938,42905800.0,,,,,,,,,,,,,,,
2023-08-14,AMZN,,,,,140.57000732421875,,,,,,,,,,,,138.3000030517578,140.58999633789062,137.75,140.57000732421875,47148700.0,,,,,,,,,,,,,,,
2023-08-15,AMZN,,,,,137.6699981689453,,,,,,,,,,,,140.0500030517578,141.27999877929688,137.22999572753906,137.6699981689453,42781500.0,,,,,,,,,,,,,,,
2023-08-16,AMZN,,,,,135.07000732421875,,,,,,,,,,,,137.19000244140625,137.27000427246094,135.00999450683594,135.07000732421875,41675900.0,,,,,,,,,,,,,,,
2023-08-17,AMZN,,,,,133.97999572753906,,,,,,,,,,,,135.4600067138672,136.08999633789062,133.52999877929688,133.97999572753906,48354100.0,,,,,,,,,,,,,,,
2023-08-18,AMZN,,,,,133.22000122070312,,,,,,,,,,,,131.6199951171875,134.07000732421875,131.14999389648438,133.22000122070312,48497700.0,,,,,,,,,,,,,,,
2023-08-21,AMZN,,,,,134.67999267578125,,,,,,,,,,,,133.74000549316406,135.19000244140625,132.7100067138672,134.67999267578125,41442500.0,,,,,,,,,,,,,,,
2023-08-22,AMZN,,,,,134.25,,,,,,,,,,,,135.0800018310547,135.64999389648438,133.72999572753906,134.25,32905400.0,,,,,,,,,,,,,,,
2023-08-23,AMZN,,,,,135.52000427246094,,,,,,,,,,,,134.5,135.9499969482422,133.22000122070312,135.52000427246094,42801000.0,,,,,,,,,,,,,,,
2023-08-24,AMZN,,,,,131.83999633789062,,,,,,,,,,,,136.39999389648438,136.77999877929688,131.8300018310547,131.83999633789062,43646300.0,,,,,,,,,,,,,,,
2023-08-25,AMZN,,,,,133.25999450683594,,,,,,,,,,,,132.47000122070312,133.8699951171875,130.5800018310547,133.25999450683594,44147500.0,,,,,,,,,,,,,,,
2023-08-28,AMZN,,,,,133.13999938964844,,,,,,,,,,,,133.77999877929688,133.9499969482422,131.85000610351562,133.13999938964844,34108400.0,,,,,,,,,,,,,,,
2023-08-29,AMZN,,,,,134.91000366210938,,,,,,,,,,,,133.3800048828125,135.13999938964844,133.25,134.91000366210938,38646100.0,,,,,,,,,,,,,,,
2023-08-30,AMZN,,,,,135.07000732421875,,,,,,,,,,,,134.92999267578125,135.67999267578125,133.9199981689453,135.07000732421875,36137000.0,,,,,,,,,,,,,,,
2023-08-31,AMZN,,,,,138.00999450683594,,,,,,,,,,,,135.05999755859375,138.7899932861328,135.0,138.00999450683594,58781300.0,,,,,,,,,,,,,,,
2023-09-01,AMZN,,,,,138.1199951171875,,,,,,,,,,,,139.4600067138672,139.9600067138672,136.8800048828125,138.1199951171875,40991500.0,,,,,,,,,,,,,,,
2023-09-05,AMZN,,,,,137.27000427246094,,,,,,,,,,,,137.72999572753906,137.8000030517578,135.82000732421875,137.27000427246094,40636700.0,,,,,,,,,,,,,,,
2023-09-06,AMZN,,,,,135.36000061035156,,,,,,,,,,,,136.32000732421875,137.4499969482422,134.61000061035156,135.36000061035156,41785500.0,,,,,,,,,,,,,,,
2023-09-07,AMZN,,,,,137.85000610351562,,,,,,,,,,,,133.89999389648438,138.02999877929688,133.16000366210938,137.85000610351562,48498900.0,,,,,,,,,,,,,,,
2023-09-08,AMZN,,,,,138.22999572753906,,,,,,,,,,,,136.86000061035156,138.85000610351562,136.75,138.22999572753906,38348200.0,,,,,,,,,,,,,,,
2023-09-11,AMZN,,,,,143.10000610351562,,,,,,,,,,,,138.75,143.6199951171875,138.63999938964844,143.10000610351562,56764500.0,,,,,,,,,,,,,,,
2023-09-12,AMZN,,,,,141.22999572753906,,,,,,,,,,,,142.32000732421875,143.0,140.61000061035156,141.22999572753906,42668500.0,,,,,,,,,,,,,,,
2023-09-13,AMZN,,,,,144.85000610351562,,,,,,,,,,,,140.9499969482422,144.97999572753906,140.8699951171875,144.85000610351562,60465200.0,,,,,,,,,,,,,,,
2023-09-14,AMZN,,,,,144.72000122070312,,,,,,,,,,,,145.0800018310547,145.86000061035156,142.9499969482422,144.72000122070312,64033600.0,,,,,,,,,,,,,,,
2023-09-15,AMZN,,,,,140.38999938964844,,,,,,,,,,,,142.69000244140625,143.57000732421875,140.08999633789062,140.38999938964844,102909300.0,,,,,,,,,,,,,,,
2023-09-18,AMZN,,,,,139.97999572753906,,,,,,,,,,,,140.47999572753906,141.75,139.22000122070312,139.97999572753906,42823500.0,,,,,,,,,,,,,,,
2023-09-19,AMZN,,,,,137.6300048828125,,,,,,,,,,,,138.6999969482422,138.83999633789062,135.55999755859375,137.6300048828125,61482500.0,,,,,,,,,,,,,,,
2023-09-20,AMZN,,,,,135.2899932861328,,,,,,,,,,,,138.5500030517578,139.3699951171875,135.1999969482422,135.2899932861328,46263700.0,,,,,,,,,,,,,,,
2023-09-21,AMZN,,,,,129.3300018310547,,,,,,,,,,,,131.94000244140625,132.24000549316406,129.30999755859375,129.3300018310547,70343300.0,,,,,,,,,,,,,,,
2023-09-22,AMZN,,,,,129.1199951171875,,,,,,,,,,,,131.11000061035156,132.02999877929688,128.52000427246094,129.1199951171875,59904300.0,,,,,,,,,,,,,,,
2023-09-25,AMZN,,,,,131.27000427246094,,,,,,,,,,,,129.36000061035156,131.77999877929688,128.77000427246094,131.27000427246094,46017800.0,,,,,,,,,,,,,,,
2023-09-26,AMZN,,,,,125.9800033569336,,,,,,,,,,,,130.1199951171875,130.38999938964844,125.27999877929688,125.9800033569336,73048200.0,,,,,,,,,,,,,,,
2023-09-27,AMZN,,,,,125.9800033569336,,,,,,,,,,,,125.76000213623047,127.4800033569336,124.12999725341797,125.9800033569336,66553400.0,,,,,,,,,,,,,,,
2023-09-28,AMZN,,,,,125.9800033569336,,,,,,,,,,,,124.04000091552734,126.58000183105469,123.04000091552734,125.9800033569336,54555000.0,,,,,,,,,,,,,,,
2023-09-29,AMZN,,,,,127.12000274658203,,,,,,,,,,,,128.1999969482422,129.14999389648438,126.31999969482422,127.12000274658203,62411700.0,,,,,,,,,,,,,,,
2023-10-02,AMZN,,,,,129.4600067138672,,,,,,,,,,,,127.27999877929688,130.47000122070312,126.54000091552734,129.4600067138672,48029700.0,,,,,,,,,,,,,,,
2023-10-03,AMZN,,,,,124.72000122070312,,,,,,,,,,,,128.05999755859375,128.52000427246094,124.25,124.72000122070312,51565000.0,,,,,,,,,,,,,,,
2023-10-04,AMZN,,,,,127.0,,,,,,,,,,,,126.05999755859375,127.36000061035156,125.68000030517578,127.0,44203900.0,,,,,,,,,,,,,,,
2023-10-05,AMZN,,,,,125.95999908447266,,,,,,,,,,,,126.70999908447266,126.7300033569336,124.33000183105469,125.95999908447266,39660600.0,,,,,,,,,,,,,,,
2023-10-06,AMZN,,,,,127.95999908447266,,,,,,,,,,,,124.16000366210938,128.4499969482422,124.12999725341797,127.95999908447266,46836700.0,,,,,,,,,,,,,,,
2023-10-09,AMZN,,,,,128.25999450683594,,,,,,,,,,,,126.22000122070312,128.7899932861328,124.76000213623047,128.25999450683594,38773700.0,,,,,,,,,,,,,,,
2023-10-10,AMZN,,,,,129.47999572753906,,,,,,,,,,,,128.82000732421875,130.74000549316406,128.0500030517578,129.47999572753906,42178600.0,,,,,,,,,,,,,,,
2023-10-11,AMZN,,,,,131.8300018310547,,,,,,,,,,,,129.74000549316406,132.0500030517578,129.61000061035156,131.8300018310547,40741800.0,,,,,,,,,,,,,,,
2023-10-12,AMZN,,,,,132.3300018310547,,,,,,,,,,,,132.1699981689453,134.47999572753906,131.22999572753906,132.3300018310547,55528600.0,,,,,,,,,,,,,,,
2023-10-13,AMZN,,,,,129.7899932861328,,,,,,,,,,,,132.97999572753906,133.30999755859375,128.9499969482422,129.7899932861328,45786600.0,,,,,,,,,,,,,,,
2023-10-16,AMZN,,,,,132.5500030517578,,,,,,,,,,,,130.69000244140625,133.07000732421875,130.42999267578125,132.5500030517578,42832900.0,,,,,,,,,,,,,,,
2023-10-17,AMZN,,,,,131.47000122070312,,,,,,,,,,,,130.38999938964844,132.5800018310547,128.7100067138672,131.47000122070312,49344600.0,,,,,,,,,,,,,,,
2023-10-18,AMZN,,,,,128.1300048828125,,,,,,,,,,,,129.89999389648438,130.6699981689453,127.51000213623047,128.1300048828125,42699500.0,,,,,,,,,,,,,,,
2023-10-19,AMZN,,,,,128.39999389648438,,,,,,,,,,,,130.57000732421875,132.24000549316406,127.47000122070312,128.39999389648438,60961400.0,,,,,,,,,,,,,,,
2023-10-20,AMZN,,,,,125.16999816894531,,,,,,,,,,,,128.0500030517578,128.1699981689453,124.97000122070312,125.16999816894531,56406400.0,,,,,,,,,,,,,,,
2023-10-23,AMZN,,,,,126.55999755859375,,,,,,,,,,,,124.62999725341797,127.87999725341797,123.9800033569336,126.55999755859375,48260000.0,,,,,,,,,,,,,,,
2023-10-24,AMZN,,,,,128.55999755859375,,,,,,,,,,,,127.73999786376953,128.8000030517578,126.33999633789062,128.55999755859375,46477400.0,,,,,,,,,,,,,,,
2023-10-25,AMZN,,,,,121.38999938964844,,,,,,,,,,,,126.04000091552734,126.33999633789062,120.79000091552734,121.38999938964844,74577500.0,,,,,,,,,,,,,,,
2023-10-26,AMZN,,,,,119.56999969482422,,,,,,,,,,,,120.62999725341797,121.63999938964844,118.3499984741211,119.56999969482422,100419500.0,,,,,,,,,,,,,,,
2023-10-27,AMZN,,,,,127.73999786376953,,,,,,,,,,,,126.19999694824219,130.02000427246094,125.5199966430664,127.73999786376953,125309300.0,,,,,,,,,,,,,,,
2023-10-30,AMZN,,,,,132.7100067138672,,,,,,,,,,,,129.72000122070312,133.0,128.55999755859375,132.7100067138672,72485500.0,,,,,,,,,,,,,,,
2023-10-31,AMZN,,,,,133.08999633789062,,,,,,,,,,,,132.75,133.57000732421875,131.7100067138672,133.08999633789062,51589400.0,,,,,,,,,,,,,,,
2023-11-01,AMZN,,,,,137.0,,,,,,,,,,,,133.9600067138672,137.35000610351562,133.7100067138672,137.0,61529400.0,,,,,,,,,,,,,,,
2023-11-02,AMZN,,,,,138.07000732421875,,,,,,,,,,,,138.72999572753906,138.80999755859375,136.47000122070312,138.07000732421875,52236700.0,,,,,,,,,,,,,,,
2023-11-03,AMZN,,,,,138.60000610351562,,,,,,,,,,,,138.99000549316406,139.49000549316406,137.4499969482422,138.60000610351562,44059800.0,,,,,,,,,,,,,,,
2023-11-06,AMZN,,,,,139.74000549316406,,,,,,,,,,,,138.75999450683594,140.72999572753906,138.36000061035156,139.74000549316406,44970400.0,,,,,,,,,,,,,,,
2023-11-07,AMZN,,,,,142.7100067138672,,,,,,,,,,,,140.5500030517578,143.3699951171875,140.5,142.7100067138672,53553500.0,,,,,,,,,,,,,,,
2023-11-08,AMZN,,,,,142.0800018310547,,,,,,,,,,,,142.97000122070312,143.1199951171875,141.22000122070312,142.0800018310547,44521700.0,,,,,,,,,,,,,,,
2023-11-09,AMZN,,,,,140.60000610351562,,,,,,,,,,,,142.02000427246094,142.64999389648438,139.83999633789062,140.60000610351562,36235400.0,,,,,,,,,,,,,,,
2023-11-10,AMZN,,,,,143.55999755859375,,,,,,,,,,,,140.4600067138672,143.64999389648438,139.91000366210938,143.55999755859375,49287800.0,,,,,,,,,,,,,,,
2023-11-13,AMZN,,,,,142.58999633789062,,,,,,,,,,,,142.0800018310547,143.22999572753906,140.6699981689453,142.58999633789062,35680600.0,,,,,,,,,,,,,,,
2023-11-14,AMZN,,,,,145.8000030517578,,,,,,,,,,,,145.0,147.25999450683594,144.67999267578125,145.8000030517578,56674600.0,,,,,,,,,,,,,,,
2023-11-15,AMZN,,,,,143.1999969482422,,,,,,,,,,,,147.05999755859375,147.2899932861328,142.58999633789062,143.1999969482422,63875700.0,,,,,,,,,,,,,,,
2023-11-16,AMZN,,,,,142.8300018310547,,,,,,,,,,,,140.91000366210938,143.32000732421875,139.52000427246094,142.8300018310547,49653500.0,,,,,,,,,,,,,,,
2023-11-17,AMZN,,,,,145.17999267578125,,,,,,,,,,,,142.66000366210938,145.22999572753906,142.5399932861328,145.17999267578125,49636700.0,,,,,,,,,,,,,,,
2023-11-20,AMZN,,,,,146.1300048828125,,,,,,,,,,,,145.1300048828125,146.6300048828125,144.72999572753906,146.1300048828125,41951200.0,,,,,,,,,,,,,,,
2023-11-21,AMZN,,,,,143.89999389648438,,,,,,,,,,,,143.91000366210938,144.0500030517578,141.5,143.89999389648438,71226000.0,,,,,,,,,,,,,,,
2023-11-22,AMZN,,,,,146.7100067138672,,,,,,,,,,,,144.57000732421875,147.74000549316406,144.57000732421875,146.7100067138672,45669100.0,,,,,,,,,,,,,,,
2023-11-24,AMZN,,,,,146.74000549316406,,,,,,,,,,,,146.6999969482422,147.1999969482422,145.32000732421875,146.74000549316406,22378400.0,,,,,,,,,,,,,,,
2023-11-27,AMZN,,,,,147.72999572753906,,,,,,,,,,,,147.52999877929688,149.25999450683594,146.8800048828125,147.72999572753906,53762400.0,,,,,,,,,,,,,,,
2023-11-28,AMZN,,,,,147.02999877929688,,,,,,,,,,,,146.97999572753906,147.60000610351562,145.52999877929688,147.02999877929688,42711700.0,,,,,,,,,,,,,,,
2023-11-29,AMZN,,,,,146.32000732421875,,,,,,,,,,,,147.85000610351562,148.5399932861328,145.97000122070312,146.32000732421875,40610900.0,,,,,,,,,,,,,,,
2023-11-30,AMZN,,,,,146.08999633789062,,,,,,,,,,,,144.75999450683594,146.92999267578125,144.3300018310547,146.08999633789062,65814000.0,,,,,,,,,,,,,,,
2023-12-01,AMZN,,,,,147.02999877929688,,,,,,,,,,,,146.0,147.25,145.5500030517578,147.02999877929688,39951800.0,,,,,,,,,,,,,,,
2023-12-04,AMZN,,,,,144.83999633789062,,,,,,,,,,,,145.25,145.35000610351562,142.80999755859375,144.83999633789062,48294200.0,,,,,,,,,,,,,,,
2023-12-05,AMZN,,,,,146.8800048828125,,,,,,,,,,,,143.5500030517578,148.57000732421875,143.1300048828125,146.8800048828125,46822400.0,,,,,,,,,,,,,,,
2023-12-06,AMZN,,,,,144.52000427246094,,,,,,,,,,,,147.5800018310547,147.85000610351562,144.27999877929688,144.52000427246094,39679000.0,,,,,,,,,,,,,,,
2023-12-07,AMZN,,,,,146.8800048828125,,,,,,,,,,,,146.14999389648438,147.9199981689453,145.33999633789062,146.8800048828125,52352800.0,,,,,,,,,,,,,,,
2023-12-08,AMZN,,,,,147.4199981689453,,,,,,,,,,,,145.47999572753906,147.83999633789062,145.39999389648438,147.4199981689453,41906000.0,,,,,,,,,,,,,,,
2023-12-11,AMZN,,,,,145.88999938964844,,,,,,,,,,,,145.66000366210938,146.19000244140625,143.63999938964844,145.88999938964844,50907300.0,,,,,,,,,,,,,,,
2023-12-12,AMZN,,,,,147.47999572753906,,,,,,,,,,,,145.52000427246094,147.5,145.3000030517578,147.47999572753906,44944300.0,,,,,,,,,,,,,,,
2023-12-13,AMZN,,,,,148.83999633789062,,,,,,,,,,,,148.1199951171875,149.4600067138672,146.82000732421875,148.83999633789062,52766200.0,,,,,,,,,,,,,,,
2023-12-14,AMZN,,,,,147.4199981689453,,,,,,,,,,,,149.92999267578125,150.5399932861328,145.52000427246094,147.4199981689453,58400800.0,,,,,,,,,,,,,,,
2023-12-15,AMZN,,,,,149.97000122070312,,,,,,,,,,,,148.3800048828125,150.57000732421875,147.8800048828125,149.97000122070312,110089300.0,,,,,,,,,,,,,,,
2023-12-18,AMZN,,,,,154.07000732421875,,,,,,,,,,,,150.55999755859375,154.85000610351562,150.0500030517578,154.07000732421875,62512800.0,,,,,,,,,,,,,,,
2023-12-19,AMZN,,,,,153.7899932861328,,,,,,,,,,,,154.39999389648438,155.1199951171875,152.69000244140625,153.7899932861328,43171300.0,,,,,,,,,,,,,,,
2023-12-20,AMZN,,,,,152.1199951171875,,,,,,,,,,,,152.89999389648438,155.6300048828125,151.55999755859375,152.1199951171875,50322100.0,,,,,,,,,,,,,,,
2023-12-21,AMZN,,,,,153.83999633789062,,,,,,,,,,,,153.3000030517578,153.97000122070312,152.10000610351562,153.83999633789062,36305700.0,,,,,,,,,,,,,,,
2023-12-22,AMZN,,,,,153.4199981689453,,,,,,,,,,,,153.77000427246094,154.35000610351562,152.7100067138672,153.4199981689453,29514100.0,,,,,,,,,,,,,,,
2023-12-26,AMZN,,,,,153.41000366210938,,,,,,,,,,,,153.55999755859375,153.97999572753906,153.02999877929688,153.41000366210938,25067200.0,,,,,,,,,,,,,,,
2023-12-27,AMZN,,,,,153.33999633789062,,,,,,,,,,,,153.55999755859375,154.77999877929688,153.1199951171875,153.33999633789062,31434700.0,,,,,,,,,,,,,,,
2023-12-28,AMZN,,,,,153.3800048828125,,,,,,,,,,,,153.72000122070312,154.0800018310547,152.9499969482422,153.3800048828125,27057000.0,,,,,,,,,,,,,,,
2023-12-29,AMZN,,,,,151.94000244140625,,,,,,,,,,,,153.10000610351562,153.88999938964844,151.02999877929688,151.94000244140625,39823200.0,,,,,,,,,,,,,,,
2024-01-02,AMZN,,,,,149.92999267578125,,,,,,,,,,,,151.5399932861328,152.3800048828125,148.38999938964844,149.92999267578125,47339400.0,,,,,,,,,,,,,,,
2024-01-03,AMZN,,,,,148.47000122070312,,,,,,,,,,,,149.1999969482422,151.0500030517578,148.3300018310547,148.47000122070312,49425500.0,,,,,,,,,,,,,,,
2024-01-04,AMZN,,,,,144.57000732421875,,,,,,,,,,,,145.58999633789062,147.3800048828125,144.0500030517578,144.57000732421875,56039800.0,,,,,,,,,,,,,,,
2024-01-05,AMZN,,,,,145.24000549316406,,,,,,,,,,,,144.69000244140625,146.58999633789062,144.52999877929688,145.24000549316406,45153100.0,,,,,,,,,,,,,,,
2024-01-08,AMZN,,,,,149.10000610351562,,,,,,,,,,,,146.74000549316406,149.39999389648438,146.14999389648438,149.10000610351562,46757100.0,,,,,,,,,,,,,,,
2024-01-09,AMZN,,,,,151.3699951171875,,,,,,,,,,,,148.3300018310547,151.7100067138672,148.2100067138672,151.3699951171875,43812600.0,,,,,,,,,,,,,,,
2024-01-10,AMZN,,,,,153.72999572753906,,,,,,,,,,,,152.05999755859375,154.4199981689453,151.8800048828125,153.72999572753906,44421800.0,,,,,,,,,,,,,,,
2024-01-11,AMZN,,,,,155.17999267578125,,,,,,,,,,,,155.0399932861328,157.1699981689453,153.1199951171875,155.17999267578125,49072700.0,,,,,,,,,,,,,,,
2024-01-12,AMZN,,,,,154.6199951171875,,,,,,,,,,,,155.38999938964844,156.1999969482422,154.00999450683594,154.6199951171875,40484200.0,,,,,,,,,,,,,,,
2024-01-16,AMZN,,,,,153.16000366210938,,,,,,,,,,,,153.52999877929688,154.99000549316406,152.14999389648438,153.16000366210938,41384600.0,,,,,,,,,,,,,,,
2024-01-17,AMZN,,,,,151.7100067138672,,,,,,,,,,,,151.49000549316406,152.14999389648438,149.91000366210938,151.7100067138672,34953400.0,,,,,,,,,,,,,,,
2024-01-18,AMZN,,,,,153.5,,,,,,,,,,,,152.77000427246094,153.77999877929688,151.82000732421875,153.5,37850200.0,,,,,,,,,,,,,,,
2024-01-19,AMZN,,,,,155.33999633789062,,,,,,,,,,,,153.8300018310547,155.75999450683594,152.74000549316406,155.33999633789062,51651600.0,,,,,,,,,,,,,,,
2024-01-22,AMZN,,,,,154.77999877929688,,,,,,,,,,,,156.88999938964844,157.0500030517578,153.89999389648438,154.77999877929688,43687500.0,,,,,,,,,,,,,,,
2024-01-23,AMZN,,,,,156.02000427246094,,,,,,,,,,,,154.85000610351562,156.2100067138672,153.92999267578125,156.02000427246094,37986000.0,,,,,,,,,,,,,,,
2024-01-24,AMZN,,,,,156.8699951171875,,,,,,,,,,,,157.8000030517578,158.50999450683594,156.47999572753906,156.8699951171875,48547300.0,,,,,,,,,,,,,,,
2024-01-25,AMZN,,,,,157.75,,,,,,,,,,,,156.9499969482422,158.50999450683594,154.5500030517578,157.75,43638600.0,,,,,,,,,,,,,,,
2024-01-26,AMZN,,,,,159.1199951171875,,,,,,,,,,,,158.4199981689453,160.72000122070312,157.91000366210938,159.1199951171875,51047400.0,,,,,,,,,,,,,,,
2024-01-29,AMZN,,,,,161.25999450683594,,,,,,,,,,,,159.33999633789062,161.2899932861328,158.89999389648438,161.25999450683594,45270400.0,,,,,,,,,,,,,,,
2024-01-30,AMZN,,,,,159.0,,,,,,,,,,,,160.6999969482422,161.72999572753906,158.49000549316406,159.0,45207400.0,,,,,,,,,,,,,,,
2024-01-31,AMZN,,,,,155.1999969482422,,,,,,,,,,,,157.0,159.00999450683594,154.80999755859375,155.1999969482422,50284400.0,,,,,,,,,,,,,,,
2024-02-01,AMZN,,,,,159.27999877929688,,,,,,,,,,,,155.8699951171875,159.75999450683594,155.6199951171875,159.27999877929688,76542400.0,,,,,,,,,,,,,,,
2024-02-02,AMZN,,,,,171.80999755859375,,,,,,,,,,,,169.19000244140625,172.5,167.3300018310547,171.80999755859375,117218300.0,,,,,,,,,,,,,,,
2024-02-05,AMZN,,,,,170.30999755859375,,,,,,,,,,,,170.1999969482422,170.5500030517578,167.6999969482422,170.30999755859375,55081300.0,,,,,,,,,,,,,,,
2024-02-06,AMZN,,,,,169.14999389648438,,,,,,,,,,,,169.38999938964844,170.7100067138672,167.64999389648438,169.14999389648438,42505500.0,,,,,,,,,,,,,,,
2024-02-07,AMZN,,,,,170.52999877929688,,,,,,,,,,,,169.47999572753906,170.8800048828125,168.94000244140625,170.52999877929688,47174100.0,,,,,,,,,,,,,,,
2024-02-08,AMZN,,,,,169.83999633789062,,,,,,,,,,,,169.64999389648438,171.42999267578125,168.8800048828125,169.83999633789062,42316500.0,,,,,,,,,,,,,,,
2024-02-09,AMZN,,,,,174.4499969482422,,,,,,,,,,,,170.89999389648438,175.0,170.5800018310547,174.4499969482422,56986000.0,,,,,,,,,,,,,,,
2024-02-12,AMZN,,,,,172.33999633789062,,,,,,,,,,,,174.8000030517578,175.38999938964844,171.5399932861328,172.33999633789062,51050400.0,,,,,,,,,,,,,,,
2024-02-13,AMZN,,,,,168.63999938964844,,,,,,,,,,,,167.72999572753906,170.9499969482422,165.75,168.63999938964844,56345100.0,,,,,,,,,,,,,,,
2024-02-14,AMZN,,,,,170.97999572753906,,,,,,,,,,,,169.2100067138672,171.2100067138672,168.27999877929688,170.97999572753906,42815500.0,,,,,,,,,,,,,,,
2024-02-15,AMZN,,,,,169.8000030517578,,,,,,,,,,,,170.5800018310547,171.1699981689453,167.58999633789062,169.8000030517578,49855200.0,,,,,,,,,,,,,,,
2024-02-16,AMZN,,,,,169.50999450683594,,,,,,,,,,,,168.74000549316406,170.4199981689453,167.1699981689453,169.50999450683594,48107700.0,,,,,,,,,,,,,,,
2024-02-20,AMZN,,,,,167.0800018310547,,,,,,,,,,,,167.8300018310547,168.7100067138672,165.74000549316406,167.0800018310547,41980300.0,,,,,,,,,,,,,,,
2024-02-21,AMZN,,,,,168.58999633789062,,,,,,,,,,,,168.94000244140625,170.22999572753906,167.13999938964844,168.58999633789062,44420100.0,,,,,,,,,,,,,,,
2024-02-22,AMZN,,,,,174.5800018310547,,,,,,,,,,,,173.10000610351562,174.8000030517578,171.77000427246094,174.5800018310547,55392400.0,,,,,,,,,,,,,,,
2024-02-23,AMZN,,,,,174.99000549316406,,,,,,,,,,,,174.27999877929688,175.75,173.6999969482422,174.99000549316406,59715200.0,,,,,,,,,,,,,,,
2024-02-26,AMZN,,,,,174.72999572753906,,,,,,,,,,,,175.6999969482422,176.3699951171875,174.25999450683594,174.72999572753906,44368600.0,,,,,,,,,,,,,,,
2024-02-27,AMZN,,,,,173.5399932861328,,,,,,,,,,,,174.0800018310547,174.6199951171875,172.86000061035156,173.5399932861328,31141700.0,,,,,,,,,,,,,,,
2024-02-28,AMZN,,,,,173.16000366210938,,,,,,,,,,,,172.44000244140625,174.0500030517578,172.27000427246094,173.16000366210938,28180500.0,,,,,,,,,,,,,,,
2024-02-29,AMZN,,,,,176.75999450683594,,,,,,,,,,,,173.00999450683594,177.22000122070312,172.85000610351562,176.75999450683594,53805400.0,,,,,,,,,,,,,,,
2024-03-01,AMZN,,,,,178.22000122070312,,,,,,,,,,,,176.75,178.72999572753906,176.07000732421875,178.22000122070312,31981200.0,,,,,,,,,,,,,,,
2024-03-04,AMZN,,,,,177.5800018310547,,,,,,,,,,,,177.52999877929688,180.13999938964844,177.49000549316406,177.5800018310547,37381500.0,,,,,,,,,,,,,,,
2024-03-05,AMZN,,,,,174.1199951171875,,,,,,,,,,,,176.92999267578125,176.92999267578125,173.3000030517578,174.1199951171875,37228300.0,,,,,,,,,,,,,,,
2024-03-06,AMZN,,,,,173.50999450683594,,,,,,,,,,,,175.5399932861328,176.4600067138672,173.25999450683594,173.50999450683594,32090900.0,,,,,,,,,,,,,,,
2024-03-07,AMZN,,,,,176.82000732421875,,,,,,,,,,,,174.8300018310547,177.99000549316406,173.72000122070312,176.82000732421875,34063300.0,,,,,,,,,,,,,,,
2024-03-08,AMZN,,,,,175.35000610351562,,,,,,,,,,,,176.44000244140625,178.7899932861328,174.3300018310547,175.35000610351562,37893200.0,,,,,,,,,,,,,,,
2024-03-11,AMZN,,,,,171.9600067138672,,,,,,,,,,,,174.30999755859375,174.47000122070312,171.47000122070312,171.9600067138672,28484800.0,,,,,,,,,,,,,,,
2024-03-12,AMZN,,,,,175.38999938964844,,,,,,,,,,,,173.5,176.75999450683594,171.97999572753906,175.38999938964844,36610600.0,,,,,,,,,,,,,,,
2024-03-13,AMZN,,,,,176.55999755859375,,,,,,,,,,,,175.89999389648438,177.6199951171875,175.5500030517578,176.55999755859375,30772600.0,,,,,,,,,,,,,,,
2024-03-14,AMZN,,,,,178.75,,,,,,,,,,,,177.69000244140625,179.52999877929688,176.47000122070312,178.75,43705800.0,,,,,,,,,,,,,,,
2024-03-15,AMZN,,,,,174.4199981689453,,,,,,,,,,,,176.63999938964844,177.92999267578125,173.89999389648438,174.4199981689453,72147400.0,,,,,,,,,,,,,,,
2024-03-18,AMZN,,,,,174.47999572753906,,,,,,,,,,,,175.8000030517578,176.69000244140625,174.27999877929688,174.47999572753906,31250700.0,,,,,,,,,,,,,,,
2024-03-19,AMZN,,,,,175.89999389648438,,,,,,,,,,,,174.22000122070312,176.08999633789062,173.52000427246094,175.89999389648438,26880900.0,,,,,,,,,,,,,,,
2024-03-20,AMZN,,,,,178.14999389648438,,,,,,,,,,,,176.13999938964844,178.52999877929688,174.63999938964844,178.14999389648438,29947200.0,,,,,,,,,,,,,,,
2024-03-21,AMZN,,,,,178.14999389648438,,,,,,,,,,,,179.99000549316406,181.4199981689453,178.14999389648438,178.14999389648438,32824300.0,,,,,,,,,,,,,,,
2024-03-22,AMZN,,,,,178.8699951171875,,,,,,,,,,,,177.75,179.25999450683594,176.75,178.8699951171875,27995400.0,,,,,,,,,,,,,,,
2024-03-25,AMZN,,,,,179.7100067138672,,,,,,,,,,,,178.00999450683594,180.99000549316406,177.24000549316406,179.7100067138672,29815500.0,,,,,,,,,,,,,,,
2024-03-26,AMZN,,,,,178.3000030517578,,,,,,,,,,,,180.14999389648438,180.4499969482422,177.9499969482422,178.3000030517578,29659000.0,,,,,,,,,,,,,,,
2024-03-27,AMZN,,,,,179.8300018310547,,,,,,,,,,,,179.8800048828125,180.0,177.30999755859375,179.8300018310547,33272600.0,,,,,,,,,,,,,,,
2024-03-28,AMZN,,,,,180.3800048828125,,,,,,,,,,,,180.1699981689453,181.6999969482422,179.25999450683594,180.3800048828125,38051600.0,,,,,,,,,,,,,,,
2024-04-01,AMZN,,,,,180.97000122070312,,,,,,,,,,,,180.7899932861328,183.0,179.9499969482422,180.97000122070312,29174500.0,,,,,,,,,,,,,,,
2024-04-02,AMZN,,,,,180.69000244140625,,,,,,,,,,,,179.07000732421875,180.7899932861328,178.3800048828125,180.69000244140625,32611500.0,,,,,,,,,,,,,,,
2024-04-03,AMZN,,,,,182.41000366210938,,,,,,,,,,,,179.89999389648438,182.8699951171875,179.8000030517578,182.41000366210938,31046600.0,,,,,,,,,,,,,,,
2024-04-04,AMZN,,,,,180.0,,,,,,,,,,,,184.0,185.10000610351562,180.0,180.0,41624300.0,,,,,,,,,,,,,,,
2024-04-05,AMZN,,,,,185.07000732421875,,,,,,,,,,,,182.3800048828125,186.27000427246094,181.97000122070312,185.07000732421875,42374000.0,,,,,,,,,,,,,,,
2024-04-08,AMZN,,,,,185.19000244140625,,,,,,,,,,,,186.89999389648438,187.2899932861328,184.80999755859375,185.19000244140625,39221300.0,,,,,,,,,,,,,,,
2024-04-09,AMZN,,,,,185.6699981689453,,,,,,,,,,,,187.24000549316406,187.33999633789062,184.1999969482422,185.6699981689453,36520100.0,,,,,,,,,,,,,,,
2024-04-10,AMZN,,,,,185.9499969482422,,,,,,,,,,,,182.77000427246094,186.27000427246094,182.6699981689453,185.9499969482422,35879200.0,,,,,,,,,,,,,,,
2024-04-11,AMZN,,,,,189.0500030517578,,,,,,,,,,,,186.74000549316406,189.77000427246094,185.50999450683594,189.0500030517578,40020700.0,,,,,,,,,,,,,,,
2024-04-12,AMZN,,,,,186.1300048828125,,,,,,,,,,,,187.72000122070312,188.3800048828125,185.0800018310547,186.1300048828125,38608800.0,,,,,,,,,,,,,,,
2024-04-15,AMZN,,,,,183.6199951171875,,,,,,,,,,,,187.42999267578125,188.69000244140625,183.0,183.6199951171875,48052400.0,,,,,,,,,,,,,,,
2024-04-16,AMZN,,,,,183.32000732421875,,,,,,,,,,,,183.27000427246094,184.8300018310547,182.25999450683594,183.32000732421875,32891300.0,,,,,,,,,,,,,,,
2024-04-17,AMZN,,,,,181.27999877929688,,,,,,,,,,,,184.30999755859375,184.57000732421875,179.82000732421875,181.27999877929688,31359700.0,,,,,,,,,,,,,,,
2024-04-18,AMZN,,,,,179.22000122070312,,,,,,,,,,,,181.47000122070312,182.38999938964844,178.64999389648438,179.22000122070312,30723800.0,,,,,,,,,,,,,,,
2024-04-19,AMZN,,,,,174.6300048828125,,,,,,,,,,,,178.74000549316406,179.0,173.44000244140625,174.6300048828125,56000700.0,,,,,,,,,,,,,,,
2024-04-22,AMZN,,,,,177.22999572753906,,,,,,,,,,,,176.94000244140625,178.8699951171875,174.55999755859375,177.22999572753906,37924900.0,,,,,,,,,,,,,,,
2024-04-23,AMZN,,,,,179.5399932861328,,,,,,,,,,,,178.0800018310547,179.92999267578125,175.97999572753906,179.5399932861328,37046500.0,,,,,,,,,,,,,,,
2024-04-24,AMZN,,,,,176.58999633789062,,,,,,,,,,,,179.94000244140625,180.32000732421875,176.17999267578125,176.58999633789062,34185100.0,,,,,,,,,,,,,,,
2024-04-25,AMZN,,,,,173.6699981689453,,,,,,,,,,,,169.67999267578125,173.9199981689453,166.32000732421875,173.6699981689453,49249400.0,,,,,,,,,,,,,,,
2024-04-26,AMZN,,,,,179.6199951171875,,,,,,,,,,,,177.8000030517578,180.82000732421875,176.1300048828125,179.6199951171875,43919800.0,,,,,,,,,,,,,,,
2024-04-29,AMZN,,,,,180.9600067138672,,,,,,,,,,,,182.75,183.52999877929688,179.38999938964844,180.9600067138672,54063900.0,,,,,,,,,,,,,,,
2024-04-30,AMZN,,,,,175.0,,,,,,,,,,,,181.08999633789062,182.99000549316406,174.8000030517578,175.0,94639800.0,,,,,,,,,,,,,,,
2024-05-01,AMZN,,,,,179.0,,,,,,,,,,,,181.63999938964844,185.14999389648438,176.55999755859375,179.0,94645100.0,,,,,,,,,,,,,,,
2024-05-02,AMZN,,,,,184.72000122070312,,,,,,,,,,,,180.85000610351562,185.10000610351562,179.91000366210938,184.72000122070312,54303500.0,,,,,,,,,,,,,,,
2024-05-03,AMZN,,,,,186.2100067138672,,,,,,,,,,,,186.99000549316406,187.8699951171875,185.4199981689453,186.2100067138672,39172000.0,,,,,,,,,,,,,,,
2024-05-06,AMZN,,,,,188.6999969482422,,,,,,,,,,,,186.27999877929688,188.75,184.8000030517578,188.6999969482422,34725300.0,,,,,,,,,,,,,,,
2024-05-07,AMZN,,,,,188.75999450683594,,,,,,,,,,,,188.9199981689453,189.94000244140625,187.30999755859375,188.75999450683594,34048900.0,,,,,,,,,,,,,,,
2024-05-08,AMZN,,,,,188.0,,,,,,,,,,,,187.44000244140625,188.42999267578125,186.38999938964844,188.0,26136400.0,,,,,,,,,,,,,,,
2024-05-09,AMZN,,,,,189.5,,,,,,,,,,,,188.8800048828125,191.6999969482422,187.44000244140625,189.5,43368400.0,,,,,,,,,,,,,,,
2024-05-10,AMZN,,,,,187.47999572753906,,,,,,,,,,,,189.16000366210938,189.88999938964844,186.92999267578125,187.47999572753906,34141800.0,,,,,,,,,,,,,,,
2024-05-13,AMZN,,,,,186.57000732421875,,,,,,,,,,,,188.0,188.30999755859375,185.36000061035156,186.57000732421875,24898600.0,,,,,,,,,,,,,,,
2024-05-14,AMZN,,,,,187.07000732421875,,,,,,,,,,,,183.82000732421875,187.72000122070312,183.4499969482422,187.07000732421875,38698200.0,,,,,,,,,,,,,,,
2024-05-15,AMZN,,,,,185.99000549316406,,,,,,,,,,,,185.97000122070312,186.72000122070312,182.72999572753906,185.99000549316406,75459900.0,,,,,,,,,,,,,,,
2024-05-16,AMZN,,,,,183.6300048828125,,,,,,,,,,,,185.60000610351562,187.30999755859375,183.4600067138672,183.6300048828125,38834500.0,,,,,,,,,,,,,,,
2024-05-17,AMZN,,,,,184.6999969482422,,,,,,,,,,,,183.75999450683594,185.3000030517578,183.35000610351562,184.6999969482422,33175700.0,,,,,,,,,,,,,,,
2024-05-20,AMZN,,,,,183.5399932861328,,,,,,,,,,,,184.33999633789062,186.6699981689453,183.27999877929688,183.5399932861328,30511800.0,,,,,,,,,,,,,,,
2024-05-21,AMZN,,,,,183.14999389648438,,,,,,,,,,,,182.3000030517578,183.25999450683594,180.75,183.14999389648438,50839100.0,,,,,,,,,,,,,,,
2024-05-22,AMZN,,,,,183.1300048828125,,,,,,,,,,,,183.8800048828125,185.22000122070312,181.97000122070312,183.1300048828125,28148800.0,,,,,,,,,,,,,,,
2024-05-23,AMZN,,,,,181.0500030517578,,,,,,,,,,,,183.66000366210938,184.75999450683594,180.0800018310547,181.0500030517578,33670200.0,,,,,,,,,,,,,,,
2024-05-24,AMZN,,,,,180.75,,,,,,,,,,,,181.64999389648438,182.44000244140625,180.3000030517578,180.75,27471600.0,,,,,,,,,,,,,,,
2024-05-28,AMZN,,,,,182.14999389648438,,,,,,,,,,,,179.92999267578125,182.24000549316406,179.49000549316406,182.14999389648438,29927000.0,,,,,,,,,,,,,,,
2024-05-29,AMZN,,,,,182.02000427246094,,,,,,,,,,,,181.6999969482422,184.0800018310547,181.5500030517578,182.02000427246094,32009300.0,,,,,,,,,,,,,,,
2024-05-30,AMZN,,,,,179.32000732421875,,,,,,,,,,,,181.30999755859375,181.33999633789062,178.36000061035156,179.32000732421875,29184700.0,,,,,,,,,,,,,,,
2024-05-31,AMZN,,,,,176.44000244140625,,,,,,,,,,,,178.3000030517578,179.2100067138672,173.8699951171875,176.44000244140625,58903900.0,,,,,,,,,,,,,,,
2024-06-03,AMZN,,,,,178.33999633789062,,,,,,,,,,,,177.6999969482422,178.6999969482422,175.9199981689453,178.33999633789062,30786600.0,,,,,,,,,,,,,,,
2024-06-04,AMZN,,,,,179.33999633789062,,,,,,,,,,,,177.63999938964844,179.82000732421875,176.44000244140625,179.33999633789062,27198400.0,,,,,,,,,,,,,,,
2024-06-05,AMZN,,,,,181.27999877929688,,,,,,,,,,,,180.10000610351562,181.5,178.75,181.27999877929688,32116400.0,,,,,,,,,,,,,,,
2024-06-06,AMZN,,,,,185.0,,,,,,,,,,,,181.75,185.0,181.49000549316406,185.0,31371200.0,,,,,,,,,,,,,,,
2024-06-07,AMZN,,,,,184.3000030517578,,,,,,,,,,,,184.89999389648438,186.2899932861328,183.36000061035156,184.3000030517578,28021500.0,,,,,,,,,,,,,,,
2024-06-10,AMZN,,,,,187.05999755859375,,,,,,,,,,,,184.07000732421875,187.22999572753906,183.7899932861328,187.05999755859375,34445600.0,,,,,,,,,,,,,,,
2024-06-11,AMZN,,,,,187.22999572753906,,,,,,,,,,,,187.05999755859375,187.77000427246094,184.5399932861328,187.22999572753906,27265100.0,,,,,,,,,,,,,,,
2024-06-12,AMZN,,,,,186.88999938964844,,,,,,,,,,,,188.02000427246094,188.35000610351562,185.42999267578125,186.88999938964844,33984200.0,,,,,,,,,,,,,,,
2024-06-13,AMZN,,,,,183.8300018310547,,,,,,,,,,,,186.08999633789062,187.6699981689453,182.6699981689453,183.8300018310547,39721500.0,,,,,,,,,,,,,,,
2024-06-14,AMZN,,,,,183.66000366210938,,,,,,,,,,,,183.0800018310547,183.72000122070312,182.22999572753906,183.66000366210938,25456400.0,,,,,,,,,,,,,,,
2024-06-17,AMZN,,,,,184.05999755859375,,,,,,,,,,,,182.52000427246094,185.0,181.22000122070312,184.05999755859375,35601900.0,,,,,,,,,,,,,,,
2024-06-18,AMZN,,,,,182.80999755859375,,,,,,,,,,,,183.74000549316406,184.2899932861328,181.42999267578125,182.80999755859375,36659200.0,,,,,,,,,,,,,,,
2024-06-20,AMZN,,,,,186.10000610351562,,,,,,,,,,,,182.91000366210938,186.50999450683594,182.72000122070312,186.10000610351562,44726800.0,,,,,,,,,,,,,,,
2024-06-21,AMZN,,,,,189.0800018310547,,,,,,,,,,,,187.8000030517578,189.27999877929688,185.86000061035156,189.0800018310547,70792500.0,,,,,,,,,,,,,,,
2024-06-24,AMZN,,,,,185.57000732421875,,,,,,,,,,,,189.3300018310547,191.0,185.3300018310547,185.57000732421875,50610400.0,,,,,,,,,,,,,,,
2024-06-25,AMZN,,,,,186.33999633789062,,,,,,,,,,,,186.80999755859375,188.83999633789062,185.4199981689453,186.33999633789062,45366400.0,,,,,,,,,,,,,,,
2024-06-26,AMZN,,,,,193.61000061035156,,,,,,,,,,,,186.9199981689453,194.8000030517578,186.25999450683594,193.61000061035156,65103900.0,,,,,,,,,,,,,,,
2024-06-27,AMZN,,,,,197.85000610351562,,,,,,,,,,,,195.00999450683594,199.83999633789062,194.1999969482422,197.85000610351562,74397500.0,,,,,,,,,,,,,,,
2024-06-28,AMZN,,,,,193.25,,,,,,,,,,,,197.72999572753906,198.85000610351562,192.5,193.25,76930200.0,,,,,,,,,,,,,,,
2024-07-01,AMZN,,,,,197.1999969482422,,,,,,,,,,,,193.49000549316406,198.3000030517578,192.82000732421875,197.1999969482422,41192000.0,,,,,,,,,,,,,,,
2024-07-02,AMZN,,,,,200.0,,,,,,,,,,,,197.27999877929688,200.42999267578125,195.92999267578125,200.0,45600000.0,,,,,,,,,,,,,,,
2024-07-03,AMZN,,,,,197.58999633789062,,,,,,,,,,,,199.94000244140625,200.02999877929688,196.75999450683594,197.58999633789062,31597900.0,,,,,,,,,,,,,,,
2024-07-05,AMZN,,,,,200.0,,,,,,,,,,,,198.64999389648438,200.5500030517578,198.1699981689453,200.0,39858900.0,,,,,,,,,,,,,,,
2024-07-08,AMZN,,,,,199.2899932861328,,,,,,,,,,,,200.0399932861328,201.1999969482422,197.9600067138672,199.2899932861328,34767300.0,,,,,,,,,,,,,,,
2024-07-09,AMZN,,,,,199.33999633789062,,,,,,,,,,,,199.39999389648438,200.57000732421875,199.0500030517578,199.33999633789062,32700100.0,,,,,,,,,,,,,,,
2024-07-10,AMZN,,,,,199.7899932861328,,,,,,,,,,,,200.0,200.11000061035156,197.69000244140625,199.7899932861328,32883800.0,,,,,,,,,,,,,,,
2024-07-11,AMZN,,,,,195.0500030517578,,,,,,,,,,,,200.08999633789062,200.27000427246094,192.86000061035156,195.0500030517578,44565000.0,,,,,,,,,,,,,,,
2024-07-12,AMZN,,,,,194.49000549316406,,,,,,,,,,,,194.8000030517578,196.47000122070312,193.8300018310547,194.49000549316406,30598500.0,,,,,,,,,,,,,,,
2024-07-15,AMZN,,,,,192.72000122070312,,,,,,,,,,,,194.55999755859375,196.19000244140625,190.8300018310547,192.72000122070312,40683200.0,,,,,,,,,,,,,,,
2024-07-16,AMZN,,,,,193.02000427246094,,,,,,,,,,,,195.58999633789062,196.6199951171875,192.24000549316406,193.02000427246094,33994700.0,,,,,,,,,,,,,,,
2024-07-17,AMZN,,,,,187.92999267578125,,,,,,,,,,,,191.35000610351562,191.5800018310547,185.99000549316406,187.92999267578125,48076100.0,,,,,,,,,,,,,,,
2024-07-18,AMZN,,,,,183.75,,,,,,,,,,,,189.58999633789062,189.67999267578125,181.4499969482422,183.75,51043600.0,,,,,,,,,,,,,,,
2024-07-19,AMZN,,,,,183.1300048828125,,,,,,,,,,,,181.13999938964844,184.92999267578125,180.11000061035156,183.1300048828125,43081800.0,,,,,,,,,,,,,,,
2024-07-22,AMZN,,,,,182.5500030517578,,,,,,,,,,,,185.0,185.05999755859375,182.47999572753906,182.5500030517578,39931900.0,,,,,,,,,,,,,,,
2024-07-23,AMZN,,,,,186.41000366210938,,,,,,,,,,,,184.10000610351562,189.38999938964844,183.55999755859375,186.41000366210938,47537700.0,,,,,,,,,,,,,,,
2024-07-24,AMZN,,,,,180.8300018310547,,,,,,,,,,,,183.1999969482422,185.4499969482422,180.41000366210938,180.8300018310547,41532400.0,,,,,,,,,,,,,,,
2024-07-25,AMZN,,,,,179.85000610351562,,,,,,,,,,,,182.91000366210938,183.89999389648438,176.8000030517578,179.85000610351562,44464200.0,,,,,,,,,,,,,,,
2024-07-26,AMZN,,,,,182.5,,,,,,,,,,,,180.38999938964844,183.19000244140625,180.24000549316406,182.5,29506000.0,,,,,,,,,,,,,,,
2024-07-29,AMZN,,,,,183.1999969482422,,,,,,,,,,,,183.83999633789062,184.75,182.3800048828125,183.1999969482422,33270100.0,,,,,,,,,,,,,,,
2024-07-30,AMZN,,,,,181.7100067138672,,,,,,,,,,,,184.72000122070312,185.86000061035156,179.3800048828125,181.7100067138672,39508600.0,,,,,,,,,,,,,,,
2024-07-31,AMZN,,,,,186.97999572753906,,,,,,,,,,,,185.0500030517578,187.94000244140625,184.4600067138672,186.97999572753906,41667300.0,,,,,,,,,,,,,,,
2024-08-01,AMZN,,,,,184.07000732421875,,,,,,,,,,,,189.2899932861328,190.60000610351562,181.8699951171875,184.07000732421875,70435600.0,,,,,,,,,,,,,,,
2024-08-02,AMZN,,,,,167.89999389648438,,,,,,,,,,,,166.75,168.77000427246094,160.5500030517578,167.89999389648438,141448400.0,,,,,,,,,,,,,,,
2024-08-05,AMZN,,,,,161.02000427246094,,,,,,,,,,,,154.2100067138672,162.9600067138672,151.61000061035156,161.02000427246094,83149400.0,,,,,,,,,,,,,,,
2024-08-06,AMZN,,,,,161.92999267578125,,,,,,,,,,,,161.7100067138672,165.0800018310547,158.5399932861328,161.92999267578125,59950800.0,,,,,,,,,,,,,,,
2024-08-07,AMZN,,,,,162.77000427246094,,,,,,,,,,,,166.5500030517578,167.5800018310547,161.42999267578125,162.77000427246094,48408200.0,,,,,,,,,,,,,,,
2024-08-08,AMZN,,,,,165.8000030517578,,,,,,,,,,,,165.1699981689453,166.69000244140625,162.5500030517578,165.8000030517578,44616200.0,,,,,,,,,,,,,,,
2024-08-09,AMZN,,,,,166.94000244140625,,,,,,,,,,,,166.39999389648438,168.5500030517578,165.85000610351562,166.94000244140625,36401000.0,,,,,,,,,,,,,,,
2024-08-12,AMZN,,,,,166.8000030517578,,,,,,,,,,,,168.13999938964844,168.5500030517578,166.11000061035156,166.8000030517578,30072800.0,,,,,,,,,,,,,,,
2024-08-13,AMZN,,,,,170.22999572753906,,,,,,,,,,,,167.80999755859375,171.0399932861328,167.10000610351562,170.22999572753906,39237900.0,,,,,,,,,,,,,,,
2024-08-14,AMZN,,,,,170.10000610351562,,,,,,,,,,,,172.11000061035156,172.27999877929688,168.86000061035156,170.10000610351562,28843800.0,,,,,,,,,,,,,,,
2024-08-15,AMZN,,,,,177.58999633789062,,,,,,,,,,,,174.86000061035156,177.91000366210938,173.99000549316406,177.58999633789062,51698500.0,,,,,,,,,,,,,,,
2024-08-16,AMZN,,,,,177.05999755859375,,,,,,,,,,,,177.0399932861328,178.33999633789062,176.25999450683594,177.05999755859375,31489200.0,,,,,,,,,,,,,,,
2024-08-19,AMZN,,,,,178.22000122070312,,,,,,,,,,,,177.63999938964844,178.3000030517578,176.16000366210938,178.22000122070312,31129800.0,,,,,,,,,,,,,,,
2024-08-20,AMZN,,,,,178.8800048828125,,,,,,,,,,,,177.9199981689453,179.00999450683594,177.42999267578125,178.8800048828125,26255200.0,,,,,,,,,,,,,,,
2024-08-21,AMZN,,,,,180.11000061035156,,,,,,,,,,,,179.9199981689453,182.38999938964844,178.88999938964844,180.11000061035156,35599100.0,,,,,,,,,,,,,,,
2024-08-22,AMZN,,,,,176.1300048828125,,,,,,,,,,,,181.3800048828125,181.47000122070312,175.67999267578125,176.1300048828125,32047500.0,,,,,,,,,,,,,,,
2024-08-23,AMZN,,,,,177.0399932861328,,,,,,,,,,,,177.33999633789062,178.97000122070312,175.24000549316406,177.0399932861328,29150100.0,,,,,,,,,,,,,,,
2024-08-26,AMZN,,,,,175.5,,,,,,,,,,,,176.6999969482422,177.47000122070312,174.3000030517578,175.5,22366200.0,,,,,,,,,,,,,,,
2024-08-27,AMZN,,,,,173.1199951171875,,,,,,,,,,,,174.14999389648438,174.88999938964844,172.25,173.1199951171875,29842000.0,,,,,,,,,,,,,,,
2024-08-28,AMZN,,,,,170.8000030517578,,,,,,,,,,,,173.69000244140625,173.69000244140625,168.9199981689453,170.8000030517578,29045000.0,,,,,,,,,,,,,,,
2024-08-29,AMZN,,,,,172.1199951171875,,,,,,,,,,,,173.22000122070312,174.2899932861328,170.80999755859375,172.1199951171875,26407800.0,,,,,,,,,,,,,,,
2024-08-30,AMZN,,,,,178.5,,,,,,,,,,,,172.77999877929688,178.89999389648438,172.60000610351562,178.5,43429400.0,,,,,,,,,,,,,,,
2024-09-03,AMZN,,,,,176.25,,,,,,,,,,,,177.5500030517578,178.25999450683594,175.25999450683594,176.25,37817500.0,,,,,,,,,,,,,,,
2024-09-04,AMZN,,,,,173.3300018310547,,,,,,,,,,,,174.47999572753906,175.97999572753906,172.5399932861328,173.3300018310547,30309200.0,,,,,,,,,,,,,,,
2024-09-05,AMZN,,,,,177.88999938964844,,,,,,,,,,,,175.0,179.8800048828125,175.0,177.88999938964844,40170500.0,,,,,,,,,,,,,,,
2024-09-06,AMZN,,,,,171.38999938964844,,,,,,,,,,,,177.24000549316406,178.3800048828125,171.16000366210938,171.38999938964844,41466500.0,,,,,,,,,,,,,,,
2024-09-09,AMZN,,,,,175.39999389648438,,,,,,,,,,,,174.52999877929688,175.85000610351562,173.50999450683594,175.39999389648438,29037400.0,,,,,,,,,,,,,,,
2024-09-10,AMZN,,,,,179.5500030517578,,,,,,,,,,,,177.49000549316406,180.5,176.7899932861328,179.5500030517578,36233800.0,,,,,,,,,,,,,,,
2024-09-11,AMZN,,,,,184.52000427246094,,,,,,,,,,,,180.10000610351562,184.99000549316406,175.72999572753906,184.52000427246094,42564700.0,,,,,,,,,,,,,,,
2024-09-12,AMZN,,,,,187.0,,,,,,,,,,,,184.8000030517578,187.41000366210938,183.5399932861328,187.0,33544200.0,,,,,,,,,,,,,,,
2024-09-13,AMZN,,,,,186.49000549316406,,,,,,,,,,,,187.0,188.5,185.91000366210938,186.49000549316406,26495400.0,,,,,,,,,,,,,,,
2024-09-16,AMZN,,,,,184.88999938964844,,,,,,,,,,,,185.2899932861328,185.80999755859375,183.36000061035156,184.88999938964844,26065500.0,,,,,,,,,,,,,,,
2024-09-17,AMZN,,,,,186.8800048828125,,,,,,,,,,,,186.85000610351562,189.4499969482422,186.13999938964844,186.8800048828125,26091700.0,,,,,,,,,,,,,,,
2024-09-18,AMZN,,,,,186.42999267578125,,,,,,,,,,,,186.4499969482422,188.8000030517578,185.05999755859375,186.42999267578125,34448100.0,,,,,,,,,,,,,,,
2024-09-19,AMZN,,,,,189.8699951171875,,,,,,,,,,,,190.0399932861328,190.99000549316406,188.47000122070312,189.8699951171875,39543200.0,,,,,,,,,,,,,,,
2024-09-20,AMZN,,,,,191.60000610351562,,,,,,,,,,,,190.22999572753906,191.83999633789062,187.41000366210938,191.60000610351562,100378600.0,,,,,,,,,,,,,,,
2024-09-23,AMZN,,,,,193.8800048828125,,,,,,,,,,,,191.63999938964844,194.4499969482422,190.57000732421875,193.8800048828125,36993100.0,,,,,,,,,,,,,,,
2024-09-24,AMZN,,,,,193.9600067138672,,,,,,,,,,,,194.27000427246094,195.3699951171875,190.1300048828125,193.9600067138672,43478900.0,,,,,,,,,,,,,,,
2024-09-25,AMZN,,,,,192.52999877929688,,,,,,,,,,,,193.75,193.9499969482422,192.16000366210938,192.52999877929688,26391100.0,,,,,,,,,,,,,,,
2024-09-26,AMZN,,,,,191.16000366210938,,,,,,,,,,,,194.30999755859375,194.52999877929688,189.5399932861328,191.16000366210938,36334900.0,,,,,,,,,,,,,,,
2024-09-27,AMZN,,,,,187.97000122070312,,,,,,,,,,,,190.67999267578125,190.89999389648438,187.33999633789062,187.97000122070312,36002300.0,,,,,,,,,,,,,,,
2024-09-30,AMZN,,,,,186.3300018310547,,,,,,,,,,,,187.13999938964844,188.49000549316406,184.64999389648438,186.3300018310547,41583900.0,,,,,,,,,,,,,,,
2024-10-01,AMZN,,,,,185.1300048828125,,,,,,,,,,,,184.89999389648438,186.19000244140625,183.4499969482422,185.1300048828125,36044900.0,,,,,,,,,,,,,,,
2024-10-02,AMZN,,,,,184.75999450683594,,,,,,,,,,,,184.44000244140625,186.60000610351562,184.0399932861328,184.75999450683594,23704100.0,,,,,,,,,,,,,,,
2024-10-03,AMZN,,,,,181.9600067138672,,,,,,,,,,,,183.0500030517578,183.44000244140625,180.8800048828125,181.9600067138672,30204300.0,,,,,,,,,,,,,,,
2024-10-04,AMZN,,,,,186.50999450683594,,,,,,,,,,,,185.75,187.60000610351562,183.60000610351562,186.50999450683594,40890300.0,,,,,,,,,,,,,,,
2024-10-07,AMZN,,,,,180.8000030517578,,,,,,,,,,,,182.9499969482422,183.60000610351562,180.25,180.8000030517578,42364200.0,,,,,,,,,,,,,,,
2024-10-08,AMZN,,,,,182.72000122070312,,,,,,,,,,,,181.9199981689453,183.08999633789062,180.9199981689453,182.72000122070312,26372100.0,,,,,,,,,,,,,,,
2024-10-09,AMZN,,,,,185.1699981689453,,,,,,,,,,,,182.82000732421875,185.85000610351562,182.0500030517578,185.1699981689453,26343100.0,,,,,,,,,,,,,,,
2024-10-10,AMZN,,,,,186.64999389648438,,,,,,,,,,,,187.1300048828125,188.1300048828125,185.8300018310547,186.64999389648438,27785000.0,,,,,,,,,,,,,,,
2024-10-11,AMZN,,,,,188.82000732421875,,,,,,,,,,,,186.6300048828125,189.92999267578125,186.3000030517578,188.82000732421875,25751600.0,,,,,,,,,,,,,,,
2024-10-14,AMZN,,,,,187.5399932861328,,,,,,,,,,,,189.77999877929688,189.8300018310547,187.36000061035156,187.5399932861328,22614400.0,,,,,,,,,,,,,,,
2024-10-15,AMZN,,,,,187.69000244140625,,,,,,,,,,,,187.6300048828125,188.41000366210938,184.5800018310547,187.69000244140625,32178900.0,,,,,,,,,,,,,,,
2024-10-16,AMZN,,,,,186.88999938964844,,,,,,,,,,,,187.0500030517578,187.77999877929688,185.61000061035156,186.88999938964844,23456800.0,,,,,,,,,,,,,,,
2024-10-17,AMZN,,,,,187.52999877929688,,,,,,,,,,,,188.22000122070312,188.94000244140625,186.0,187.52999877929688,25039400.0,,,,,,,,,,,,,,,
2024-10-18,AMZN,,,,,188.99000549316406,,,,,,,,,,,,187.14999389648438,190.74000549316406,186.27999877929688,188.99000549316406,37417700.0,,,,,,,,,,,,,,,
2024-10-21,AMZN,,,,,189.07000732421875,,,,,,,,,,,,188.0500030517578,189.4600067138672,186.39999389648438,189.07000732421875,24639400.0,,,,,,,,,,,,,,,
2024-10-22,AMZN,,,,,189.6999969482422,,,,,,,,,,,,188.35000610351562,191.52000427246094,186.97999572753906,189.6999969482422,29650600.0,,,,,,,,,,,,,,,
2024-10-23,AMZN,,,,,184.7100067138672,,,,,,,,,,,,188.85000610351562,189.16000366210938,183.69000244140625,184.7100067138672,31937100.0,,,,,,,,,,,,,,,
2024-10-24,AMZN,,,,,186.3800048828125,,,,,,,,,,,,185.25,187.11000061035156,183.86000061035156,186.3800048828125,21647400.0,,,,,,,,,,,,,,,
2024-10-25,AMZN,,,,,187.8300018310547,,,,,,,,,,,,187.85000610351562,190.4499969482422,187.52999877929688,187.8300018310547,29362100.0,,,,,,,,,,,,,,,
2024-10-28,AMZN,,,,,188.38999938964844,,,,,,,,,,,,189.57000732421875,190.2100067138672,188.2100067138672,188.38999938964844,27930800.0,,,,,,,,,,,,,,,
2024-10-29,AMZN,,,,,190.8300018310547,,,,,,,,,,,,188.5800018310547,191.4600067138672,187.82000732421875,190.8300018310547,35690200.0,,,,,,,,,,,,,,,
2024-10-30,AMZN,,,,,192.72999572753906,,,,,,,,,,,,194.6999969482422,195.61000061035156,192.4199981689453,192.72999572753906,37707600.0,,,,,,,,,,,,,,,
2024-10-31,AMZN,,,,,186.39999389648438,,,,,,,,,,,,190.50999450683594,190.60000610351562,185.22999572753906,186.39999389648438,75146800.0,,,,,,,,,,,,,,,
2024-11-01,AMZN,,,,,197.92999267578125,,,,,,,,,,,,199.0,200.5,197.02000427246094,197.92999267578125,99687800.0,,,,,,,,,,,,,,,
2024-11-04,AMZN,,,,,195.77999877929688,,,,,,,,,,,,196.4499969482422,197.3300018310547,194.30999755859375,195.77999877929688,38492100.0,,,,,,,,,,,,,,,
2024-11-05,AMZN,,,,,199.5,,,,,,,,,,,,196.0399932861328,199.82000732421875,195.99000549316406,199.5,30564800.0,,,,,,,,,,,,,,,
2024-11-06,AMZN,,,,,207.08999633789062,,,,,,,,,,,,200.00999450683594,207.5500030517578,199.13999938964844,207.08999633789062,72292200.0,,,,,,,,,,,,,,,
2024-11-07,AMZN,,,,,210.0500030517578,,,,,,,,,,,,207.44000244140625,212.25,207.19000244140625,210.0500030517578,52878400.0,,,,,,,,,,,,,,,
2024-11-08,AMZN,,,,,208.17999267578125,,,,,,,,,,,,209.72000122070312,209.9600067138672,207.44000244140625,208.17999267578125,36075800.0,,,,,,,,,,,,,,,
2024-11-11,AMZN,,,,,206.83999633789062,,,,,,,,,,,,208.5,209.64999389648438,205.58999633789062,206.83999633789062,35456000.0,,,,,,,,,,,,,,,
2024-11-12,AMZN,,,,,208.91000366210938,,,,,,,,,,,,208.3699951171875,209.5399932861328,206.00999450683594,208.91000366210938,38942900.0,,,,,,,,,,,,,,,
2024-11-13,AMZN,,,,,214.10000610351562,,,,,,,,,,,,209.39999389648438,215.08999633789062,209.13999938964844,214.10000610351562,46212900.0,,,,,,,,,,,,,,,
2024-11-14,AMZN,,,,,211.47999572753906,,,,,,,,,,,,214.16000366210938,215.89999389648438,210.8800048828125,211.47999572753906,42620300.0,,,,,,,,,,,,,,,
2024-11-15,AMZN,,,,,202.61000061035156,,,,,,,,,,,,206.75999450683594,207.33999633789062,199.61000061035156,202.61000061035156,86591100.0,,,,,,,,,,,,,,,
2024-11-18,AMZN,,,,,201.6999969482422,,,,,,,,,,,,204.14999389648438,204.6699981689453,200.9499969482422,201.6999969482422,36409900.0,,,,,,,,,,,,,,,
2024-11-19,AMZN,,,,,204.61000061035156,,,,,,,,,,,,199.3300018310547,205.3000030517578,198.77999877929688,204.61000061035156,31197900.0,,,,,,,,,,,,,,,
2024-11-20,AMZN,,,,,202.8800048828125,,,,,,,,,,,,202.97999572753906,203.1300048828125,199.4499969482422,202.8800048828125,32769000.0,,,,,,,,,,,,,,,
2024-11-21,AMZN,,,,,198.3800048828125,,,,,,,,,,,,203.49000549316406,203.49000549316406,195.75,198.3800048828125,58800000.0,,,,,,,,,,,,,,,
2024-11-22,AMZN,,,,,197.1199951171875,,,,,,,,,,,,198.25,199.25999450683594,196.75,197.1199951171875,31530800.0,,,,,,,,,,,,,,,
2024-11-25,AMZN,,,,,201.4499969482422,,,,,,,,,,,,199.27999877929688,201.9499969482422,199.0,201.4499969482422,40685700.0,,,,,,,,,,,,,,,
2024-11-26,AMZN,,,,,207.86000061035156,,,,,,,,,,,,201.89999389648438,208.0,201.7899932861328,207.86000061035156,41673700.0,,,,,,,,,,,,,,,
2024-11-27,AMZN,,,,,205.74000549316406,,,,,,,,,,,,206.97999572753906,207.63999938964844,205.0500030517578,205.74000549316406,28061600.0,,,,,,,,,,,,,,,
2024-11-29,AMZN,,,,,207.88999938964844,,,,,,,,,,,,205.8300018310547,208.1999969482422,204.58999633789062,207.88999938964844,24892400.0,,,,,,,,,,,,,,,
2024-12-02,AMZN,,,,,210.7100067138672,,,,,,,,,,,,209.9600067138672,212.99000549316406,209.50999450683594,210.7100067138672,39523200.0,,,,,,,,,,,,,,,
2024-12-03,AMZN,,,,,213.44000244140625,,,,,,,,,,,,210.30999755859375,214.02000427246094,209.64999389648438,213.44000244140625,32214800.0,,,,,,,,,,,,,,,
2024-12-04,AMZN,,,,,218.16000366210938,,,,,,,,,,,,215.9600067138672,220.0,215.75,218.16000366210938,48745700.0,,,,,,,,,,,,,,,
2024-12-05,AMZN,,,,,220.5500030517578,,,,,,,,,,,,218.02999877929688,222.14999389648438,217.3000030517578,220.5500030517578,41140200.0,,,,,,,,,,,,,,,
2024-12-06,AMZN,,,,,227.02999877929688,,,,,,,,,,,,220.75,227.14999389648438,220.60000610351562,227.02999877929688,44178100.0,,,,,,,,,,,,,,,
2024-12-09,AMZN,,,,,226.08999633789062,,,,,,,,,,,,227.2100067138672,230.0800018310547,225.6699981689453,226.08999633789062,46819400.0,,,,,,,,,,,,,,,
2024-12-10,AMZN,,,,,225.0399932861328,,,,,,,,,,,,226.08999633789062,229.05999755859375,224.1999969482422,225.0399932861328,31199900.0,,,,,,,,,,,,,,,
2024-12-11,AMZN,,,,,230.25999450683594,,,,,,,,,,,,226.41000366210938,231.1999969482422,226.25999450683594,230.25999450683594,35385800.0,,,,,,,,,,,,,,,
2024-12-12,AMZN,,,,,228.97000122070312,,,,,,,,,,,,229.8300018310547,231.08999633789062,227.6300048828125,228.97000122070312,28204100.0,,,,,,,,,,,,,,,
2024-12-13,AMZN,,,,,227.4600067138672,,,,,,,,,,,,228.39999389648438,230.1999969482422,225.86000061035156,227.4600067138672,28768100.0,,,,,,,,,,,,,,,
2024-12-16,AMZN,,,,,232.92999267578125,,,,,,,,,,,,230.22999572753906,233.0,228.00999450683594,232.92999267578125,37552100.0,,,,,,,,,,,,,,,
2024-12-17,AMZN,,,,,231.14999389648438,,,,,,,,,,,,232.38999938964844,232.72999572753906,227.85000610351562,231.14999389648438,35948100.0,,,,,,,,,,,,,,,
2024-12-18,AMZN,,,,,220.52000427246094,,,,,,,,,,,,230.77000427246094,231.39999389648438,220.11000061035156,220.52000427246094,43281400.0,,,,,,,,,,,,,,,
2024-12-19,AMZN,,,,,223.2899932861328,,,,,,,,,,,,224.91000366210938,226.08999633789062,222.9199981689453,223.2899932861328,39918700.0,,,,,,,,,,,,,,,
2024-12-20,AMZN,,,,,224.9199981689453,,,,,,,,,,,,219.83999633789062,226.2100067138672,218.72999572753906,224.9199981689453,88279200.0,,,,,,,,,,,,,,,
2024-12-23,AMZN,,,,,225.05999755859375,,,,,,,,,,,,225.00999450683594,226.8800048828125,223.89999389648438,225.05999755859375,28070000.0,,,,,,,,,,,,,,,
2024-12-24,AMZN,,,,,229.0500030517578,,,,,,,,,,,,226.94000244140625,229.13999938964844,226.1300048828125,229.0500030517578,15007500.0,,,,,,,,,,,,,,,
2024-12-26,AMZN,,,,,227.0500030517578,,,,,,,,,,,,228.5,228.5,226.6699981689453,227.0500030517578,16146700.0,,,,,,,,,,,,,,,
2024-12-27,AMZN,,,,,223.75,,,,,,,,,,,,225.60000610351562,226.02999877929688,220.89999389648438,223.75,27367100.0,,,,,,,,,,,,,,,
2024-12-30,AMZN,,,,,221.3000030517578,,,,,,,,,,,,220.05999755859375,223.0,218.42999267578125,221.3000030517578,28321200.0,,,,,,,,,,,,,,,
2024-12-31,AMZN,,,,,219.38999938964844,,,,,,,,,,,,222.97000122070312,223.22999572753906,218.94000244140625,219.38999938964844,24819700.0,,,,,,,,,,,,,,,
2023-01-03,MSFT,,,,,234.42359924316406,,,,,,,,,,,,,,,,,237.8482698796125,240.4608025449148,232.29051091152192,234.42359924316406,25740000.0,,,,,,,,,,
2023-01-04,MSFT,,,,,224.1691436767578,,,,,,,,,,,,,,,,,227.28069416142324,227.8579921549362,221.0967257126789,224.1691436767578,50623400.0,,,,,,,,,,
2023-01-05,MSFT,,,,,217.52528381347656,,,,,,,,,,,,,,,,,222.31003716133554,222.6525101847704,216.9871183182412,217.52528381347656,39585600.0,,,,,,,,,,
2023-01-06,MSFT,,,,,220.0889129638672,,,,,,,,,,,,,,,,,218.2004587609046,220.9010509921565,214.62902224661136,220.0889129638672,43613600.0,,,,,,,,,,
2023-01-09,MSFT,,,,,222.2317657470703,,,,,,,,,,,,,,,,,221.576187729577,226.26310248726838,221.5370552058609,222.2317657470703,27369800.0,,,,,,,,,,
2023-01-10,MSFT,,,,,223.92454528808594,,,,,,,,,,,,,,,,,222.85799364012647,226.33159118408554,222.43725555040157,223.92454528808594,27033900.0,,,,,,,,,,
2023-01-11,MSFT,,,,,230.69557189941406,,,,,,,,,,,,,,,,,226.311983326322,230.87169062751605,226.13586459822005,230.69557189941406,28669300.0,,,,,,,,,,
2023-01-12,MSFT,,,,,233.37661743164062,,,,,,,,,,,,,,,,,230.19656617961186,234.73670029298546,228.53315774154953,233.37661743164062,27269500.0,,,,,,,,,,
2023-01-13,MSFT,,,,,234.08111572265625,,,,,,,,,,,,,,,,,231.89911556681622,234.21810194476328,229.86388103095572,234.08111572265625,21333300.0,,,,,,,,,,
2023-01-17,MSFT,,,,,235.1770477294922,,,,,,,,,,,,,,,,,232.84826675296682,235.72499268152634,231.9872018681245,235.1770477294922,29831300.0,,,,,,,,,,
2023-01-18,MSFT,,,,,230.73471069335938,,,,,,,,,,,,,,,,,236.37074903194667,237.16331319071614,230.4509588691296,230.73471069335938,30028700.0,,,,,,,,,,
2023-01-19,MSFT,,,,,226.938232421875,,,,,,,,,,,,,,,,,228.74842139423623,230.4509772666671,225.71513580011168,226.938232421875,28623000.0,,,,,,,,,,
2023-01-20,MSFT,,,,,235.04983520507812,,,,,,,,,,,,,,,,,229.80519590044025,235.55864761839413,229.4627228485126,235.04983520507812,35389800.0,,,,,,,,,,
2023-01-23,MSFT,,,,,237.3590087890625,,,,,,,,,,,,,,,,,235.91086666584914,239.89326123728026,234.49206273479518,237.3590087890625,31934000.0,,,,,,,,,,
2023-01-24,MSFT,,,,,236.83062744140625,,,,,,,,,,,,,,,,,237.28073354657224,238.6995225755174,235.26507279685154,236.83062744140625,40234400.0,,,,,,,,,,
2023-01-25,MSFT,,,,,235.431396484375,,,,,,,,,,,,,,,,,229.43332655230378,238.06350250540547,225.93037643234288,235.431396484375,66526600.0,,,,,,,,,,
2023-01-26,MSFT,,,,,242.66233825683594,,,,,,,,,,,,,,,,,238.4059565934867,242.9656637907967,236.79147523449313,242.66233825683594,33454500.0,,,,,,,,,,
2023-01-27,MSFT,,,,,242.8189239501953,,,,,,,,,,,,,,,,,243.6310618794315,244.45297920647357,241.51754738385625,242.8189239501953,26498900.0,,,,,,,,,,
2023-01-30,MSFT,,,,,237.48622131347656,,,,,,,,,,,,,,,,,239.24746842953175,240.31401998539118,236.98718835759996,237.48622131347656,25867400.0,,,,,,,,,,
2023-01-31,MSFT,,,,,242.47645568847656,,,,,,,,,,,,,,,,,238.21029409203948,242.61344191233738,237.72105544533972,242.47645568847656,26541100.0,,,,,,,,,,
2023-02-01,MSFT,,,,,247.31011962890625,,,,,,,,,,,,,,,,,242.66235279117208,249.68781212878685,240.18680659624076,247.31011962890625,31259900.0,,,,,,,,,,
2023-02-02,MSFT,,,,,258.90509033203125,,,,,,,,,,,,,,,,,253.2494929338685,258.9931497026044,251.71327646099442,258.90509033203125,39940400.0,,,,,,,,,,
2023-02-03,MSFT,,,,,252.7895965576172,,,,,,,,,,,,,,,,,253.95398684195544,258.51369428484844,251.5665000287539,252.7895965576172,29077300.0,,,,,,,,,,
2023-02-06,MSFT,,,,,251.24359130859375,,,,,,,,,,,,,,,,,251.8991842011105,252.74066029817823,249.29643114757204,251.24359130859375,22518000.0,,,,,,,,,,
2023-02-07,MSFT,,,,,261.80133056640625,,,,,,,,,,,,,,,,,254.9226377457536,262.98527949675434,254.48231110631974,261.80133056640625,50841400.0,,,,,,,,,,
2023-02-08,MSFT,,,,,260.9892272949219,,,,,,,,,,,,,,,,,267.31997580328925,270.803352152855,260.4804000537077,260.9892272949219,54686000.0,,,,,,,,,,
2023-02-09,MSFT,,,,,257.9461364746094,,,,,,,,,,,,,,,,,267.9070265007635,268.0831750785003,257.14377806067694,257.9461364746094,42375100.0,,,,,,,,,,
2023-02-10,MSFT,,,,,257.4373474121094,,,,,,,,,,,,,,,,,255.9011311004859,258.40603024749146,255.04986074687702,257.4373474121094,25818500.0,,,,,,,,,,
2023-02-13,MSFT,,,,,265.48040771484375,,,,,,,,,,,,,,,,,261.8796192378384,268.6898113331747,261.400145164768,265.48040771484375,44630900.0,,,,,,,,,,
2023-02-14,MSFT,,,,,266.31219482421875,,,,,,,,,,,,,,,,,266.8014335016731,269.0519194736593,263.4843809353684,266.31219482421875,37047900.0,,,,,,,,,,
2023-02-15,MSFT,,,,,264.18353271484375,,,,,,,,,,,,,,,,,263.2026047275784,265.5666447691535,261.1034044657681,264.18353271484375,28922400.0,,,,,,,,,,
2023-02-16,MSFT,,,,,257.15032958984375,,,,,,,,,,,,,,,,,258.9846605908433,261.652786574721,256.90509753226513,257.15032958984375,29603600.0,,,,,,,,,,
2023-02-17,MSFT,,,,,253.1382598876953,,,,,,,,,,,,,,,,,254.44291080193668,255.12954239341835,251.11755074141655,253.1382598876953,30000100.0,,,,,,,,,,
2023-02-21,MSFT,,,,,247.85107421875,,,,,,,,,,,,,,,,,249.62655149140514,250.6172983438043,246.79167019007645,247.85107421875,28397400.0,,,,,,,,,,
2023-02-22,MSFT,,,,,246.71319580078125,,,,,,,,,,,,,,,,,249.24399183598243,249.48922383589215,245.56551183733654,246.71319580078125,22491100.0,,,,,,,,,,
2023-02-23,MSFT,,,,,249.91102600097656,,,,,,,,,,,,,,,,,250.6859525204274,251.94153913914087,245.70283657900748,249.91102600097656,29219100.0,,,,,,,,,,
2023-02-24,MSFT,,,,,244.46688842773438,,,,,,,,,,,,,,,,,245.19278056900376,246.21293914937976,243.3682538076719,244.46688842773438,24990900.0,,,,,,,,,,
2023-02-27,MSFT,,,,,245.3889617919922,,,,,,,,,,,,,,,,,247.6450992749113,247.9982339676097,244.63364301109786,245.3889617919922,21190000.0,,,,,,,,,,
2023-02-28,MSFT,,,,,244.6630859375,,,,,,,,,,,,,,,,,244.31977008171737,246.6936142975938,243.98624315080207,244.6630859375,22491000.0,,,,,,,,,,
2023-03-01,MSFT,,,,,241.57313537597656,,,,,,,,,,,,,,,,,245.9774923821407,246.144248340917,241.1022791735545,241.57313537597656,27565300.0,,,,,,,,,,
2023-03-02,MSFT,,,,,246.3208465576172,,,,,,,,,,,,,,,,,241.84781698411012,246.60530911013456,240.92574220982544,246.3208465576172,24808200.0,,,,,,,,,,
2023-03-03,MSFT,,,,,250.4210968017578,,,,,,,,,,,,,,,,,247.38022905203076,250.74480483048058,246.59548367643978,250.4210968017578,30760100.0,,,,,,,,,,
2023-03-06,MSFT,,,,,251.9709930419922,,,,,,,,,,,,,,,,,251.53938228865584,255.15900932631095,251.0979676428436,251.9709930419922,24109800.0,,,,,,,,,,
2023-03-07,MSFT,,,,,249.30284118652344,,,,,,,,,,,,,,,,,251.41183036535284,252.77533463239405,248.5573413069621,249.30284118652344,21473200.0,,,,,,,,,,
2023-03-08,MSFT,,,,,248.86143493652344,,,,,,,,,,,,,,,,,249.19494687006076,249.68541087859464,246.0265535659087,248.86143493652344,17340200.0,,,,,,,,,,
2023-03-09,MSFT,,,,,247.5077667236328,,,,,,,,,,,,,,,,,250.94101481489335,254.60967605303648,246.78187459593914,247.5077667236328,26653400.0,,,,,,,,,,
2023-03-10,MSFT,,,,,243.84889221191406,,,,,,,,,,,,,,,,,246.29140836322506,247.9687868907418,242.87778305422765,243.84889221191406,28333900.0,,,,,,,,,,
2023-03-13,MSFT,,,,,249.07723999023438,,,,,,,,,,,,,,,,,242.6815851358712,252.9911481619017,241.04343714552314,249.07723999023438,33339700.0,,,,,,,,,,
2023-03-14,MSFT,,,,,255.81625366210938,,,,,,,,,,,,,,,,,251.85329566194966,256.09091233921646,250.98027023090745,255.81625366210938,33620300.0,,,,,,,,,,
2023-03-15,MSFT,,,,,260.37750244140625,,,,,,,,,,,,,,,,,255.02164452493233,261.3976758325825,254.26631088820125,260.37750244140625,46028000.0,,,,,,,,,,
2023-03-16,MSFT,,,,,270.93231201171875,,,,,,,,,,,,,,,,,260.15189347519987,271.28543170497954,258.25870971450126,270.93231201171875,54768800.0,,,,,,,,,,
2023-03-17,MSFT,,,,,274.10076904296875,,,,,,,,,,,,,,,,,272.9530997739327,277.9263831656789,271.0500966065108,274.10076904296875,69527400.0,,,,,,,,,,
2023-03-20,MSFT,,,,,267.0380554199219,,,,,,,,,,,,,,,,,271.6974636851933,272.1879277131166,264.70344185731915,267.0380554199219,43466600.0,,,,,,,,,,
2023-03-21,MSFT,,,,,268.5585021972656,,,,,,,,,,,,,,,,,269.6375291272283,269.7552357131241,264.3797387846606,268.5585021972656,34558700.0,,,,,,,,,,
2023-03-22,MSFT,,,,,267.096923828125,,,,,,,,,,,,,,,,,268.1857396626866,275.6800448026521,266.98900616938766,267.096923828125,34873300.0,,,,,,,,,,
2023-03-23,MSFT,,,,,272.3644714355469,,,,,,,,,,,,,,,,,272.63913007748295,275.6996206406408,269.95139694314116,272.3644714355469,36610900.0,,,,,,,,,,
2023-03-24,MSFT,,,,,275.218994140625,,,,,,,,,,,,,,,,,271.9524869231275,275.27784742962956,270.02987629936445,275.218994140625,28172000.0,,,,,,,,,,
2023-03-27,MSFT,,,,,271.10888671875,,,,,,,,,,,,,,,,,275.1503053082786,276.09198781080295,270.26527306825443,271.10888671875,26840200.0,,,,,,,,,,
2023-03-28,MSFT,,,,,269.9808044433594,,,,,,,,,,,,,,,,,270.53012168828354,270.8734524502473,266.8614308808072,269.9808044433594,21878600.0,,,,,,,,,,
2023-03-29,MSFT,,,,,275.16009521484375,,,,,,,,,,,,,,,,,273.6396390062714,275.7780845824436,273.10014063469197,275.16009521484375,25087000.0,,,,,,,,,,
2023-03-30,MSFT,,,,,278.632568359375,,,,,,,,,,,,,,,,,278.80915813894063,279.0347524055632,276.1116063138486,278.632568359375,25053400.0,,,,,,,,,,
2023-03-31,MSFT,,,,,282.801513671875,,,,,,,,,,,,,,,,,278.31869572846455,283.7530149729274,277.60260755409064,282.801513671875,32766000.0,,,,,,,,,,
2023-04-03,MSFT,,,,,281.751953125,,,,,,,,,,,,,,,,,281.0554727089369,282.7720966657289,278.53451056340606,281.751953125,24883300.0,,,,,,,,,,
2023-04-04,MSFT,,,,,281.702880859375,,,,,,,,,,,,,,,,,281.75194521809124,284.91053440736965,280.22170001439565,281.702880859375,25824300.0,,,,,,,,,,
2023-04-05,MSFT,,,,,278.9170837402344,,,,,,,,,,,,,,,,,280.3982947048252,281.67348922118816,277.52418264519775,278.9170837402344,22064800.0,,,,,,,,,,
2023-04-06,MSFT,,,,,286.0386047363281,,,,,,,,,,,,,,,,,277.80860462136076,286.5094310076184,276.65111679037716,286.0386047363281,29770300.0,,,,,,,,,,
2023-04-10,MSFT,,,,,283.8707275390625,,,,,,,,,,,,,,,,,283.69413777339656,284.07671400753975,279.279962407057,283.8707275390625,23103000.0,,,,,,,,,,
2023-04-11,MSFT,,,,,277.43585205078125,,,,,,,,,,,,,,,,,280.30017497191614,280.52579918788547,276.26857527576567,277.43585205078125,27276600.0,,,,,,,,,,
2023-04-12,MSFT,,,,,278.08331298828125,,,,,,,,,,,,,,,,,279.3585375506844,281.53619925147586,276.5824941090568,278.08331298828125,27403400.0,,,,,,,,,,
2023-04-13,MSFT,,,,,284.31219482421875,,,,,,,,,,,,,,,,,278.18139424423316,284.37104811494265,277.76942120916596,284.31219482421875,24222700.0,,,,,,,,,,
2023-04-14,MSFT,,,,,280.6827392578125,,,,,,,,,,,,,,,,,281.526322929585,282.9781070789799,278.27945379517104,280.6827392578125,20987900.0,,,,,,,,,,
2023-04-17,MSFT,,,,,283.2920227050781,,,,,,,,,,,,,,,,,284.4004762454157,286.03863934058404,280.7023880930552,283.2920227050781,23836200.0,,,,,,,,,,
2023-04-18,MSFT,,,,,282.8702087402344,,,,,,,,,,,,,,,,,286.0091903829201,286.1955691018291,281.53616100019883,282.8702087402344,20161800.0,,,,,,,,,,
2023-04-19,MSFT,,,,,282.9486999511719,,,,,,,,,,,,,,,,,280.5355954631928,283.53723281599844,279.11326779246525,282.9486999511719,17150300.0,,,,,,,,,,
2023-04-20,MSFT,,,,,280.6532897949219,,,,,,,,,,,,,,,,,279.80970610176666,283.51761266618416,279.6429351736415,280.6532897949219,23244400.0,,,,,,,,,,
2023-04-21,MSFT,,,,,280.30999755859375,,,,,,,,,,,,,,,,,279.57430155150945,280.810250487239,277.6614799588713,280.30999755859375,21676400.0,,,,,,,,,,
2023-04-24,MSFT,,,,,276.39605712890625,,,,,,,,,,,,,,,,,276.70996125679454,279.5154307545352,273.4042388617488,276.39605712890625,26611000.0,,,,,,,,,,
2023-04-25,MSFT,,,,,270.1672668457031,,,,,,,,,,,,,,,,,274.1792597225635,276.2293961353031,270.11820247276773,270.1672668457031,45772200.0,,,,,,,,,,
2023-04-26,MSFT,,,,,289.7366638183594,,,,,,,,,,,,,,,,,291.04131466578156,293.8565728984229,287.14702977545284,289.7366638183594,64599200.0,,,,,,,,,,
2023-04-27,MSFT,,,,,299.0163269042969,,,,,,,,,,,,,,,,,290.32531751233853,299.37929548036186,289.61904801830957,299.0163269042969,46462600.0,,,,,,,,,,
2023-04-28,MSFT,,,,,301.3999938964844,,,,,,,,,,,,,,,,,298.2119773989559,303.0381271482286,297.5253157175753,301.3999938964844,36469600.0,,,,,,,,,,
2023-05-01,MSFT,,,,,299.7322998046875,,,,,,,,,,,,,,,,,301.11541161171004,302.7143287347689,299.3301158095498,299.7322998046875,21294100.0,,,,,,,,,,
2023-05-02,MSFT,,,,,299.585205078125,,,,,,,,,,,,,,,,,301.8903917190822,303.28329262686395,298.1138131714134,299.585205078125,26404400.0,,,,,,,,,,
2023-05-03,MSFT,,,,,298.5944519042969,,,,,,,,,,,,,,,,,300.7721130771422,302.7241500523143,298.2903666449146,298.5944519042969,22360800.0,,,,,,,,,,
2023-05-04,MSFT,,,,,299.585205078125,,,,,,,,,,,,,,,,,300.39936209486564,301.8903917190822,297.6135303437571,299.585205078125,22519900.0,,,,,,,,,,
2023-05-05,MSFT,,,,,304.7253112792969,,,,,,,,,,,,,,,,,299.8893428831968,306.0201435685824,298.4669851499672,304.7253112792969,28197100.0,,,,,,,,,,
2023-05-08,MSFT,,,,,302.763427734375,,,,,,,,,,,,,,,,,304.2152119824431,304.28388412845356,300.2522543951284,302.763427734375,21318600.0,,,,,,,,,,
2023-05-09,MSFT,,,,,301.14495849609375,,,,,,,,,,,,,,,,,302.1258866996641,304.12698861690245,300.468115640786,301.14495849609375,21340800.0,,,,,,,,,,
2023-05-10,MSFT,,,,,306.3536376953125,,,,,,,,,,,,,,,,,302.73401078657963,307.03048044641207,301.8021470979915,306.3536376953125,30078000.0,,,,,,,,,,
2023-05-11,MSFT,,,,,304.1955871582031,,,,,,,,,,,,,,,,,304.1857982337492,305.1863340809167,300.4190380652053,304.1955871582031,31680200.0,,,,,,,,,,
2023-05-12,MSFT,,,,,303.07733154296875,,,,,,,,,,,,,,,,,304.62718464295926,304.7252834320708,300.7525369252092,303.07733154296875,19774700.0,,,,,,,,,,
2023-05-15,MSFT,,,,,303.5579833984375,,,,,,,,,,,,,,,,,303.2048636724934,303.98959413162356,301.7236527501709,303.5579833984375,16336500.0,,,,,,,,,,
2023-05-16,MSFT,,,,,305.7944641113281,,,,,,,,,,,,,,,,,303.92088816790715,307.726893335858,303.92088816790715,305.7944641113281,26730300.0,,,,,,,,,,
2023-05-17,MSFT,,,,,308.6847229003906,,,,,,,,,,,,,,,,,307.0036775549358,309.10743681750125,305.47989738715967,308.6847229003906,24315000.0,,,,,,,,,,
2023-05-18,MSFT,,,,,313.12823486328125,,,,,,,,,,,,,,,,,309.2057852767407,313.63945175242833,308.4094989697135,313.12823486328125,27276000.0,,,,,,,,,,
2023-05-19,MSFT,,,,,312.95123291015625,,,,,,,,,,,,,,,,,311.378311227304,313.3542961539549,311.01457927584767,312.95123291015625,27546700.0,,,,,,,,,,
2023-05-22,MSFT,,,,,315.7431945800781,,,,,,,,,,,,,,,,,313.2068809214525,317.1293303008465,312.6268717902356,315.7431945800781,24115700.0,,,,,,,,,,
2023-05-23,MSFT,,,,,309.92340087890625,,,,,,,,,,,,,,,,,314.6126452216037,317.2571122621046,309.9135605550199,309.92340087890625,30797200.0,,,,,,,,,,
2023-05-24,MSFT,,,,,308.5372619628906,,,,,,,,,,,,,,,,,309.4023704280069,311.14239768103363,307.3182318525054,308.5372619628906,23384900.0,,,,,,,,,,
2023-05-25,MSFT,,,,,320.4029235839844,,,,,,,,,,,,,,,,,317.76826713133414,321.3663151963633,314.58312261517057,320.4029235839844,43301700.0,,,,,,,,,,
2023-05-26,MSFT,,,,,327.2549743652344,,,,,,,,,,,,,,,,,318.5350972767318,327.75632087129475,318.39748274598566,327.2549743652344,36630600.0,,,,,,,,,,
2023-05-30,MSFT,,,,,325.6034240722656,,,,,,,,,,,,,,,,,329.5553945984625,330.0567411570019,324.925101668545,325.6034240722656,29503100.0,,,,,,,,,,
2023-05-31,MSFT,,,,,322.8311462402344,,,,,,,,,,,,,,,,,326.66512243856624,330.2533305472488,321.78906193921273,322.8311462402344,45950600.0,,,,,,,,,,
2023-06-01,MSFT,,,,,326.9502258300781,,,,,,,,,,,,,,,,,320.41279996560337,327.8841566682848,319.2232906882485,326.9502258300781,26773900.0,,,,,,,,,,
2023-06-02,MSFT,,,,,329.72247314453125,,,,,,,,,,,,,,,,,328.5919458978105,331.7869311608408,326.92071083675313,329.72247314453125,25873800.0,,,,,,,,,,
2023-06-05,MSFT,,,,,330.2533874511719,,,,,,,,,,,,,,,,,329.5455740309834,332.82903267433227,328.99505581539154,330.2533874511719,21307100.0,,,,,,,,,,
2023-06-06,MSFT,,,,,328.0316162109375,,,,,,,,,,,,,,,,,329.65367979425776,329.6930110935296,326.5471971745733,328.0316162109375,20396200.0,,,,,,,,,,
2023-06-07,MSFT,,,,,317.90594482421875,,,,,,,,,,,,,,,,,326.03594244738656,328.8278643518396,317.04083634658787,317.90594482421875,40717100.0,,,,,,,,,,
2023-06-08,MSFT,,,,,319.7541198730469,,,,,,,,,,,,,,,,,318.45645718009644,321.1107645064962,317.87644809786565,319.7541198730469,23277700.0,,,,,,,,,,
2023-06-09,MSFT,,,,,321.2582702636719,,,,,,,,,,,,,,,,,319.488721765344,324.4040842590463,318.9185529165109,321.2582702636719,22529000.0,,,,,,,,,,
2023-06-12,MSFT,,,,,326.2325744628906,,,,,,,,,,,,,,,,,323.0179085879385,326.4783425572576,319.6558178575519,326.2325744628906,24260300.0,,,,,,,,,,
2023-06-13,MSFT,,,,,328.6312561035156,,,,,,,,,,,,,,,,,328.80820192187525,331.27572305928487,324.79728003412475,328.6312561035156,22951300.0,,,,,,,,,,
2023-06-14,MSFT,,,,,331.6296081542969,,,,,,,,,,,,,,,,,328.6803912358667,333.30084307513505,327.17629180750674,331.6296081542969,26003800.0,,,,,,,,,,
2023-06-15,MSFT,,,,,342.20751953125,,,,,,,,,,,,,,,,,331.7672951050373,343.9180559623726,331.4920360241556,342.20751953125,38899100.0,,,,,,,,,,
2023-06-16,MSFT,,,,,336.53515625,,,,,,,,,,,,,,,,,345.3729973890222,345.52045224652784,336.16161394464854,336.53515625,46552000.0,,,,,,,,,,
2023-06-20,MSFT,,,,,332.32763671875,,,,,,,,,,,,,,,,,333.5663176321454,336.28941757561955,330.17470560784415,332.32763671875,26375400.0,,,,,,,,,,
2023-06-21,MSFT,,,,,327.9136047363281,,,,,,,,,,,,,,,,,330.6760355897967,332.0130295621335,326.44883656163114,327.9136047363281,25117800.0,,,,,,,,,,
2023-06-22,MSFT,,,,,333.9595031738281,,,,,,,,,,,,,,,,,328.4641322789384,334.36256644173795,327.69733703781395,333.9595031738281,23556800.0,,,,,,,,,,
2023-06-23,MSFT,,,,,329.348876953125,,,,,,,,,,,,,,,,,328.70004562356576,332.239111966168,327.80547621565904,329.348876953125,23146900.0,,,,,,,,,,
2023-06-26,MSFT,,,,,323.0376281738281,,,,,,,,,,,,,,,,,328.07095455300293,330.4204822178402,322.9294745987564,323.0376281738281,21520600.0,,,,,,,,,,
2023-06-27,MSFT,,,,,328.90655517578125,,,,,,,,,,,,,,,,,326.242407248698,330.45979643869066,323.72574418918015,328.90655517578125,24354100.0,,,,,,,,,,
2023-06-28,MSFT,,,,,330.16485595703125,,,,,,,,,,,,,,,,,328.99499745616725,332.258804870359,328.1593799554091,330.16485595703125,20259500.0,,,,,,,,,,
2023-06-29,MSFT,,,,,329.37841796875,,,,,,,,,,,,,,,,,329.04417693018956,330.4204723833769,326.9895590748973,329.37841796875,16997000.0,,,,,,,,,,
2023-06-30,MSFT,,,,,334.7754821777344,,,,,,,,,,,,,,,,,332.0327017922602,336.928413125334,331.49202397478524,334.7754821777344,26832800.0,,,,,,,,,,
2023-07-03,MSFT,,,,,332.2686462402344,,,,,,,,,,,,,,,,,333.44834517518075,335.1293906566377,330.87270016823766,332.2686462402344,12508700.0,,,,,,,,,,
2023-07-05,MSFT,,,,,332.4259338378906,,,,,,,,,,,,,,,,,329.417734623584,335.8666873183972,329.06384295177827,332.4259338378906,18172400.0,,,,,,,,,,
2023-07-06,MSFT,,,,,335.4931335449219,,,,,,,,,,,,,,,,,331.5903346098022,337.18401940600376,329.8208161509684,335.4931335449219,28161200.0,,,,,,,,,,
2023-07-07,MSFT,,,,,331.5116882324219,,,,,,,,,,,,,,,,,333.576146349244,336.0043364674082,331.295411096355,331.5116882324219,21214800.0,,,,,,,,,,
2023-07-10,MSFT,,,,,326.2129211425781,,,,,,,,,,,,,,,,,328.9360510569214,329.5553915067683,322.04470351324625,326.2129211425781,32791400.0,,,,,,,,,,
2023-07-11,MSFT,,,,,326.842041015625,,,,,,,,,,,,,,,,,325.4559055054398,327.22542360300366,321.4646344623469,326.842041015625,26698200.0,,,,,,,,,,
2023-07-12,MSFT,,,,,331.4920349121094,,,,,,,,,,,,,,,,,330.9021854547732,335.8666892186245,329.9879352964464,331.4920349121094,29995300.0,,,,,,,,,,
2023-07-13,MSFT,,,,,336.8595886230469,,,,,,,,,,,,,,,,,333.81205821506575,337.92129360338816,333.2811907244009,336.8595886230469,20567200.0,,,,,,,,,,
2023-07-14,MSFT,,,,,339.3959045410156,,,,,,,,,,,,,,,,,341.70613067280914,345.4811250749577,338.48165441257885,339.3959045410156,28352700.0,,,,,,,,,,
2023-07-17,MSFT,,,,,339.87762451171875,,,,,,,,,,,,,,,,,339.82845289215857,341.116275309023,336.40738021266617,339.87762451171875,20363900.0,,,,,,,,,,
2023-07-18,MSFT,,,,,353.4046936035156,,,,,,,,,,,,,,,,,339.97592078654986,360.57129992405726,336.3779021410324,353.4046936035156,64738600.0,,,,,,,,,,
2023-07-19,MSFT,,,,,349.0693664550781,,,,,,,,,,,,,,,,,355.62647316205454,356.3244462294896,346.47407068269024,349.0693664550781,39732900.0,,,,,,,,,,
2023-07-20,MSFT,,,,,340.99835205078125,,,,,,,,,,,,,,,,,347.58494977753446,351.9104627618091,339.52374330607455,340.99835205078125,33778400.0,,,,,,,,,,
2023-07-21,MSFT,,,,,337.9508056640625,,,,,,,,,,,,,,,,,343.2397402503529,344.3702675687518,334.077497807225,337.9508056640625,69405400.0,,,,,,,,,,
2023-07-24,MSFT,,,,,339.26812744140625,,,,,,,,,,,,,,,,,339.99562147356863,341.04751622203986,336.5155365118462,339.26812744140625,26678100.0,,,,,,,,,,
2023-07-25,MSFT,,,,,345.03875732421875,,,,,,,,,,,,,,,,,341.23424198421435,345.93335679685634,339.22879591466364,345.03875732421875,41637700.0,,,,,,,,,,
2023-07-26,MSFT,,,,,332.0523681640625,,,,,,,,,,,,,,,,,335.66025722913804,338.83559201935464,327.47124698104943,332.0523681640625,58383700.0,,,,,,,,,,
2023-07-27,MSFT,,,,,325.1217041015625,,,,,,,,,,,,,,,,,334.71650028968384,335.55208782574067,323.47995999932067,325.1217041015625,39635300.0,,,,,,,,,,
2023-07-28,MSFT,,,,,332.6421813964844,,,,,,,,,,,,,,,,,328.02175941976105,334.25443442734047,327.5302232519615,332.6421813964844,28484900.0,,,,,,,,,,
2023-07-31,MSFT,,,,,330.23370361328125,,,,,,,,,,,,,,,,,331.2167760424693,331.9835713371964,327.7170105936494,330.23370361328125,25446000.0,,,,,,,,,,
2023-08-01,MSFT,,,,,330.64654541015625,,,,,,,,,,,,,,,,,329.5160182255947,332.8093165466115,328.0512500473967,330.64654541015625,18311900.0,,,,,,,,,,
2023-08-02,MSFT,,,,,321.9561767578125,,,,,,,,,,,,,,,,,327.9824147290401,327.9824147290401,320.8354599405336,321.9561767578125,27761300.0,,,,,,,,,,
2023-08-03,MSFT,,,,,321.1304016113281,,,,,,,,,,,,,,,,,320.4815702922133,324.2958956222293,320.43242867753213,321.1304016113281,18253700.0,,,,,,,,,,
2023-08-04,MSFT,,,,,322.2314453125,,,,,,,,,,,,,,,,,326.2620478429963,329.4668732210619,321.7005778570137,322.2314453125,23741500.0,,,,,,,,,,
2023-08-07,MSFT,,,,,324.52203369140625,,,,,,,,,,,,,,,,,322.8114972201717,325.50510614632094,321.97587963329613,324.52203369140625,17741500.0,,,,,,,,,,
2023-08-08,MSFT,,,,,320.53076171875,,,,,,,,,,,,,,,,,321.4253612522669,323.1850693457117,317.5324027335814,320.53076171875,22327600.0,,,,,,,,,,
2023-08-09,MSFT,,,,,316.7754211425781,,,,,,,,,,,,,,,,,320.9436383983928,321.5727891157856,315.61537294318714,316.7754211425781,22373300.0,,,,,,,,,,
2023-08-10,MSFT,,,,,317.4635009765625,,,,,,,,,,,,,,,,,320.5011904996177,322.7032926465346,315.74312461230585,317.4635009765625,20113700.0,,,,,,,,,,
2023-08-11,MSFT,,,,,315.5760498046875,,,,,,,,,,,,,,,,,314.83874557692735,316.9523450296426,313.8065016574717,315.5760498046875,24355500.0,,,,,,,,,,
2023-08-14,MSFT,,,,,318.5548095703125,,,,,,,,,,,,,,,,,315.9496735414383,318.57446021923187,314.6618210129477,318.5548095703125,18836100.0,,,,,,,,,,
2023-08-15,MSFT,,,,,316.41168212890625,,,,,,,,,,,,,,,,,317.53239911449145,319.5870169204076,315.4679409838277,316.41168212890625,16966300.0,,,,,,,,,,
2023-08-16,MSFT,,,,,315.6432800292969,,,,,,,,,,,,,,,,,316.03733554703456,319.603617653509,315.05218172043595,315.6432800292969,20698900.0,,,,,,,,,,
2023-08-17,MSFT,,,,,312.175537109375,,,,,,,,,,,,,,,,,315.78120358070635,317.0914448901851,311.51547084312125,312.175537109375,21257200.0,,,,,,,,,,
2023-08-18,MSFT,,,,,311.7815246582031,,,,,,,,,,,,,,,,,309.8210479057797,313.6533111007054,306.92469296436104,311.7815246582031,24755000.0,,,,,,,,,,
2023-08-21,MSFT,,,,,317.1012878417969,,,,,,,,,,,,,,,,,313.20991857735174,317.97805902911256,312.3331473900361,317.1012878417969,24040000.0,,,,,,,,,,
2023-08-22,MSFT,,,,,317.6726989746094,,,,,,,,,,,,,,,,,320.66757506765094,321.23895106672995,316.68754513415576,317.6726989746094,16084600.0,,,,,,,,,,
2023-08-23,MSFT,,,,,322.14532470703125,,,,,,,,,,,,,,,,,319.0125425262804,324.3126753088463,318.65787148938745,322.14532470703125,21166400.0,,,,,,,,,,
2023-08-24,MSFT,,,,,315.21966552734375,,,,,,,,,,,,,,,,,327.9084513999614,328.0365262054767,315.20980436860924,315.21966552734375,23281400.0,,,,,,,,,,
2023-08-25,MSFT,,,,,318.1849365234375,,,,,,,,,,,,,,,,,316.6973448921229,320.5295769549519,314.06697141970284,318.1849365234375,21684100.0,,,,,,,,,,
2023-08-28,MSFT,,,,,318.8942565917969,,,,,,,,,,,,,,,,,320.8251493765449,321.30786505660586,316.94364149226806,318.8942565917969,14808500.0,,,,,,,,,,
2023-08-29,MSFT,,,,,323.53436279296875,,,,,,,,,,,,,,,,,317.1013096869728,324.09590767397725,317.1013096869728,323.53436279296875,19284600.0,,,,,,,,,,
2023-08-30,MSFT,,,,,323.9087219238281,,,,,,,,,,,,,,,,,323.79050827975385,324.913567962967,321.6034656708571,323.9087219238281,15222100.0,,,,,,,,,,
2023-08-31,MSFT,,,,,322.89404296875,,,,,,,,,,,,,,,,,324.3126669507392,325.99727165516003,321.92858135018474,322.89404296875,26411000.0,,,,,,,,,,
2023-09-01,MSFT,,,,,323.7806091308594,,,,,,,,,,,,,,,,,326.3912603462074,327.0611576270318,321.9285154189886,323.7806091308594,14942000.0,,,,,,,,,,
2023-09-05,MSFT,,,,,328.5980224609375,,,,,,,,,,,,,,,,,324.1155849082222,329.8787403792181,323.78063623976607,328.5980224609375,18553900.0,,,,,,,,,,
2023-09-06,MSFT,,,,,327.9380187988281,,,,,,,,,,,,,,,,,328.4305957244297,329.4945486553449,325.2780913747757,327.9380187988281,17535800.0,,,,,,,,,,
2023-09-07,MSFT,,,,,325.0120849609375,,,,,,,,,,,,,,,,,326.37160197842854,328.1350055862109,324.14514483010225,325.0120849609375,18381000.0,,,,,,,,,,
2023-09-08,MSFT,,,,,329.3073425292969,,,,,,,,,,,,,,,,,325.189406952983,331.16929760056996,324.5687552625587,329.3073425292969,19530100.0,,,,,,,,,,
2023-09-11,MSFT,,,,,332.9228210449219,,,,,,,,,,,,,,,,,332.2332014762201,333.3957056118462,330.4500758061659,332.9228210449219,16583300.0,,,,,,,,,,
2023-09-12,MSFT,,,,,326.8444519042969,,,,,,,,,,,,,,,,,330.8343426682216,331.7899430173362,326.5587789605408,326.8444519042969,17565500.0,,,,,,,,,,
2023-09-13,MSFT,,,,,331.0707702636719,,,,,,,,,,,,,,,,,326.39128990249543,331.8490501523294,326.2533840096043,331.0707702636719,16544400.0,,,,,,,,,,
2023-09-14,MSFT,,,,,333.6716003417969,,,,,,,,,,,,,,,,,334.1149015081179,335.7995060691533,331.57321796102076,333.6716003417969,20267000.0,,,,,,,,,,
2023-09-15,MSFT,,,,,325.3175048828125,,,,,,,,,,,,,,,,,331.9180476900879,332.39090229583263,324.75595997398113,325.3175048828125,37679800.0,,,,,,,,,,
2023-09-18,MSFT,,,,,324.1747131347656,,,,,,,,,,,,,,,,,322.93340970271976,325.4948156439136,321.5147857988126,324.1747131347656,16834200.0,,,,,,,,,,
2023-09-19,MSFT,,,,,323.77081298828125,,,,,,,,,,,,,,,,,321.32765063479235,324.4998472951053,319.6922916047418,323.77081298828125,16505900.0,,,,,,,,,,
2023-09-20,MSFT,,,,,316.0077819824219,,,,,,,,,,,,,,,,,324.6180468666076,324.69684594431357,315.7516624314958,316.0077819824219,21436500.0,,,,,,,,,,
2023-09-21,MSFT,,,,,314.7861633300781,,,,,,,,,,,,,,,,,314.520182651958,320.5197651300431,310.32341823236436,314.7861633300781,35560400.0,,,,,,,,,,
2023-09-22,MSFT,,,,,312.3036193847656,,,,,,,,,,,,,,,,,316.54962990690495,316.6777047127133,311.45637147338414,312.3036193847656,21447900.0,,,,,,,,,,
2023-09-25,MSFT,,,,,312.8257751464844,,,,,,,,,,,,,,,,,311.88986692369065,312.9538499627099,310.3234758438393,312.8257751464844,17836000.0,,,,,,,,,,
2023-09-26,MSFT,,,,,307.50592041015625,,,,,,,,,,,,,,,,,310.4515206404709,311.190385987701,305.41736910779923,307.50592041015625,26297600.0,,,,,,,,,,
2023-09-27,MSFT,,,,,308.1462707519531,,,,,,,,,,,,,,,,,307.6635249378913,309.6338325713444,305.0922879071992,308.1462707519531,19410100.0,,,,,,,,,,
2023-09-28,MSFT,,,,,308.983642578125,,,,,,,,,,,,,,,,,306.3729610383482,310.7963219055671,304.85584588034675,308.983642578125,19683600.0,,,,,,,,,,
2023-09-29,MSFT,,,,,311.0622863769531,,,,,,,,,,,,,,,,,313.03259381243663,314.7270594095326,310.303728837514,311.0622863769531,24147300.0,,,,,,,,,,
2023-10-02,MSFT,,,,,317.0224609375,,,,,,,,,,,,,,,,,311.5844231256774,317.1111512307064,310.50074800072014,317.0224609375,20570000.0,,,,,,,,,,
2023-10-03,MSFT,,,,,308.73736572265625,,,,,,,,,,,,,,,,,316.0668823806455,316.6185961714055,306.5897075763458,308.73736572265625,21033500.0,,,,,,,,,,
2023-10-04,MSFT,,,,,314.2246398925781,,,,,,,,,,,,,,,,,309.36783899365224,315.2886228065035,309.3382855829603,314.2246398925781,20720100.0,,,,,,,,,,
2023-10-05,MSFT,,,,,314.6186828613281,,,,,,,,,,,,,,,,,314.35270217569223,315.22950343215035,310.22490561454885,314.6186828613281,16965600.0,,,,,,,,,,
2023-10-06,MSFT,,,,,322.40142822265625,,,,,,,,,,,,,,,,,311.8504098359206,324.30276775869294,311.60412139660474,322.40142822265625,25673600.0,,,,,,,,,,
2023-10-09,MSFT,,,,,324.9234313964844,,,,,,,,,,,,,,,,,319.9286944478217,325.3962859760922,318.3819957765028,324.9234313964844,19891200.0,,,,,,,,,,
2023-10-10,MSFT,,,,,323.5146789550781,,,,,,,,,,,,,,,,,326.0465014357721,326.1844374022075,322.80536699864604,323.5146789550781,20557100.0,,,,,,,,,,
2023-10-11,MSFT,,,,,327.4848327636719,,,,,,,,,,,,,,,,,326.2927750434713,327.87888826275554,324.25352956797366,327.4848327636719,20063200.0,,,,,,,,,,
2023-10-12,MSFT,,,,,326.2435302734375,,,,,,,,,,,,,,,,,325.662293149409,328.67686131918805,323.8397526385864,326.2435302734375,19313100.0,,,,,,,,,,
2023-10-13,MSFT,,,,,322.8644104003906,,,,,,,,,,,,,,,,,327.44536877291046,328.8738234995549,321.51472467136387,322.8644104003906,21072400.0,,,,,,,,,,
2023-10-16,MSFT,,,,,327.7015380859375,,,,,,,,,,,,,,,,,326.13511726105344,331.14957600318263,325.6918161389676,327.7015380859375,22158000.0,,,,,,,,,,
2023-10-17,MSFT,,,,,327.13018798828125,,,,,,,,,,,,,,,,,324.69685675416497,328.5093973778692,322.54922855719866,327.13018798828125,18338500.0,,,,,,,,,,
2023-10-18,MSFT,,,,,325.2090759277344,,,,,,,,,,,,,,,,,327.55374656173126,330.6077290676557,323.4259501224521,325.2090759277344,23153600.0,,,,,,,,,,
2023-10-19,MSFT,,,,,326.4011535644531,,,,,,,,,,,,,,,,,327.2188179633477,331.87860610828534,325.99723691191247,326.4011535644531,25052100.0,,,,,,,,,,
2023-10-20,MSFT,,,,,321.8201904296875,,,,,,,,,,,,,,,,,326.7952048674921,326.9922476443287,320.6183016458001,321.8201904296875,25027700.0,,,,,,,,,,
2023-10-23,MSFT,,,,,324.43084716796875,,,,,,,,,,,,,,,,,320.63799913570296,327.79022513571806,319.57404629112153,324.43084716796875,24374700.0,,,,,,,,,,
2023-10-24,MSFT,,,,,325.62286376953125,,,,,,,,,,,,,,,,,326.38142132445483,326.9134127609565,322.73637053310733,325.62286376953125,31153600.0,,,,,,,,,,
2023-10-25,MSFT,,,,,335.61236572265625,,,,,,,,,,,,,,,,,339.8977607961559,341.0602651549816,332.607628527267,335.61236572265625,55053800.0,,,,,,,,,,
2023-10-26,MSFT,,,,,323.0221252441406,,,,,,,,,,,,,,,,,335.48431600999555,336.558130148408,322.08621701756,323.0221252441406,37828500.0,,,,,,,,,,
2023-10-27,MSFT,,,,,324.91357421875,,,,,,,,,,,,,,,,,325.52436476789876,331.7209906231655,323.5245037451174,324.91357421875,29856500.0,,,,,,,,,,
2023-10-30,MSFT,,,,,332.3022155761719,,,,,,,,,,,,,,,,,328.46012188812404,334.41045907381,326.9035620962308,332.3022155761719,22828100.0,,,,,,,,,,
2023-10-31,MSFT,,,,,333.0903015136719,,,,,,,,,,,,,,,,,333.8193356921157,333.9671027335216,329.721092711598,333.0903015136719,20265300.0,,,,,,,,,,
2023-11-01,MSFT,,,,,340.93218994140625,,,,,,,,,,,,,,,,,334.74542515005817,342.2621536122384,334.6074891841975,340.93218994140625,28158800.0,,,,,,,,,,
2023-11-02,MSFT,,,,,343.1487731933594,,,,,,,,,,,,,,,,,342.0847902707167,343.6511811792391,339.65145922211735,343.1487731933594,24348100.0,,,,,,,,,,
2023-11-03,MSFT,,,,,347.5622863769531,,,,,,,,,,,,,,,,,344.4393653277712,349.1287075459124,342.1734933028786,347.5622863769531,23637700.0,,,,,,,,,,
2023-11-06,MSFT,,,,,351.2369384765625,,,,,,,,,,,,,,,,,348.2026775226584,352.23195359204834,348.10415611422695,351.2369384765625,23828300.0,,,,,,,,,,
2023-11-07,MSFT,,,,,355.17755126953125,,,,,,,,,,,,,,,,,354.064322499224,357.0788911715452,352.32061083645385,355.17755126953125,25833900.0,,,,,,,,,,
2023-11-08,MSFT,,,,,357.8078308105469,,,,,,,,,,,,,,,,,356.3103779664203,358.46786694409883,355.19714949082766,357.8078308105469,26767800.0,,,,,,,,,,
2023-11-09,MSFT,,,,,355.3351135253906,,,,,,,,,,,,,,,,,356.92119665439174,359.3742499704996,355.0099959471622,355.3351135253906,24847300.0,,,,,,,,,,
2023-11-10,MSFT,,,,,364.18182373046875,,,,,,,,,,,,,,,,,356.12324268113645,364.60543265510057,355.70949491528955,364.18182373046875,28042100.0,,,,,,,,,,
2023-11-13,MSFT,,,,,361.2361755371094,,,,,,,,,,,,,,,,,362.7533207541214,362.9996091955093,360.4677568025591,361.2361755371094,19986500.0,,,,,,,,,,
2023-11-14,MSFT,,,,,364.7728576660156,,,,,,,,,,,,,,,,,365.5018918638483,366.4279387672935,361.8962256351267,364.7728576660156,27683900.0,,,,,,,,,,
2023-11-15,MSFT,,,,,364.9209899902344,,,,,,,,,,,,,,,,,366.5102924140752,368.33653212587393,362.39384971370214,364.9209899902344,26860100.0,,,,,,,,,,
2023-11-16,MSFT,,,,,371.33746337890625,,,,,,,,,,,,,,,,,366.19437308883926,371.5151437395558,365.4243947338304,371.33746337890625,27182300.0,,,,,,,,,,
2023-11-17,MSFT,,,,,365.0986328125,,,,,,,,,,,,,,,,,368.810308519438,369.5605546240066,362.28524004589394,365.0986328125,40157000.0,,,,,,,,,,
2023-11-20,MSFT,,,,,372.59112548828125,,,,,,,,,,,,,,,,,366.4510310616974,374.00274740716367,366.2338561414442,372.59112548828125,52465100.0,,,,,,,,,,
2023-11-21,MSFT,,,,,368.2773132324219,,,,,,,,,,,,,,,,,370.8439180073763,371.38684030809384,366.35235211982354,368.2773132324219,28423100.0,,,,,,,,,,
2023-11-22,MSFT,,,,,372.995849609375,,,,,,,,,,,,,,,,,373.1439165670346,374.9109292631738,370.15284352020876,372.995849609375,23345300.0,,,,,,,,,,
2023-11-24,MSFT,,,,,372.581298828125,,,,,,,,,,,,,,,,,372.48257746347025,373.114370096836,370.32073924284447,372.581298828125,10176600.0,,,,,,,,,,
2023-11-27,MSFT,,,,,373.74615478515625,,,,,,,,,,,,,,,,,371.9396772194427,375.75010521742956,371.3671414713165,373.74615478515625,22179200.0,,,,,,,,,,
2023-11-28,MSFT,,,,,377.7835998535156,,,,,,,,,,,,,,,,,373.4894767472904,378.07973380889825,373.3019152003715,377.7835998535156,20453100.0,,,,,,,,,,
2023-11-29,MSFT,,,,,373.9830017089844,,,,,,,,,,,,,,,,,378.8299276120449,379.36296865802484,372.5911120600972,373.9830017089844,28963400.0,,,,,,,,,,
2023-11-30,MSFT,,,,,374.04229736328125,,,,,,,,,,,,,,,,,373.62767968120687,375.2071311418971,370.6464872667331,374.04229736328125,30554400.0,,,,,,,,,,
2023-12-01,MSFT,,,,,369.6988220214844,,,,,,,,,,,,,,,,,371.9199171267098,373.3019258337439,366.5399191549517,369.6988220214844,33040500.0,,,,,,,,,,
2023-12-04,MSFT,,,,,364.39776611328125,,,,,,,,,,,,,,,,,364.3582715480311,364.7728590438149,358.2379093318976,364.39776611328125,32063300.0,,,,,,,,,,
2023-12-05,MSFT,,,,,367.7343444824219,,,,,,,,,,,,,,,,,361.742346716279,368.28714793242324,360.92299258913255,367.7343444824219,23065000.0,,,,,,,,,,
2023-12-06,MSFT,,,,,364.0621032714844,,,,,,,,,,,,,,,,,368.7412301197078,369.3729925287451,363.3020061210184,364.0621032714844,21182100.0,,,,,,,,,,
2023-12-07,MSFT,,,,,366.1845397949219,,,,,,,,,,,,,,,,,363.4994815324385,366.67811645989656,361.61401505717174,366.1845397949219,23118900.0,,,,,,,,,,
2023-12-08,MSFT,,,,,369.42242431640625,,,,,,,,,,,,,,,,,364.4570439652716,369.64945031597034,363.4995039710911,369.42242431640625,20154400.0,,,,,,,,,,
2023-12-11,MSFT,,,,,366.5299987792969,,,,,,,,,,,,,,,,,363.7462494405494,366.8261628369694,361.39681982710596,366.5299987792969,27708800.0,,,,,,,,,,
2023-12-12,MSFT,,,,,369.5704650878906,,,,,,,,,,,,,,,,,366.085815070236,369.60995965587347,365.70081081484244,369.5704650878906,24838300.0,,,,,,,,,,
2023-12-13,MSFT,,,,,369.560546875,,,,,,,,,,,,,,,,,371.1893436660844,372.78855719105746,366.0067892509358,369.560546875,30955500.0,,,,,,,,,,
2023-12-14,MSFT,,,,,361.22900390625,,,,,,,,,,,,,,,,,368.51420016236455,368.9584312025777,359.45213999645404,361.22900390625,43277500.0,,,,,,,,,,
2023-12-15,MSFT,,,,,365.96734619140625,,,,,,,,,,,,,,,,,362.13718664647274,367.6158752980434,361.57450204697403,365.96734619140625,78502300.0,,,,,,,,,,
2023-12-18,MSFT,,,,,367.8626708984375,,,,,,,,,,,,,,,,,364.70379841651464,368.2081805782412,363.943671095841,367.8626708984375,21802900.0,,,,,,,,,,
2023-12-19,MSFT,,,,,368.46484375,,,,,,,,,,,,,,,,,366.7175631601881,368.46484375,365.0887662696819,368.46484375,20603700.0,,,,,,,,,,
2023-12-20,MSFT,,,,,365.85870361328125,,,,,,,,,,,,,,,,,370.1824393246773,371.1992058863348,365.7698634429062,365.85870361328125,26316700.0,,,,,,,,,,
2023-12-21,MSFT,,,,,368.74127197265625,,,,,,,,,,,,,,,,,367.77385084137376,369.60009056981636,365.2862352366139,368.74127197265625,17708000.0,,,,,,,,,,
2023-12-22,MSFT,,,,,369.7678527832031,,,,,,,,,,,,,,,,,368.8794208793357,370.3601507609569,367.921881017533,369.7678527832031,17107500.0,,,,,,,,,,
2023-12-26,MSFT,,,,,369.84686279296875,,,,,,,,,,,,,,,,,370.18249130335374,372.097571135072,368.70176133814033,369.84686279296875,12673100.0,,,,,,,,,,
2023-12-27,MSFT,,,,,369.2644348144531,,,,,,,,,,,,,,,,,368.88931174783187,370.24170692184094,368.0206120410306,369.2644348144531,14905400.0,,,,,,,,,,
2023-12-28,MSFT,,,,,370.4588623046875,,,,,,,,,,,,,,,,,370.5477024801698,371.6236958839342,369.3532555090956,370.4588623046875,14327000.0,,,,,,,,,,
2023-12-29,MSFT,,,,,371.2091369628906,,,,,,,,,,,,,,,,,371.169642395573,372.3147438435589,368.6820269140694,371.2091369628906,18730800.0,,,,,,,,,,
2024-01-02,MSFT,,,,,366.10552978515625,,,,,,,,,,,,,,,,,369.0571084332548,371.0709095466851,362.0581953380122,366.10552978515625,25258600.0,,,,,,,,,,
2024-01-03,MSFT,,,,,365.8389892578125,,,,,,,,,,,,,,,,,364.26941925350155,368.46482043736285,363.7758426436355,365.8389892578125,23083500.0,,,,,,,,,,
2024-01-04,MSFT,,,,,363.2131652832031,,,,,,,,,,,,,,,,,365.9081044717195,368.30687961312606,362.4530681341208,363.2131652832031,20901500.0,,,,,,,,,,
2024-01-05,MSFT,,,,,363.0256042480469,,,,,,,,,,,,,,,,,364.2299324066576,367.28023230519466,361.79166269723777,363.0256042480469,21004600.0,,,,,,,,,,
2024-01-08,MSFT,,,,,369.87646484375,,,,,,,,,,,,,,,,,364.5556942050089,370.3799226566514,364.26944144422686,369.87646484375,23134000.0,,,,,,,,,,
2024-01-09,MSFT,,,,,370.96234130859375,,,,,,,,,,,,,,,,,367.2309030972876,371.1597538902258,366.421430173672,370.96234130859375,20830000.0,,,,,,,,,,
2024-01-10,MSFT,,,,,377.8526306152344,,,,,,,,,,,,,,,,,371.5348559748048,379.23466923624073,371.48551036356565,377.8526306152344,25514200.0,,,,,,,,,,
2024-01-11,MSFT,,,,,379.6887512207031,,,,,,,,,,,,,,,,,381.0411463241009,385.6610162048473,375.49334999822275,379.6887512207031,27850800.0,,,,,,,,,,
2024-01-12,MSFT,,,,,383.47943115234375,,,,,,,,,,,,,,,,,380.53770356907125,383.6867249034369,379.7084984391716,383.47943115234375,21661200.0,,,,,,,,,,
2024-01-16,MSFT,,,,,385.25628662109375,,,,,,,,,,,,,,,,,388.6027505865881,388.967992467666,382.6403365432814,385.25628662109375,27202300.0,,,,,,,,,,
2024-01-17,MSFT,,,,,384.46661376953125,,,,,,,,,,,,,,,,,382.99576492837696,385.09837624388496,379.86647557529443,384.46661376953125,22234100.0,,,,,,,,,,
2024-01-18,MSFT,,,,,388.81005859375,,,,,,,,,,,,,,,,,386.68768506128634,388.92851216757646,385.10823378403643,388.81005859375,23392100.0,,,,,,,,,,
2024-01-19,MSFT,,,,,393.5484619140625,,,,,,,,,,,,,,,,,390.67584188543066,393.5484619140625,388.44486554606345,393.5484619140625,29331100.0,,,,,,,,,,
2024-01-22,MSFT,,,,,391.4161682128906,,,,,,,,,,,,,,,,,394.8810558423085,395.4733538528461,388.5336672952226,391.4161682128906,27016900.0,,,,,,,,,,
2024-01-23,MSFT,,,,,393.7754821777344,,,,,,,,,,,,,,,,,390.665955016982,394.24932665124675,388.8693286128031,393.7754821777344,20525900.0,,,,,,,,,,
2024-01-24,MSFT,,,,,397.3883972167969,,,,,,,,,,,,,,,,,396.3815117791478,400.4189648276225,395.3055183860797,397.3883972167969,24867000.0,,,,,,,,,,
2024-01-25,MSFT,,,,,399.66876220703125,,,,,,,,,,,,,,,,,399.12583992803854,401.7812847845524,397.3588270396622,399.66876220703125,21021200.0,,,,,,,,,,
2024-01-26,MSFT,,,,,398.7408752441406,,,,,,,,,,,,,,,,,399.1752251606538,400.9521193988072,397.26014510844533,398.7408752441406,17803300.0,,,,,,,,,,
2024-01-29,MSFT,,,,,404.4564208984375,,,,,,,,,,,,,,,,,400.84343647677986,404.71309037732556,399.1356505508779,404.4564208984375,24510200.0,,,,,,,,,,
2024-01-30,MSFT,,,,,403.3409423828125,,,,,,,,,,,,,,,,,406.963808061775,407.7436374380847,401.228450095284,403.3409423828125,33477600.0,,,,,,,,,,
2024-01-31,MSFT,,,,,392.472412109375,,,,,,,,,,,,,,,,,401.7319152692152,409.98453286629814,392.1071701932433,392.472412109375,47871100.0,,,,,,,,,,
2024-02-01,MSFT,,,,,398.5927429199219,,,,,,,,,,,,,,,,,396.6677820088373,402.75853089052634,396.6381686159988,398.5927429199219,30657700.0,,,,,,,,,,
2024-02-02,MSFT,,,,,405.93719482421875,,,,,,,,,,,,,,,,,398.6223850112119,407.3488168603616,398.375596677948,405.93719482421875,28256700.0,,,,,,,,,,
2024-02-05,MSFT,,,,,400.4387512207031,,,,,,,,,,,,,,,,,404.6341529667765,405.8779758304878,398.8000730412909,400.4387512207031,25352300.0,,,,,,,,,,
2024-02-06,MSFT,,,,,400.28076171875,,,,,,,,,,,,,,,,,400.66576594651843,402.72891262403994,397.73391958887714,400.28076171875,18382600.0,,,,,,,,,,
2024-02-07,MSFT,,,,,408.7308044433594,,,,,,,,,,,,,,,,,402.2057357082919,408.97759276390855,402.16624114185635,408.7308044433594,22340500.0,,,,,,,,,,
2024-02-08,MSFT,,,,,408.7900390625,,,,,,,,,,,,,,,,,408.7308122744756,410.22142339932105,407.23035010197816,408.7900390625,21225300.0,,,,,,,,,,
2024-02-09,MSFT,,,,,415.14727783203125,,,,,,,,,,,,,,,,,409.91537777577173,415.4138284838294,409.7574296442869,415.14727783203125,22032800.0,,,,,,,,,,
2024-02-12,MSFT,,,,,409.92529296875,,,,,,,,,,,,,,,,,415.1571934592156,415.3348738248099,409.4218351407045,409.92529296875,21202900.0,,,,,,,,,,
2024-02-13,MSFT,,,,,401.10015869140625,,,,,,,,,,,,,,,,,399.73788224054636,404.80198377503444,398.2078065895252,401.10015869140625,27824900.0,,,,,,,,,,
2024-02-14,MSFT,,,,,404.9769287109375,,,,,,,,,,,,,,,,,403.5725956832902,405.32307733535373,400.111169801605,404.9769287109375,20401200.0,,,,,,,,,,
2024-02-15,MSFT,,,,,402.0792236328125,,,,,,,,,,,,,,,,,403.6418270582009,404.6209064246705,399.8342525934749,402.0792236328125,21825500.0,,,,,,,,,,
2024-02-16,MSFT,,,,,399.6067810058594,,,,,,,,,,,,,,,,,403.4637923812322,403.7901722944783,398.99361896429224,399.6067810058594,22296500.0,,,,,,,,,,
2024-02-20,MSFT,,,,,398.35076904296875,,,,,,,,,,,,,,,,,398.7957913827642,400.0320148509245,393.62345170797335,398.35076904296875,24307900.0,,,,,,,,,,
2024-02-21,MSFT,,,,,397.74749755859375,,,,,,,,,,,,,,,,,395.7596706387702,397.8563009238514,392.8421710254568,397.74749755859375,18518900.0,,,,,,,,,,
2024-02-22,MSFT,,,,,407.11309814453125,,,,,,,,,,,,,,,,,405.66919761409457,408.28008583103167,404.0670568612319,407.11309814453125,27009900.0,,,,,,,,,,
2024-02-23,MSFT,,,,,405.81756591796875,,,,,,,,,,,,,,,,,411.0888399370884,411.27671814639945,404.46266976176094,405.81756591796875,16295900.0,,,,,,,,,,
2024-02-26,MSFT,,,,,403.0484619140625,,,,,,,,,,,,,,,,,406.9252422289791,407.61753951869144,402.87042277760713,403.0484619140625,16193500.0,,,,,,,,,,
2024-02-27,MSFT,,,,,402.9891052246094,,,,,,,,,,,,,,,,,403.4934639055569,403.8198438215264,399.39910723637763,402.9891052246094,14835800.0,,,,,,,,,,
2024-02-28,MSFT,,,,,403.2264404296875,,,,,,,,,,,,,,,,,403.6813622301974,404.7890136651283,400.85289732894444,403.2264404296875,13183100.0,,,,,,,,,,
2024-02-29,MSFT,,,,,409.0812072753906,,,,,,,,,,,,,,,,,404.1363132517421,409.63503299154024,401.44628969562774,409.0812072753906,31947300.0,,,,,,,,,,
2024-03-01,MSFT,,,,,410.9206848144531,,,,,,,,,,,,,,,,,406.7372936922519,411.2866021355908,406.3516076606767,410.9206848144531,17823400.0,,,,,,,,,,
2024-03-04,MSFT,,,,,410.3471374511719,,,,,,,,,,,,,,,,,408.8834378175513,412.7503489287205,407.77578628129385,410.3471374511719,17596000.0,,,,,,,,,,
2024-03-05,MSFT,,,,,398.2123107910156,,,,,,,,,,,,,,,,,409.39765868898735,409.6844709938999,396.22448391124544,398.2123107910156,26919200.0,,,,,,,,,,
2024-03-06,MSFT,,,,,397.65850830078125,,,,,,,,,,,,,,,,,398.5288145311868,400.6946806605517,393.99930460815386,397.65850830078125,22344100.0,,,,,,,,,,
2024-03-07,MSFT,,,,,404.630859375,,,,,,,,,,,,,,,,,401.6441236500453,405.26379020450713,397.8068805207937,404.630859375,18718500.0,,,,,,,,,,
2024-03-08,MSFT,,,,,401.7429504394531,,,,,,,,,,,,,,,,,403.46376381248507,405.8966732764971,399.87376610841244,401.7429504394531,18002200.0,,,,,,,,,,
2024-03-11,MSFT,,,,,400.06170654296875,,,,,,,,,,,,,,,,,399.31010315335084,401.20892561066205,396.8376560715736,400.06170654296875,16120800.0,,,,,,,,,,
2024-03-12,MSFT,,,,,410.7030944824219,,,,,,,,,,,,,,,,,403.1275136284859,410.98990677094014,402.306674544951,410.7030944824219,22457000.0,,,,,,,,,,
2024-03-13,MSFT,,,,,410.5251159667969,,,,,,,,,,,,,,,,,413.49205243943396,413.571157465626,406.9153492946695,410.5251159667969,17115900.0,,,,,,,,,,
2024-03-14,MSFT,,,,,420.5335693359375,,,,,,,,,,,,,,,,,415.60844401398504,423.10492026926096,413.3832416992079,420.5335693359375,34157300.0,,,,,,,,,,
2024-03-15,MSFT,,,,,411.83050537109375,,,,,,,,,,,,,,,,,414.668869285918,417.94238622404976,408.24050801942315,411.83050537109375,45079900.0,,,,,,,,,,
2024-03-18,MSFT,,,,,412.7206115722656,,,,,,,,,,,,,,,,,409.68443962233437,416.0930326692394,409.2196184111682,412.7206115722656,20106000.0,,,,,,,,,,
2024-03-19,MSFT,,,,,416.76556396484375,,,,,,,,,,,,,,,,,413.2250029233721,417.0227081134529,410.970132443708,416.76556396484375,19837900.0,,,,,,,,,,
2024-03-20,MSFT,,,,,420.54345703125,,,,,,,,,,,,,,,,,417.3490447100486,421.26539222387987,416.02381676802577,420.54345703125,17860100.0,,,,,,,,,,
2024-03-21,MSFT,,,,,424.6378479003906,,,,,,,,,,,,,,,,,425.092769724827,426.07187931857345,422.45221307253894,424.6378479003906,21296200.0,,,,,,,,,,
2024-03-22,MSFT,,,,,424.0148010253906,,,,,,,,,,,,,,,,,424.9642424933846,425.1224525568096,421.3742442819616,424.0148010253906,17648500.0,,,,,,,,,,
2024-03-25,MSFT,,,,,418.1995544433594,,,,,,,,,,,,,,,,,420.5533287801241,422.6994260228323,416.9633309623895,418.1995544433594,18060500.0,,,,,,,,,,
2024-03-26,MSFT,,,,,417.0028991699219,,,,,,,,,,,,,,,,,420.9192467125738,421.2950634803322,416.7062176065533,417.0028991699219,16725600.0,,,,,,,,,,
2024-03-27,MSFT,,,,,416.7853088378906,,,,,,,,,,,,,,,,,419.7621445438776,419.7720439894081,414.3919971559481,416.7853088378906,16705000.0,,,,,,,,,,
2024-03-28,MSFT,,,,,416.0831604003906,,,,,,,,,,,,,,,,,416.32050565351443,417.2204799799258,414.5007882900106,416.0831604003906,21871200.0,,,,,,,,,,
2024-04-01,MSFT,,,,,419.8907775878906,,,,,,,,,,,,,,,,,419.2776155006833,423.1741947697811,417.5666711434428,419.8907775878906,16316000.0,,,,,,,,,,
2024-04-02,MSFT,,,,,416.79522705078125,,,,,,,,,,,,,,,,,415.4798683479255,417.72486953541625,413.2348973416725,416.79522705078125,17912000.0,,,,,,,,,,
2024-04-03,MSFT,,,,,415.816162109375,,,,,,,,,,,,,,,,,415.1040961428757,418.59519021361444,414.47113520321466,415.816162109375,16502300.0,,,,,,,,,,
2024-04-04,MSFT,,,,,413.27447509765625,,,,,,,,,,,,,,,,,420.30610003731573,423.9455650411732,412.96789407723793,413.27447509765625,19370900.0,,,,,,,,,,
2024-04-05,MSFT,,,,,420.83026123046875,,,,,,,,,,,,,,,,,415.3810083958257,421.809370796235,413.7096317572202,420.83026123046875,16554800.0,,,,,,,,,,
2024-04-08,MSFT,,,,,419.9104919433594,,,,,,,,,,,,,,,,,420.48411653092035,422.5708472466926,418.63470088049553,419.9104919433594,14272400.0,,,,,,,,,,
2024-04-09,MSFT,,,,,421.5819091796875,,,,,,,,,,,,,,,,,421.74014941976674,423.02580987120587,416.97326404906397,421.5819091796875,12496900.0,,,,,,,,,,
2024-04-10,MSFT,,,,,418.5951843261719,,,,,,,,,,,,,,,,,417.5369697470064,419.3566871510799,415.0744221472326,418.5951843261719,16216600.0,,,,,,,,,,
2024-04-11,MSFT,,,,,423.21368408203125,,,,,,,,,,,,,,,,,421.1269533333631,424.6378159464607,417.7050650079003,423.21368408203125,17966400.0,,,,,,,,,,
2024-04-12,MSFT,,,,,417.2501220703125,,,,,,,,,,,,,,,,,419.3764203133474,420.49397111238636,415.1435925367237,417.2501220703125,19253800.0,,,,,,,,,,
2024-04-15,MSFT,,,,,409.0812072753906,,,,,,,,,,,,,,,,,421.898364133941,422.1159406782311,408.87349999590606,409.0812072753906,20273500.0,,,,,,,,,,
2024-04-16,MSFT,,,,,410.0108337402344,,,,,,,,,,,,,,,,,410.00096447508815,413.7887401482267,409.1702258721835,410.0108337402344,16765600.0,,,,,,,,,,
2024-04-17,MSFT,,,,,407.301025390625,,,,,,,,,,,,,,,,,412.6514043206412,414.26344459371984,405.8076577445542,407.301025390625,15855500.0,,,,,,,,,,
2024-04-18,MSFT,,,,,399.814453125,,,,,,,,,,,,,,,,,406.1043740582622,407.3504970183281,399.49800284316774,399.814453125,21029900.0,,,,,,,,,,
2024-04-19,MSFT,,,,,394.72125244140625,,,,,,,,,,,,,,,,,399.57714244619206,401.0111739189742,393.38612489454715,394.72125244140625,30565800.0,,,,,,,,,,
2024-04-22,MSFT,,,,,396.5408935546875,,,,,,,,,,,,,,,,,395.6705874643053,398.410077796245,391.3883229465538,396.5408935546875,20286900.0,,,,,,,,,,
2024-04-23,MSFT,,,,,403.078125,,,,,,,,,,,,,,,,,399.7848084637701,403.70118651665103,398.61782064150555,403.078125,15734500.0,,,,,,,,,,
2024-04-24,MSFT,,,,,404.5516662597656,,,,,,,,,,,,,,,,,405.04615566067775,407.92408759573516,402.2967957988556,404.5516662597656,15065300.0,,,,,,,,,,
2024-04-25,MSFT,,,,,394.6421203613281,,,,,,,,,,,,,,,,,389.6873267702122,395.4827584021969,383.7534537964164,394.6421203613281,40586500.0,,,,,,,,,,
2024-04-26,MSFT,,,,,401.8418884277344,,,,,,,,,,,,,,,,,407.6274206623671,408.4482598176065,401.28806269332824,401.8418884277344,29694700.0,,,,,,,,,,
2024-04-29,MSFT,,,,,397.81671142578125,,,,,,,,,,,,,,,,,400.7836477446808,401.84186227525186,394.7904387950027,397.81671142578125,19582100.0,,,,,,,,,,
2024-04-30,MSFT,,,,,385.0390930175781,,,,,,,,,,,,,,,,,397.06507853790987,397.72770759660574,384.880882973138,385.0390930175781,28781400.0,,,,,,,,,,
2024-05-01,MSFT,,,,,390.5872802734375,,,,,,,,,,,,,,,,,388.2829428234783,397.29255516859246,386.0083037107917,390.5872802734375,23562500.0,,,,,,,,,,
2024-05-02,MSFT,,,,,393.455322265625,,,,,,,,,,,,,,,,,393.2773133250789,395.5222843363775,390.30047747836124,393.455322265625,17709400.0,,,,,,,,,,
2024-05-03,MSFT,,,,,402.1781005859375,,,,,,,,,,,,,,,,,397.8463688482122,402.6626905136215,397.4309844950286,402.1781005859375,17446700.0,,,,,,,,,,
2024-05-06,MSFT,,,,,408.9822998046875,,,,,,,,,,,,,,,,,404.25498236640857,409.36798584093685,401.89130855665024,408.9822998046875,16996600.0,,,,,,,,,,
2024-05-07,MSFT,,,,,404.82861328125,,,,,,,,,,,,,,,,,410.0899881944696,410.09988764131936,404.5813685599285,404.82861328125,20018200.0,,,,,,,,,,
2024-05-08,MSFT,,,,,406.015380859375,,,,,,,,,,,,,,,,,403.67150584083475,407.6867575111484,402.2275750059519,406.015380859375,11792300.0,,,,,,,,,,
2024-05-09,MSFT,,,,,407.7757568359375,,,,,,,,,,,,,,,,,406.0450438901993,408.1713423301442,404.59124380852967,407.7757568359375,14689700.0,,,,,,,,,,
2024-05-10,MSFT,,,,,410.1690673828125,,,,,,,,,,,,,,,,,408.3889175739522,410.8020283165112,407.2614672287658,410.1690673828125,13402300.0,,,,,,,,,,
2024-05-13,MSFT,,,,,409.1603088378906,,,,,,,,,,,,,,,,,413.4030363250276,413.73928549404195,406.29227636469005,409.1603088378906,15440200.0,,,,,,,,,,
2024-05-14,MSFT,,,,,411.968994140625,,,,,,,,,,,,,,,,,407.479022072728,412.8887371535048,407.01420084343874,411.968994140625,15109300.0,,,,,,,,,,
2024-05-15,MSFT,,,,,419.1718444824219,,,,,,,,,,,,,,,,,414.0397012631118,419.8951120945601,413.4155159621218,419.1718444824219,22239500.0,,,,,,,,,,
2024-05-16,MSFT,,,,,417.10113525390625,,,,,,,,,,,,,,,,,417.9036505371182,421.4902365295034,416.4670629155656,417.10113525390625,17530100.0,,,,,,,,,,
2024-05-17,MSFT,,,,,416.328369140625,,,,,,,,,,,,,,,,,418.63686307177926,419.01335772051186,414.1685137971008,416.328369140625,15352200.0,,,,,,,,,,
2024-05-20,MSFT,,,,,421.41094970703125,,,,,,,,,,,,,,,,,416.32833286337484,422.8277329316598,416.1103638876109,421.41094970703125,16272100.0,,,,,,,,,,
2024-05-21,MSFT,,,,,425.07684326171875,,,,,,,,,,,,,,,,,422.88723589418726,428.9705334710034,420.9255450713884,425.07684326171875,21453300.0,,,,,,,,,,
2024-05-22,MSFT,,,,,426.5431213378906,,,,,,,,,,,,,,,,,426.1171006588035,428.41567724259045,423.1844517072994,426.5431213378906,18073700.0,,,,,,,,,,
2024-05-23,MSFT,,,,,423.0556640625,,,,,,,,,,,,,,,,,428.97051846736764,429.5947037930371,421.4902723328989,423.0556640625,17211700.0,,,,,,,,,,
2024-05-24,MSFT,,,,,426.18646240234375,,,,,,,,,,,,,,,,,423.2438961414034,427.07814273445496,420.4895772016025,426.18646240234375,11855300.0,,,,,,,,,,
2024-05-28,MSFT,,,,,426.3450012207031,,,,,,,,,,,,,,,,,425.6613725566471,426.8403825578059,422.6593628632313,426.3450012207031,15718000.0,,,,,,,,,,
2024-05-29,MSFT,,,,,425.20562744140625,,,,,,,,,,,,,,,,,421.75776247263485,426.95926647856015,421.75776247263485,425.20562744140625,15517100.0,,,,,,,,,,
2024-05-30,MSFT,,,,,410.8395690917969,,,,,,,,,,,,,,,,,420.38058819244,420.38058819244,410.4135181651845,410.8395690917969,28394500.0,,,,,,,,,,
2024-05-31,MSFT,,,,,411.2953186035156,,,,,,,,,,,,,,,,,412.90034931684085,412.90034931684085,400.7734237177811,411.2953186035156,47995300.0,,,,,,,,,,
2024-06-03,MSFT,,,,,409.7001953125,,,,,,,,,,,,,,,,,411.69163808536524,412.58331849977327,405.14271091981925,409.7001953125,17484700.0,,,,,,,,,,
2024-06-04,MSFT,,,,,412.22662353515625,,,,,,,,,,,,,,,,,408.62023297171766,412.5932008783865,405.89563568095855,412.22662353515625,14348900.0,,,,,,,,,,
2024-06-05,MSFT,,,,,420.09326171875,,,,,,,,,,,,,,,,,413.9505214749818,420.16259212196985,412.4544602663816,420.09326171875,16988000.0,,,,,,,,,,
2024-06-06,MSFT,,,,,420.5985107421875,,,,,,,,,,,,,,,,,420.0932423972592,421.38122162993574,416.6949038401279,420.5985107421875,14861300.0,,,,,,,,,,
2024-06-07,MSFT,,,,,419.93475341796875,,,,,,,,,,,,,,,,,422.2630516824485,422.3422993904052,419.09259912200673,419.93475341796875,13621700.0,,,,,,,,,,
2024-06-10,MSFT,,,,,423.9176025390625,,,,,,,,,,,,,,,,,420.7769019274312,424.12565422580445,419.9743866143219,423.9176025390625,13982900.0,,,,,,,,,,
2024-06-11,MSFT,,,,,428.68316650390625,,,,,,,,,,,,,,,,,421.54969372575147,428.82188778491104,421.3218074365333,428.68316650390625,14551100.0,,,,,,,,,,
2024-06-12,MSFT,,,,,436.9857482910156,,,,,,,,,,,,,,,,,431.29878066385453,439.30412913800126,429.2478948330182,436.9857482910156,22366200.0,,,,,,,,,,
2024-06-13,MSFT,,,,,437.5009765625,,,,,,,,,,,,,,,,,436.7777391476236,439.2942848532079,435.31139947750404,437.5009765625,15960600.0,,,,,,,,,,
2024-06-14,MSFT,,,,,438.4818115234375,,,,,,,,,,,,,,,,,434.23143149971776,439.0465534624952,432.6858442612151,438.4818115234375,13582000.0,,,,,,,,,,
2024-06-17,MSFT,,,,,444.228271484375,,,,,,,,,,,,,,,,,438.5016642294944,446.77453890586355,436.6489427993387,444.228271484375,20790000.0,,,,,,,,,,
2024-06-18,MSFT,,,,,442.2170104980469,,,,,,,,,,,,,,,,,445.55587588842855,445.9819268194956,440.7804227549636,442.2170104980469,17112500.0,,,,,,,,,,
2024-06-20,MSFT,,,,,441.5829162597656,,,,,,,,,,,,,,,,,442.17734964919055,442.4052359389207,437.1938148300054,441.5829162597656,19877400.0,,,,,,,,,,
2024-06-21,MSFT,,,,,445.6252136230469,,,,,,,,,,,,,,,,,443.24738936292533,446.41781163119543,442.3854307142529,445.6252136230469,34187100.0,,,,,,,,,,
2024-06-24,MSFT,,,,,443.5346984863281,,,,,,,,,,,,,,,,,445.6449973884911,448.56775910031126,442.2863279573145,443.5346984863281,15913700.0,,,,,,,,,,
2024-06-25,MSFT,,,,,446.784423828125,,,,,,,,,,,,,,,,,444.10935261048957,447.25008347754516,442.62320865306464,446.784423828125,16413400.0,,,,,,,,,,
2024-06-26,MSFT,,,,,447.9832458496094,,,,,,,,,,,,,,,,,444.85243223057404,449.40994649209836,444.0499168986336,447.9832458496094,16507000.0,,,,,,,,,,
2024-06-27,MSFT,,,,,448.6669006347656,,,,,,,,,,,,,,,,,448.0030763133488,451.95624009852935,447.5968599727324,448.6669006347656,14806300.0,,,,,,,,,,
2024-06-28,MSFT,,,,,442.8213806152344,,,,,,,,,,,,,,,,,448.88484322432845,451.17350253784576,442.2863603157035,442.8213806152344,28362300.0,,,,,,,,,,
2024-07-01,MSFT,,,,,452.5110168457031,,,,,,,,,,,,,,,,,444.5155553424217,453.1450891922846,441.5432675183624,452.5110168457031,17662800.0,,,,,,,,,,
2024-07-02,MSFT,,,,,455.0374450683594,,,,,,,,,,,,,,,,,449.01362177266395,455.3445790550665,448.9244265313974,455.0374450683594,13979800.0,,,,,,,,,,
2024-07-03,MSFT,,,,,456.513671875,,,,,,,,,,,,,,,,,453.9575176731728,456.7613625247601,453.6503836863243,456.513671875,9932800.0,,,,,,,,,,
2024-07-05,MSFT,,,,,463.240966796875,,,,,,,,,,,,,,,,,455.36439189726417,464.0236777303131,454.7303195449201,463.240966796875,16000300.0,,,,,,,,,,
2024-07-08,MSFT,,,,,461.93316650390625,,,,,,,,,,,,,,,,,462.24030050538414,463.3797017370924,460.1696102030399,461.93316650390625,12962300.0,,,,,,,,,,
2024-07-09,MSFT,,,,,455.2950744628906,,,,,,,,,,,,,,,,,462.6861553304454,463.0130936996793,453.7692915232205,455.2950744628906,17207200.0,,,,,,,,,,
2024-07-10,MSFT,,,,,461.943115234375,,,,,,,,,,,,,,,,,456.9595799941959,462.1511669382493,454.62136426745406,461.943115234375,18196100.0,,,,,,,,,,
2024-07-11,MSFT,,,,,450.499755859375,,,,,,,,,,,,,,,,,458.7032687875664,460.48662933190934,447.3788295532633,450.499755859375,23111200.0,,,,,,,,,,
2024-07-12,MSFT,,,,,449.3603820800781,,,,,,,,,,,,,,,,,450.1331757277914,452.1444226722039,446.48717647887116,449.3603820800781,16324300.0,,,,,,,,,,
2024-07-15,MSFT,,,,,449.7666015625,,,,,,,,,,,,,,,,,449.1126945889487,453.0361364302562,447.2599732817251,449.7666015625,14429400.0,,,,,,,,,,
2024-07-16,MSFT,,,,,445.3676452636719,,,,,,,,,,,,,,,,,450.024242123689,450.10348983727977,442.5340784087055,445.3676452636719,17175700.0,,,,,,,,,,
2024-07-17,MSFT,,,,,439.42303466796875,,,,,,,,,,,,,,,,,438.5016326704633,440.7407659095282,435.12312844393387,439.42303466796875,21778000.0,,,,,,,,,,
2024-07-18,MSFT,,,,,436.3021240234375,,,,,,,,,,,,,,,,,440.23545277919766,440.5425867682437,430.38727005541875,436.3021240234375,20794800.0,,,,,,,,,,
2024-07-19,MSFT,,,,,433.0722961425781,,,,,,,,,,,,,,,,,429.09935802944165,437.0650990974587,428.00951294471497,433.0722961425781,20940400.0,,,,,,,,,,
2024-07-22,MSFT,,,,,438.848388671875,,,,,,,,,,,,,,,,,437.7090177284673,440.49305821693935,434.85561660140024,438.848388671875,15808800.0,,,,,,,,,,
2024-07-23,MSFT,,,,,440.7407531738281,,,,,,,,,,,,,,,,,439.79951659991235,444.2480612797599,439.00691860605986,440.7407531738281,13107100.0,,,,,,,,,,
2024-07-24,MSFT,,,,,424.9381103515625,,,,,,,,,,,,,,,,,436.3814375263218,437.4019218843712,423.64021365061654,424.9381103515625,26805800.0,,,,,,,,,,
2024-07-25,MSFT,,,,,414.5351257324219,,,,,,,,,,,,,,,,,424.8390522151794,425.82981495843836,413.6533626134747,414.5351257324219,29943800.0,,,,,,,,,,
2024-07-26,MSFT,,,,,421.3415832519531,,,,,,,,,,,,,,,,,414.3369149277823,424.9578907866001,413.41548276733306,421.3415832519531,23583800.0,,,,,,,,,,
2024-07-29,MSFT,,,,,422.7881164550781,,,,,,,,,,,,,,,,,427.5932906636887,428.158032577235,420.77686967559504,422.7881164550781,15125800.0,,,,,,,,,,
2024-07-30,MSFT,,,,,419.0133361816406,,,,,,,,,,,,,,,,,423.7689846137446,425.0866855808969,413.5046682551027,419.0133361816406,32687600.0,,,,,,,,,,
2024-07-31,MSFT,,,,,414.4855651855469,,,,,,,,,,,,,,,,,416.61569885909415,417.88387385546883,408.4022679352166,414.4855651855469,42891400.0,,,,,,,,,,
2024-08-01,MSFT,,,,,413.2569885253906,,,,,,,,,,,,,,,,,416.9030180044247,423.5113878535516,409.2741336141255,413.2569885253906,30296400.0,,,,,,,,,,
2024-08-02,MSFT,,,,,404.71661376953125,,,,,,,,,,,,,,,,,408.6796642573762,411.16648811391514,400.60495493552725,404.71661376953125,29437900.0,,,,,,,,,,
2024-08-05,MSFT,,,,,391.4998474121094,,,,,,,,,,,,,,,,,385.57510623229217,397.3354538191348,382.01824178124633,391.4998474121094,40709200.0,,,,,,,,,,
2024-08-06,MSFT,,,,,395.9186706542969,,,,,,,,,,,,,,,,,396.30508262297985,401.92272047285906,394.8189385631437,395.9186706542969,24946500.0,,,,,,,,,,
2024-08-07,MSFT,,,,,394.74957275390625,,,,,,,,,,,,,,,,,404.86528162523547,406.29195208719375,393.7984490340414,394.74957275390625,20650900.0,,,,,,,,,,
2024-08-08,MSFT,,,,,398.97021484375,,,,,,,,,,,,,,,,,398.7225241806935,402.11091551932753,396.24561755012843,398.97021484375,20203000.0,,,,,,,,,,
2024-08-09,MSFT,,,,,402.2694396972656,,,,,,,,,,,,,,,,,400.2978317019802,404.2806866644843,398.5441926988125,402.2694396972656,19276700.0,,,,,,,,,,
2024-08-12,MSFT,,,,,403.0521545410156,,,,,,,,,,,,,,,,,403.29984520555183,404.98415381866863,400.50588725302117,403.0521545410156,16762900.0,,,,,,,,,,
2024-08-13,MSFT,,,,,410.1856384277344,,,,,,,,,,,,,,,,,405.8064543815787,411.1169577013194,405.7866500141935,410.1856384277344,19414300.0,,,,,,,,,,
2024-08-14,MSFT,,,,,413.00933837890625,,,,,,,,,,,,,,,,,410.96836956771307,413.86141005186755,408.6401013336294,413.00933837890625,18267000.0,,,,,,,,,,
2024-08-15,MSFT,,,,,417.8926696777344,,,,,,,,,,,,,,,,,416.6718241885771,417.9720602254848,414.5477862717882,417.8926696777344,20752100.0,,,,,,,,,,
2024-08-16,MSFT,,,,,415.35174560546875,,,,,,,,,,,,,,,,,417.4658786225156,418.20035477297347,414.1904506066069,415.35174560546875,22775600.0,,,,,,,,,,
2024-08-19,MSFT,,,,,418.388916015625,,,,,,,,,,,,,,,,,415.8380594178836,418.60727787010427,413.3566884761521,418.388916015625,15234000.0,,,,,,,,,,
2024-08-20,MSFT,,,,,421.6345520019531,,,,,,,,,,,,,,,,,418.5576761663757,422.6866508922164,418.4981256850532,421.6345520019531,16387600.0,,,,,,,,,,
2024-08-21,MSFT,,,,,420.9794921875,,,,,,,,,,,,,,,,,420.9199114166435,423.22263097030424,418.57751173597626,420.9794921875,16067300.0,,,,,,,,,,
2024-08-22,MSFT,,,,,412.4534912109375,,,,,,,,,,,,,,,,,421.19784052472494,423.60975624910697,411.5204932561933,412.4534912109375,19361900.0,,,,,,,,,,
2024-08-23,MSFT,,,,,413.68426513671875,,,,,,,,,,,,,,,,,413.87285176004434,416.1358609497773,409.01927543893964,413.68426513671875,18493800.0,,,,,,,,,,
2024-08-26,MSFT,,,,,410.4088439941406,,,,,,,,,,,,,,,,,413.26738834241513,414.17061105594456,408.274870910172,410.4088439941406,13152800.0,,,,,,,,,,
2024-08-27,MSFT,,,,,410.7562561035156,,,,,,,,,,,,,,,,,409.7835476962891,411.2723704046003,407.19301072311185,410.7562561035156,13492900.0,,,,,,,,,,
2024-08-28,MSFT,,,,,407.5403747558594,,,,,,,,,,,,,,,,,411.7884806509906,411.9075816112939,404.2748820734033,407.5403747558594,14882700.0,,,,,,,,,,
2024-08-29,MSFT,,,,,410.0415954589844,,,,,,,,,,,,,,,,,411.8480408399638,418.9050455158515,407.5403843631331,410.0415954589844,17045200.0,,,,,,,,,,
2024-08-30,MSFT,,,,,414.0316467285156,,,,,,,,,,,,,,,,,412.50311373853776,414.37901443017955,409.05896964037805,414.0316467285156,24308300.0,,,,,,,,,,
2024-09-03,MSFT,,,,,406.3890380859375,,,,,,,,,,,,,,,,,414.79592463376775,416.7512462836699,403.99699269665393,406.3890380859375,20313600.0,,,,,,,,,,
2024-09-04,MSFT,,,,,405.8530578613281,,,,,,,,,,,,,,,,,402.8853476688359,408.1756176150405,401.356814564364,405.8530578613281,15135800.0,,,,,,,,,,
2024-09-05,MSFT,,,,,405.34686279296875,,,,,,,,,,,,,,,,,404.5825811257243,410.021757358501,403.10369367639237,405.34686279296875,14195500.0,,,,,,,,,,
2024-09-06,MSFT,,,,,398.70672607421875,,,,,,,,,,,,,,,,,406.01186815612465,407.5900165631096,397.81340823350934,398.70672607421875,19609500.0,,,,,,,,,,
2024-09-09,MSFT,,,,,402.6967468261719,,,,,,,,,,,,,,,,,404.2054095225525,405.6049064318399,399.1533416913916,402.6967468261719,15295100.0,,,,,,,,,,
2024-09-10,MSFT,,,,,411.11358642578125,,,,,,,,,,,,,,,,,405.15829563423546,413.2276892130327,404.66202140160664,411.11358642578125,19594300.0,,,,,,,,,,
2024-09-11,MSFT,,,,,419.8876953125,,,,,,,,,,,,,,,,,412.4038716868024,420.83059814465895,406.527971667463,419.8876953125,19266900.0,,,,,,,,,,
2024-09-12,MSFT,,,,,423.81817626953125,,,,,,,,,,,,,,,,,420.1556701684846,424.18541433930886,416.62220020874884,423.81817626953125,17395700.0,,,,,,,,,,
2024-09-13,MSFT,,,,,427.3814392089844,,,,,,,,,,,,,,,,,422.6568988304725,428.61218961071086,422.2896607454525,427.3814392089844,15874600.0,,,,,,,,,,
2024-09-16,MSFT,,,,,428.1258239746094,,,,,,,,,,,,,,,,,427.3913478501723,430.2995073976486,425.0290778075874,428.1258239746094,13834700.0,,,,,,,,,,
2024-09-17,MSFT,,,,,431.9074401855469,,,,,,,,,,,,,,,,,436.949603136594,438.5575267353336,429.0488958810436,431.9074401855469,18874200.0,,,,,,,,,,
2024-09-18,MSFT,,,,,427.59979248046875,,,,,,,,,,,,,,,,,431.75857288155333,432.78089656665435,427.20277916114134,427.59979248046875,18898000.0,,,,,,,,,,
2024-09-19,MSFT,,,,,435.4210510253906,,,,,,,,,,,,,,,,,437.94213239056506,438.21010954856746,433.64438094484007,435.4210510253906,21706600.0,,,,,,,,,,
2024-09-20,MSFT,,,,,432.0265197753906,,,,,,,,,,,,,,,,,433.962001220441,435.9669380311288,430.9843560989312,432.0265197753906,55167100.0,,,,,,,,,,
2024-09-23,MSFT,,,,,430.2796936035156,,,,,,,,,,,,,,,,,431.04394501505726,433.2076933933247,427.182947247431,430.2796936035156,15128900.0,,,,,,,,,,
2024-09-24,MSFT,,,,,425.9720153808594,,,,,,,,,,,,,,,,,429.77346247181356,430.1208604741096,422.9248844858402,425.9720153808594,17015800.0,,,,,,,,,,
2024-09-25,MSFT,,,,,428.89007568359375,,,,,,,,,,,,,,,,,426.6270665374025,429.89255926301774,425.3764761475162,428.89007568359375,13396400.0,,,,,,,,,,
2024-09-26,MSFT,,,,,428.0960693359375,,,,,,,,,,,,,,,,,431.847901263487,432.05632795663564,425.9323209856426,428.0960693359375,14492000.0,,,,,,,,,,
2024-09-27,MSFT,,,,,424.8305358886719,,,,,,,,,,,,,,,,,428.30445513023994,428.6320130497984,424.2846464096371,424.8305358886719,14896100.0,,,,,,,,,,
2024-09-30,MSFT,,,,,427.09356689453125,,,,,,,,,,,,,,,,,425.01914436125503,427.21269814697155,422.20031052363777,427.09356689453125,16807300.0,,,,,,,,,,
2024-10-01,MSFT,,,,,417.55517578125,,,,,,,,,,,,,,,,,425.25736081760834,425.28713605707173,415.6891800010871,417.55517578125,19092900.0,,,,,,,,,,
2024-10-02,MSFT,,,,,414.021728515625,,,,,,,,,,,,,,,,,419.4310992466512,419.66933146547984,413.6048448503053,414.021728515625,16582300.0,,,,,,,,,,
2024-10-03,MSFT,,,,,413.4361572265625,,,,,,,,,,,,,,,,,414.5180314477273,416.4237075893507,411.2029231201695,413.4361572265625,13686400.0,,,,,,,,,,
2024-10-04,MSFT,,,,,412.9596862792969,,,,,,,,,,,,,,,,,415.12343452898295,416.62219231091404,411.87781215445386,412.9596862792969,19169700.0,,,,,,,,,,
2024-10-07,MSFT,,,,,406.48828125,,,,,,,,,,,,,,,,,412.90013544904184,414.0018496365578,405.95229663138974,406.48828125,20919800.0,,,,,,,,,,
2024-10-08,MSFT,,,,,411.6197509765625,,,,,,,,,,,,,,,,,407.83814388099404,412.5626841012525,405.1285060524599,411.6197509765625,19229300.0,,,,,,,,,,
2024-10-09,MSFT,,,,,414.3492431640625,,,,,,,,,,,,,,,,,412.7611596791307,417.247497795826,411.2127866111198,414.3492431640625,14974300.0,,,,,,,,,,
2024-10-10,MSFT,,,,,412.7413330078125,,,,,,,,,,,,,,,,,412.13589300844654,414.2400908209317,410.0713753239967,412.7413330078125,13848400.0,,,,,,,,,,
2024-10-11,MSFT,,,,,413.2177429199219,,,,,,,,,,,,,,,,,413.039091483719,414.0217046730069,410.1706121672714,413.2177429199219,14144900.0,,,,,,,,,,
2024-10-14,MSFT,,,,,416.0167541503906,,,,,,,,,,,,,,,,,414.65693738807056,420.8802352901763,414.40880028614094,416.0167541503906,16653100.0,,,,,,,,,,
2024-10-15,MSFT,,,,,415.6197204589844,,,,,,,,,,,,,,,,,419.0340894861109,419.3318721896264,412.1656713035286,415.6197204589844,18900200.0,,,,,,,,,,
2024-10-16,MSFT,,,,,413.01922607421875,,,,,,,,,,,,,,,,,412.0763232895253,413.25742799200697,407.4212689749873,413.01922607421875,15508900.0,,,,,,,,,,
2024-10-17,MSFT,,,,,413.6147766113281,,,,,,,,,,,,,,,,,419.2127339196968,419.35170523704693,412.49319205621896,413.6147766113281,14820000.0,,,,,,,,,,
2024-10-18,MSFT,,,,,415.0440368652344,,,,,,,,,,,,,,,,,414.0316484156336,416.52292426802023,413.1582009892299,415.0440368652344,17145300.0,,,,,,,,,,
2024-10-21,MSFT,,,,,415.659423828125,,,,,,,,,,,,,,,,,413.01924141063614,415.8380752730999,410.6669065146117,415.659423828125,14206100.0,,,,,,,,,,
2024-10-22,MSFT,,,,,424.3243713378906,,,,,,,,,,,,,,,,,415.37156548627684,427.37147187061,414.92493688547415,424.3243713378906,25482200.0,,,,,,,,,,
2024-10-23,MSFT,,,,,421.4360656738281,,,,,,,,,,,,,,,,,427.6493981928425,427.86776005710016,419.3814831724278,421.4360656738281,19654400.0,,,,,,,,,,
2024-10-24,MSFT,,,,,421.5650939941406,,,,,,,,,,,,,,,,,422.1605988036373,422.80577949754775,419.2524392532927,421.5650939941406,13581600.0,,,,,,,,,,
2024-10-25,MSFT,,,,,424.9595947265625,,,,,,,,,,,,,,,,,423.5799681906594,429.29702642206786,423.3913815699701,424.9595947265625,16899100.0,,,,,,,,,,
2024-10-28,MSFT,,,,,423.4112243652344,,,,,,,,,,,,,,,,,428.44345209470936,428.72136443906953,423.12337684387694,423.4112243652344,14882400.0,,,,,,,,,,
2024-10-29,MSFT,,,,,428.7313232421875,,,,,,,,,,,,,,,,,424.81074467410167,429.94223358580945,422.62712592652906,428.7313232421875,17644100.0,,,,,,,,,,
2024-10-30,MSFT,,,,,429.30694580078125,,,,,,,,,,,,,,,,,434.1803619383898,435.2324607886903,428.8801572707895,429.30694580078125,29749100.0,,,,,,,,,,
2024-10-31,MSFT,,,,,403.32208251953125,,,,,,,,,,,,,,,,,412.2649237627877,413.05898072406984,403.2724369212272,403.32208251953125,53971000.0,,,,,,,,,,
2024-11-01,MSFT,,,,,407.31207275390625,,,,,,,,,,,,,,,,,405.9622215000355,412.40385077597955,404.4634637574288,407.31207275390625,24230400.0,,,,,,,,,,
2024-11-04,MSFT,,,,,405.4162902832031,,,,,,,,,,,,,,,,,406.7463014364753,407.3617068567998,402.54784130454914,405.4162902832031,19672300.0,,,,,,,,,,
2024-11-05,MSFT,,,,,408.3939514160156,,,,,,,,,,,,,,,,,405.3269805306338,411.8083202953773,405.039133016745,408.3939514160156,17626000.0,,,,,,,,,,
2024-11-06,MSFT,,,,,417.04901123046875,,,,,,,,,,,,,,,,,409.3468556567166,417.3170187046076,407.46098932083436,417.04901123046875,26681800.0,,,,,,,,,,
2024-11-07,MSFT,,,,,422.2598571777344,,,,,,,,,,,,,,,,,418.14078738908074,423.66928922885575,416.75122569160607,422.2598571777344,19901800.0,,,,,,,,,,
2024-11-08,MSFT,,,,,419.3914489746094,,,,,,,,,,,,,,,,,422.15073257526046,423.3219325280874,418.6371024266033,419.3914489746094,16891400.0,,,,,,,,,,
2024-11-11,MSFT,,,,,414.8951721191406,,,,,,,,,,,,,,,,,419.37154486777723,421.6444892164841,412.90014011467326,414.8951721191406,24503300.0,,,,,,,,,,
2024-11-12,MSFT,,,,,419.87774658203125,,,,,,,,,,,,,,,,,415.1333664626366,421.27724345465793,414.09120276331856,419.87774658203125,19401200.0,,,,,,,,,,
2024-11-13,MSFT,,,,,422.0316162109375,,,,,,,,,,,,,,,,,418.4981461257373,426.1308158963339,415.09368189625457,422.0316162109375,21502200.0,,,,,,,,,,
2024-11-14,MSFT,,,,,423.7090148925781,,,,,,,,,,,,,,,,,421.83308381585454,424.9794756745813,416.87034165331505,423.7090148925781,30246900.0,,,,,,,,,,
2024-11-15,MSFT,,,,,411.9075927734375,,,,,,,,,,,,,,,,,416.69168340974903,419.64945830467593,410.5577414665236,411.9075927734375,28247600.0,,,,,,,,,,
2024-11-18,MSFT,,,,,412.66192626953125,,,,,,,,,,,,,,,,,411.778543667536,415.282238255226,409.0291955453545,412.66192626953125,24727000.0,,,,,,,,,,
2024-11-19,MSFT,,,,,414.67681884765625,,,,,,,,,,,,,,,,,410.03166915459735,414.82569505476647,408.48329602030253,414.67681884765625,18133500.0,,,,,,,,,,
2024-11-20,MSFT,,,,,412.3939208984375,,,,,,,,,,,,,,,,,413.76364252316546,414.18052617467214,407.52050466835993,412.3939208984375,19191700.0,,,,,,,,,,
2024-11-21,MSFT,,,,,410.6137390136719,,,,,,,,,,,,,,,,,417.2075121790912,417.4859808182417,408.04785157798557,410.6137390136719,20780200.0,,,,,,,,,,
2024-11-22,MSFT,,,,,414.7211608886719,,,,,,,,,,,,,,,,,409.1219230929671,415.11896888171356,408.81361962204943,414.7211608886719,24814600.0,,,,,,,,,,
2024-11-25,MSFT,,,,,416.5013732910156,,,,,,,,,,,,,,,,,416.09361024787086,418.778836873561,412.58290247238904,416.5013732910156,27691100.0,,,,,,,,,,
2024-11-26,MSFT,,,,,425.6510925292969,,,,,,,,,,,,,,,,,417.29700327286355,426.69537265560376,416.5610569682543,425.6510925292969,23458900.0,,,,,,,,,,
2024-11-27,MSFT,,,,,420.67840576171875,,,,,,,,,,,,,,,,,422.78681538537654,424.8952553598379,419.71370546967114,420.67840576171875,18332400.0,,,,,,,,,,
2024-11-29,MSFT,,,,,421.1458435058594,,,,,,,,,,,,,,,,,417.7942649272981,422.55809676444443,415.51677094971404,421.1458435058594,16271900.0,,,,,,,,,,
2024-12-02,MSFT,,,,,428.6247863769531,,,,,,,,,,,,,,,,,419.2662066130162,430.63373653101576,419.00761775180223,428.6247863769531,20207200.0,,,,,,,,,,
2024-12-03,MSFT,,,,,428.84356689453125,,,,,,,,,,,,,,,,,427.4909833141871,430.1066156030698,425.40245343840513,428.84356689453125,18302000.0,,,,,,,,,,
2024-12-04,MSFT,,,,,435.0295715332031,,,,,,,,,,,,,,,,,430.6635477279166,437.2672755840065,430.26573974460115,435.0295715332031,26009400.0,,,,,,,,,,
2024-12-05,MSFT,,,,,440.2011413574219,,,,,,,,,,,,,,,,,435.5268443828614,442.2300015529848,433.7864078777922,440.2011413574219,21697800.0,,,,,,,,,,
2024-12-06,MSFT,,,,,441.1459655761719,,,,,,,,,,,,,,,,,439.8828865059849,443.66213830194334,439.35578408835863,441.1459655761719,18821000.0,,,,,,,,,,
2024-12-09,MSFT,,,,,443.58251953125,,,,,,,,,,,,,,,,,440.18122659952354,445.8798931073043,438.09269688925554,443.58251953125,19144400.0,,,,,,,,,,
2024-12-10,MSFT,,,,,440.9072570800781,,,,,,,,,,,,,,,,,441.96149226752044,447.16289170564096,439.1867306857862,440.9072570800781,18469500.0,,,,,,,,,,
2024-12-11,MSFT,,,,,446.5363464355469,,,,,,,,,,,,,,,,,441.62334015579273,447.8889300799693,441.62334015579273,446.5363464355469,19200200.0,,,,,,,,,,
2024-12-12,MSFT,,,,,447.10321044921875,,,,,,,,,,,,,,,,,446.65565750056305,453.66714837494953,446.65565750056305,447.10321044921875,20834800.0,,,,,,,,,,
2024-12-13,MSFT,,,,,444.8257141113281,,,,,,,,,,,,,,,,,445.98933356109154,448.9629838704377,443.14494732322726,444.8257141113281,20177800.0,,,,,,,,,,
2024-12-16,MSFT,,,,,449.1221008300781,,,,,,,,,,,,,,,,,444.82570192667384,449.70887289523523,442.84658679582157,449.1221008300781,23598800.0,,,,,,,,,,
2024-12-17,MSFT,,,,,451.9764099121094,,,,,,,,,,,,,,,,,448.545282051395,452.80189103583194,447.11314908926647,451.9764099121094,22733500.0,,,,,,,,,,
2024-12-18,MSFT,,,,,434.999755859375,,,,,,,,,,,,,,,,,448.8536235978926,450.17634202962637,434.6317523490202,434.999755859375,24444500.0,,,,,,,,,,
2024-12-19,MSFT,,,,,434.6416931152344,,,,,,,,,,,,,,,,,439.2066057877418,440.7580781855559,433.9355816606558,434.6416931152344,22963700.0,,,,,,,,,,
2024-12-20,MSFT,,,,,434.21405029296875,,,,,,,,,,,,,,,,,430.74310199904505,441.31501544447383,426.28760397482347,434.21405029296875,64263700.0,,,,,,,,,,
2024-12-23,MSFT,,,,,432.8714294433594,,,,,,,,,,,,,,,,,434.35327712310794,435.25830776300677,430.4646409959487,432.8714294433594,19152500.0,,,,,,,,,,
2024-12-24,MSFT,,,,,436.9291076660156,,,,,,,,,,,,,,,,,432.27469051669533,437.1976515770788,431.817212852652,436.9291076660156,7164500.0,,,,,,,,,,
2024-12-26,MSFT,,,,,435.7157897949219,,,,,,,,,,,,,,,,,436.6804901261448,438.5303413291557,434.24389716434194,435.7157897949219,8194200.0,,,,,,,,,,
2024-12-27,MSFT,,,,,428.1772155761719,,,,,,,,,,,,,,,,,432.22498090820386,432.8415878431465,424.020065946368,428.1772155761719,18117700.0,,,,,,,,,,
2024-12-30,MSFT,,,,,422.50836181640625,,,,,,,,,,,,,,,,,423.7316509986102,425.21349868579347,419.59438106008827,422.50836181640625,13158700.0,,,,,,,,,,
2024-12-31,MSFT,,,,,419.196533203125,,,,,,,,,,,,,,,,,423.771400608361,424.39796256038005,418.3611273840335,419.196533203125,13246500.0,,,,,,,,,,
2023-01-03,NVDA,,,,,14.301480293273926,,,,,,,,,,,,,,,,,,,,,,14.836974338861145,14.9818378561514,14.082687257156094,14.301480293273926,401277000.0,,,,,
2023-01-04,NVDA,,,,,14.73507022857666,,,,,,,,,,,,,,,,,,,,,,14.55324290716645,14.838972099538859,14.227550577248294,14.73507022857666,431324000.0,,,,,
2023-01-05,NVDA,,,,,14.2515287399292,,,,,,,,,,,,,,,,,,,,,,14.477315142006633,14.550246156419023,14.13463865328627,14.2515287399292,389168000.0,,,,,
2023-01-06,NVDA,,,,,14.844964981079102,,,,,,,,,,,,,,,,,,,,,,14.460328408212447,14.99582237530762,14.02074443406021,14.844964981079102,405044000.0,,,,,
2023-01-09,NVDA,,,,,15.613241195678711,,,,,,,,,,,,,,,,,,,,,,15.269566206043953,16.040836489954398,15.126700652910513,15.613241195678711,504231000.0,,,,,
2023-01-10,NVDA,,,,,15.893976211547852,,,,,,,,,,,,,,,,,,,,,,15.49235542656155,15.94692565619881,15.45738863240079,15.893976211547852,384101000.0,,,,,
2023-01-11,NVDA,,,,,15.985886573791504,,,,,,,,,,,,,,,,,,,,,,15.825039338857813,16.012861499247272,15.548300537353844,15.985886573791504,353285000.0,,,,,
2023-01-12,NVDA,,,,,16.495405197143555,,,,,,,,,,,,,,,,,,,,,,16.084794083982377,16.621285642542368,15.477367579612611,16.495405197143555,551409000.0,,,,,
2023-01-13,NVDA,,,,,16.883039474487305,,,,,,,,,,,,,,,,,,,,,,16.26262570419307,16.906018468034198,16.149733466553787,16.883039474487305,447287000.0,,,,,
2023-01-17,NVDA,,,,,17.685279846191406,,,,,,,,,,,,,,,,,,,,,,16.88303879543148,17.71125626442111,16.88303879543148,17.685279846191406,511102000.0,,,,,
2023-01-18,NVDA,,,,,17.3605899810791,,,,,,,,,,,,,,,,,,,,,,17.650315114393536,17.856119943115402,17.265678479463602,17.3605899810791,439624000.0,,,,,
2023-01-19,NVDA,,,,,16.74916648864746,,,,,,,,,,,,,,,,,,,,,,17.019910464206095,17.180759619770345,16.7152001075131,16.74916648864746,452932000.0,,,,,
2023-01-20,NVDA,,,,,17.822153091430664,,,,,,,,,,,,,,,,,,,,,,16.994934054525242,17.83913723437092,16.809110800053677,17.822153091430664,564967000.0,,,,,
2023-01-23,NVDA,,,,,19.17487335205078,,,,,,,,,,,,,,,,,,,,,,18.046938056185414,19.22682428472633,17.801172014631053,19.17487335205078,655163000.0,,,,,
2023-01-24,NVDA,,,,,19.24680519104004,,,,,,,,,,,,,,,,,,,,,,18.809219120213985,19.476589423278178,18.802225761623806,19.24680519104004,496204000.0,,,,,
2023-01-25,NVDA,,,,,19.304746627807617,,,,,,,,,,,,,,,,,,,,,,18.89513408366431,19.35170311378525,18.562448466674518,19.304746627807617,449537000.0,,,,,
2023-01-26,NVDA,,,,,19.783296585083008,,,,,,,,,,,,,,,,,,,,,,19.6823921496768,20.14695309854506,19.259791347875655,19.783296585083008,489535000.0,,,,,
2023-01-27,NVDA,,,,,20.34576416015625,,,,,,,,,,,,,,,,,,,,,,19.443617204129126,20.608516233257916,19.386671835768066,20.34576416015625,542142000.0,,,,,
2023-01-30,NVDA,,,,,19.143901824951172,,,,,,,,,,,,,,,,,,,,,,19.9311576524384,20.120976822256097,19.131912122534917,19.143901824951172,488611000.0,,,,,
2023-01-31,NVDA,,,,,19.5185489654541,,,,,,,,,,,,,,,,,,,,,,19.151894998761787,19.668406917071884,18.932103463425523,19.5185489654541,498017000.0,,,,,
2023-02-01,NVDA,,,,,20.923221588134766,,,,,,,,,,,,,,,,,,,,,,19.67240320696615,21.171985068230896,19.592478837615094,20.923221588134766,660477000.0,,,,,
2023-02-02,NVDA,,,,,21.688493728637695,,,,,,,,,,,,,,,,,,,,,,20.980163802319638,21.928266800569993,20.680447938791012,21.688493728637695,564276000.0,,,,,
2023-02-03,NVDA,,,,,21.0800724029541,,,,,,,,,,,,,,,,,,,,,,20.980166467238757,21.724463687493483,20.769365304933352,21.0800724029541,429366000.0,,,,,
2023-02-06,NVDA,,,,,21.069082260131836,,,,,,,,,,,,,,,,,,,,,,20.78634860687831,21.54962695222601,20.766367039433767,21.069082260131836,452197000.0,,,,,
2023-02-07,NVDA,,,,,22.15205955505371,,,,,,,,,,,,,,,,,,,,,,21.361806230961744,22.23797877641693,21.13002498740977,22.15205955505371,664150000.0,,,,,
2023-02-08,NVDA,,,,,22.18402862548828,,,,,,,,,,,,,,,,,,,,,,22.365855944634315,22.85639335249941,21.987214177175577,22.18402862548828,559651000.0,,,,,
2023-02-09,NVDA,,,,,22.315902709960938,,,,,,,,,,,,,,,,,,,,,,22.584649646952737,22.99825818396335,22.099108610512882,22.315902709960938,523876000.0,,,,,
2023-02-10,NVDA,,,,,21.244916915893555,,,,,,,,,,,,,,,,,,,,,,21.669516693052636,22.057148851622582,20.791347102373106,21.244916915893555,550737000.0,,,,,
2023-02-13,NVDA,,,,,21.76742172241211,,,,,,,,,,,,,,,,,,,,,,21.51765784303239,22.027176385632682,20.94220165152023,21.76742172241211,474919000.0,,,,,
2023-02-14,NVDA,,,,,22.949304580688477,,,,,,,,,,,,,,,,,,,,,,21.557618713083382,23.027230025580597,21.345819053614647,22.949304580688477,675474000.0,,,,,
2023-02-15,NVDA,,,,,22.74249839782715,,,,,,,,,,,,,,,,,,,,,,22.527701321791618,22.8334120482029,22.085120866486204,22.74249839782715,420575000.0,,,,,
2023-02-16,NVDA,,,,,21.981220245361328,,,,,,,,,,,,,,,,,,,,,,22.11209513056643,22.52870109732028,21.906290319529802,21.981220245361328,412026000.0,,,,,
2023-02-17,NVDA,,,,,21.367799758911133,,,,,,,,,,,,,,,,,,,,,,21.6105702785936,21.719466582327403,20.95518972612229,21.367799758911133,465888000.0,,,,,
2023-02-21,NVDA,,,,,20.63549041748047,,,,,,,,,,,,,,,,,,,,,,20.98016385190775,21.47369671182956,20.598524711376086,20.63549041748047,410015000.0,,,,,
2023-02-22,NVDA,,,,,20.73440170288086,,,,,,,,,,,,,,,,,,,,,,20.687447106366278,21.08407157890139,20.401715971932948,20.73440170288086,513184000.0,,,,,
2023-02-23,NVDA,,,,,23.64164924621582,,,,,,,,,,,,,,,,,,,,,,23.417861786672578,23.86543861130623,23.00325283361213,23.64164924621582,1117995000.0,,,,,
2023-02-24,NVDA,,,,,23.26400375366211,,,,,,,,,,,,,,,,,,,,,,23.20306245553744,23.451827803324537,22.925325171391652,23.26400375366211,589716000.0,,,,,
2023-02-27,NVDA,,,,,23.47880744934082,,,,,,,,,,,,,,,,,,,,,,23.64764848760603,23.85744926987565,23.431852852829415,23.47880744934082,452994000.0,,,,,
2023-02-28,NVDA,,,,,23.194072723388672,,,,,,,,,,,,,,,,,,,,,,23.349925522833068,23.80249869803318,23.184081939450895,23.194072723388672,455963000.0,,,,,
2023-03-01,NVDA,,,,,22.676565170288086,,,,,,,,,,,,,,,,,,,,,,23.170098144653185,23.234038788808046,22.48674406262942,22.676565170288086,460026000.0,,,,,
2023-03-02,NVDA,,,,,23.291976928710938,,,,,,,,,,,,,,,,,,,,,,22.466758854898778,23.357914570309056,22.41081009048638,23.291976928710938,389415000.0,,,,,
2023-03-03,NVDA,,,,,23.867435455322266,,,,,,,,,,,,,,,,,,,,,,23.297974121151398,23.877426239059123,23.108153041245387,23.867435455322266,412393000.0,,,,,
2023-03-06,NVDA,,,,,23.531755447387695,,,,,,,,,,,,,,,,,,,,,,23.86843706344506,24.22509834243002,23.464817383551697,23.531755447387695,437429000.0,,,,,
2023-03-07,NVDA,,,,,23.269954681396484,,,,,,,,,,,,,,,,,,,,,,23.581713193015354,24.106305999392774,23.222990216472642,23.269954681396484,515154000.0,,,,,
2023-03-08,NVDA,,,,,24.162261962890625,,,,,,,,,,,,,,,,,,,,,,23.46879949770977,24.181248246140402,23.40584859068907,24.162261962890625,513573000.0,,,,,
2023-03-09,NVDA,,,,,23.4178409576416,,,,,,,,,,,,,,,,,,,,,,24.15626674263699,24.435051788763875,23.364880623058763,23.4178409576416,501257000.0,,,,,
2023-03-10,NVDA,,,,,22.947208404541016,,,,,,,,,,,,,,,,,,,,,,23.390864666951877,23.608696186782492,22.7083932455894,22.947208404541016,474866000.0,,,,,
2023-03-13,NVDA,,,,,22.948205947875977,,,,,,,,,,,,,,,,,,,,,,22.734372955848883,23.279949451928704,22.279725558137223,22.948205947875977,421890000.0,,,,,
2023-03-14,NVDA,,,,,24.044353485107422,,,,,,,,,,,,,,,,,,,,,,23.477793413344934,24.200232739085717,23.44182010496801,24.044353485107422,474910000.0,,,,,
2023-03-15,NVDA,,,,,24.209228515625,,,,,,,,,,,,,,,,,,,,,,23.742589391877125,24.267182234844768,23.341901021216625,24.209228515625,524486000.0,,,,,
2023-03-16,NVDA,,,,,25.521211624145508,,,,,,,,,,,,,,,,,,,,,,24.008384707139463,25.568174187780844,23.875486426840148,25.521211624145508,583253000.0,,,,,
2023-03-17,NVDA,,,,,25.70507049560547,,,,,,,,,,,,,,,,,,,,,,25.961871359937923,26.37854811527238,25.648113542090044,25.70507049560547,848547000.0,,,,,
2023-03-20,NVDA,,,,,25.87993049621582,,,,,,,,,,,,,,,,,,,,,,25.595151486521146,26.003834961276322,25.110526688397965,25.87993049621582,432747000.0,,,,,
2023-03-21,NVDA,,,,,26.178701400756836,,,,,,,,,,,,,,,,,,,,,,26.159717020816753,26.371552664422822,25.361336269568945,26.178701400756836,547408000.0,,,,,
2023-03-22,NVDA,,,,,26.447494506835938,,,,,,,,,,,,,,,,,,,,,,26.404526646779992,27.567626309324265,26.216672572959897,26.447494506835938,797295000.0,,,,,
2023-03-23,NVDA,,,,,27.169933319091797,,,,,,,,,,,,,,,,,,,,,,27.093991987859635,27.477695255263573,26.66932202581043,27.169933319091797,564889000.0,,,,,
2023-03-24,NVDA,,,,,26.758251190185547,,,,,,,,,,,,,,,,,,,,,,27.010056750841535,27.145951059024593,26.334579915197427,26.758251190185547,454920000.0,,,,,
2023-03-27,NVDA,,,,,26.51044464111328,,,,,,,,,,,,,,,,,,,,,,26.81620731669709,26.979081135465893,26.34457288746432,26.51044464111328,361026000.0,,,,,
2023-03-28,NVDA,,,,,26.38953971862793,,,,,,,,,,,,,,,,,,,,,,26.42651170992459,26.492460563723153,25.82997409067337,26.38953971862793,356104000.0,,,,,
2023-03-29,NVDA,,,,,26.96309471130371,,,,,,,,,,,,,,,,,,,,,,26.80421939827036,27.057021752152824,26.576395389808596,26.96309471130371,393694000.0,,,,,
2023-03-30,NVDA,,,,,27.36178207397461,,,,,,,,,,,,,,,,,,,,,,27.207902069655145,27.47769332122134,27.0809996657957,27.36178207397461,364516000.0,,,,,
2023-03-31,NVDA,,,,,27.755477905273438,,,,,,,,,,,,,,,,,,,,,,27.11897043676594,27.81243294698016,27.083997708372205,27.755477905273438,433933000.0,,,,,
2023-04-03,NVDA,,,,,27.943330764770508,,,,,,,,,,,,,,,,,,,,,,27.487684733031823,27.978303491665436,27.31481845102508,27.943330764770508,398716000.0,,,,,
2023-04-04,NVDA,,,,,27.431730270385742,,,,,,,,,,,,,,,,,,,,,,27.944333318386548,27.978307373761556,27.285843473418648,27.431730270385742,368592000.0,,,,,
2023-04-05,NVDA,,,,,26.86017608642578,,,,,,,,,,,,,,,,,,,,,,26.80821632454569,26.977084121252716,26.374552524598577,26.86017608642578,515015000.0,,,,,
2023-04-06,NVDA,,,,,27.01605224609375,,,,,,,,,,,,,,,,,,,,,,26.563402211324938,27.05901819761364,26.406524267417176,27.01605224609375,397654000.0,,,,,
2023-04-10,NVDA,,,,,27.557632446289062,,,,,,,,,,,,,,,,,,,,,,26.802217671680346,27.599599722003898,26.648337660725947,27.557632446289062,395279000.0,,,,,
2023-04-11,NVDA,,,,,27.147951126098633,,,,,,,,,,,,,,,,,,,,,,27.702521438327167,27.768470288811887,27.104983266832733,27.147951126098633,314378000.0,,,,,
2023-04-12,NVDA,,,,,26.474475860595703,,,,,,,,,,,,,,,,,,,,,,27.348798021164146,27.446721676232695,26.427511385932426,26.474475860595703,446259000.0,,,,,
2023-04-13,NVDA,,,,,26.442495346069336,,,,,,,,,,,,,,,,,,,,,,26.713285279016276,26.866166609946806,26.30860029990406,26.442495346069336,353615000.0,,,,,
2023-04-14,NVDA,,,,,26.737266540527344,,,,,,,,,,,,,,,,,,,,,,26.48346363683986,26.86216968687569,26.199683291915306,26.737266540527344,395660000.0,,,,,
2023-04-17,NVDA,,,,,26.9810791015625,,,,,,,,,,,,,,,,,,,,,,26.544417423730405,26.98507571258764,26.412519730546887,26.9810791015625,321471000.0,,,,,
2023-04-18,NVDA,,,,,27.64556312561035,,,,,,,,,,,,,,,,,,,,,,27.511668078538015,28.088220677251833,27.335803850613633,27.64556312561035,604812000.0,,,,,
2023-04-19,NVDA,,,,,27.90936279296875,,,,,,,,,,,,,,,,,,,,,,27.339804652773882,27.978309585541766,27.21090487330433,27.90936279296875,358660000.0,,,,,
2023-04-20,NVDA,,,,,27.082998275756836,,,,,,,,,,,,,,,,,,,,,,27.649558365783953,28.008281349677112,26.979078769754505,27.082998275756836,427713000.0,,,,,
2023-04-21,NVDA,,,,,27.097990036010742,,,,,,,,,,,,,,,,,,,,,,26.93111959606842,27.161941536904624,26.701298237499223,27.097990036010742,345103000.0,,,,,
2023-04-24,NVDA,,,,,27.02104949951172,,,,,,,,,,,,,,,,,,,,,,26.992072637622144,27.344797891534892,26.650336635594115,27.02104949951172,339282000.0,,,,,
2023-04-25,NVDA,,,,,26.220672607421875,,,,,,,,,,,,,,,,,,,,,,27.05702414976361,27.22589386532295,26.204686159996655,26.220672607421875,378527000.0,,,,,
2023-04-26,NVDA,,,,,26.935117721557617,,,,,,,,,,,,,,,,,,,,,,26.981083520552,27.30882854874125,26.684312709348273,26.935117721557617,406337000.0,,,,,
2023-04-27,NVDA,,,,,27.20490837097168,,,,,,,,,,,,,,,,,,,,,,27.341803276486615,27.473700988118107,26.60437412188999,27.20490837097168,377161000.0,,,,,
2023-04-28,NVDA,,,,,27.727502822875977,,,,,,,,,,,,,,,,,,,,,,27.20390860883088,27.736494722113637,27.050026680821563,27.727502822875977,292216000.0,,,,,
2023-05-01,NVDA,,,,,28.887601852416992,,,,,,,,,,,,,,,,,,,,,,27.818431138842723,29.035487906164658,27.75847815742974,28.887601852416992,570329000.0,,,,,
2023-05-02,NVDA,,,,,28.188142776489258,,,,,,,,,,,,,,,,,,,,,,28.657779853563685,28.81365912640652,28.06124227027244,28.188142776489258,402730000.0,,,,,
2023-05-03,NVDA,,,,,27.780458450317383,,,,,,,,,,,,,,,,,,,,,,27.8184291138181,28.345021209649484,27.450714217743126,27.780458450317383,383387000.0,,,,,
2023-05-04,NVDA,,,,,27.540647506713867,,,,,,,,,,,,,,,,,,,,,,27.629577352333005,27.83741639402646,27.21889646264562,27.540647506713867,321850000.0,,,,,
2023-05-05,NVDA,,,,,28.657779693603516,,,,,,,,,,,,,,,,,,,,,,27.804441261887433,28.732720441787755,27.70951555183905,28.657779693603516,361494000.0,,,,,
2023-05-08,NVDA,,,,,29.128414154052734,,,,,,,,,,,,,,,,,,,,,,28.499901765349517,29.19736093983139,28.328036044950306,29.128414154052734,344979000.0,,,,,
2023-05-09,NVDA,,,,,28.54886245727539,,,,,,,,,,,,,,,,,,,,,,28.87660934582165,28.950551416305693,28.42795782373757,28.54886245727539,314869000.0,,,,,
2023-05-10,NVDA,,,,,28.86262321472168,,,,,,,,,,,,,,,,,,,,,,28.982529184246165,29.090447225037636,28.43895189810926,28.86262321472168,369350000.0,,,,,
2023-05-11,NVDA,,,,,28.555858612060547,,,,,,,,,,,,,,,,,,,,,,28.873613037762063,28.92757205566267,28.22411699956995,28.555858612060547,322149000.0,,,,,
2023-05-12,NVDA,,,,,28.318044662475586,,,,,,,,,,,,,,,,,,,,,,28.506897417558207,28.75770432048088,28.024271804253868,28.318044662475586,274222000.0,,,,,
2023-05-15,NVDA,,,,,28.930566787719727,,,,,,,,,,,,,,,,,,,,,,28.48591187164364,28.94655513827334,28.130188701131114,28.930566787719727,293926000.0,,,,,
2023-05-16,NVDA,,,,,29.190366744995117,,,,,,,,,,,,,,,,,,,,,,28.81865520899866,29.8468592323244,28.809663309971146,29.190366744995117,449405000.0,,,,,
2023-05-17,NVDA,,,,,30.154617309570312,,,,,,,,,,,,,,,,,,,,,,29.56107768336416,30.175600947098626,29.407197674823205,30.154617309570312,432535000.0,,,,,
2023-05-18,NVDA,,,,,31.653457641601562,,,,,,,,,,,,,,,,,,,,,,30.386440348253,31.803341051124786,30.296509921364876,31.653457641601562,748725000.0,,,,,
2023-05-19,NVDA,,,,,31.239776611328125,,,,,,,,,,,,,,,,,,,,,,31.51156522552532,31.555531759478416,30.892046668425955,31.239776611328125,473908000.0,,,,,
2023-05-22,NVDA,,,,,31.151845932006836,,,,,,,,,,,,,,,,,,,,,,30.877057472880523,31.495579269125198,30.656229935125022,31.151845932006836,372000000.0,,,,,
2023-05-23,NVDA,,,,,30.66422462463379,,,,,,,,,,,,,,,,,,,,,,30.975983181421253,31.263760164158064,30.60726957743284,30.66422462463379,356253000.0,,,,,
2023-05-24,NVDA,,,,,30.514339447021484,,,,,,,,,,,,,,,,,,,,,,30.186592557912466,30.583286230185738,29.78290624556208,30.514339447021484,721419000.0,,,,,
2023-05-25,NVDA,,,,,37.95057678222656,,,,,,,,,,,,,,,,,,,,,,38.49315539321364,39.449414745877256,36.60661752172898,37.95057678222656,1543911000.0,,,,,
2023-05-26,NVDA,,,,,38.91582107543945,,,,,,,,,,,,,,,,,,,,,,37.86063958166922,39.13964652884735,37.52090288485736,38.91582107543945,714397000.0,,,,,
2023-05-30,NVDA,,,,,40.079925537109375,,,,,,,,,,,,,,,,,,,,,,40.563551734657395,41.905509800536095,39.9180522909101,40.079925537109375,923401000.0,,,,,
2023-05-31,NVDA,,,,,37.804683685302734,,,,,,,,,,,,,,,,,,,,,,39.45740140056339,40.26377529792952,37.792691946795934,37.804683685302734,1002580000.0,,,,,
2023-06-01,NVDA,,,,,39.73918533325195,,,,,,,,,,,,,,,,,,,,,,38.45917585173872,40.0189671601438,38.31029304006884,39.73918533325195,635873000.0,,,,,
2023-06-02,NVDA,,,,,39.29653549194336,,,,,,,,,,,,,,,,,,,,,,40.06593947840575,40.46862717747999,39.02774286315594,39.29653549194336,482731000.0,,,,,
2023-06-05,NVDA,,,,,39.140647888183594,,,,,,,,,,,,,,,,,,,,,,38.878849874769465,39.53433977277439,38.67700673967849,39.140647888183594,396094000.0,,,,,
2023-06-06,NVDA,,,,,38.624046325683594,,,,,,,,,,,,,,,,,,,,,,38.79991244370003,39.12965474443365,38.118437906933536,38.624046325683594,388729000.0,,,,,
2023-06-07,NVDA,,,,,37.4498405456543,,,,,,,,,,,,,,,,,,,,,,38.888876276456465,39.472483856299974,37.330920951859596,37.4498405456543,511998000.0,,,,,
2023-06-08,NVDA,,,,,38.48414611816406,,,,,,,,,,,,,,,,,,,,,,37.69867447040822,38.83790856539692,37.47982353092405,38.48414611816406,417772000.0,,,,,
2023-06-09,NVDA,,,,,38.74397277832031,,,,,,,,,,,,,,,,,,,,,,39.01079182389234,39.68433913025439,38.54110994385187,38.74397277832031,427717000.0,,,,,
2023-06-12,NVDA,,,,,39.45548629760742,,,,,,,,,,,,,,,,,,,,,,39.17367797827194,39.503454401094764,38.59206805910664,39.45548629760742,388701000.0,,,,,
2023-06-13,NVDA,,,,,40.99445724487305,,,,,,,,,,,,,,,,,,,,,,40.15901999798978,41.073406583154025,39.7133202956982,40.99445724487305,613208000.0,,,,,
2023-06-14,NVDA,,,,,42.968135833740234,,,,,,,,,,,,,,,,,,,,,,40.79659433055989,42.97113217286291,40.524773764652764,42.968135833740234,740465000.0,,,,,
2023-06-15,NVDA,,,,,42.624366760253906,,,,,,,,,,,,,,,,,,,,,,42.573402308118794,43.25994139693394,42.11870592148791,42.624366760253906,568622000.0,,,,,
2023-06-16,NVDA,,,,,42.663333892822266,,,,,,,,,,,,,,,,,,,,,,43.42082432044267,43.691642253904746,42.63235266585127,42.663333892822266,655709000.0,,,,,
2023-06-20,NVDA,,,,,43.77858352661133,,,,,,,,,,,,,,,,,,,,,,42.96912984549919,43.960464340884656,42.645346085772815,43.77858352661133,451153000.0,,,,,
2023-06-21,NVDA,,,,,43.01609802246094,,,,,,,,,,,,,,,,,,,,,,43.471793147749,43.58571883513906,42.0517495771643,43.01609802246094,551603000.0,,,,,
2023-06-22,NVDA,,,,,42.99611282348633,,,,,,,,,,,,,,,,,,,,,,42.22462800338613,43.39684073986037,42.20564356647612,42.99611282348633,417737000.0,,,,,
2023-06-23,NVDA,,,,,42.1806640625,,,,,,,,,,,,,,,,,,,,,,42.43549394435148,42.780259748123754,41.98679405380195,42.1806640625,358140000.0,,,,,
2023-06-26,NVDA,,,,,40.60472869873047,,,,,,,,,,,,,,,,,,,,,,42.432499682323005,42.73529771850688,40.07308427062725,40.60472869873047,594322000.0,,,,,
2023-06-27,NVDA,,,,,41.84788513183594,,,,,,,,,,,,,,,,,,,,,,40.77160853354225,41.91184134069005,40.42084625845822,41.84788513183594,462175000.0,,,,,
2023-06-28,NVDA,,,,,41.08939743041992,,,,,,,,,,,,,,,,,,,,,,40.63270349711572,41.816909341318976,40.490800534066345,41.08939743041992,582639000.0,,,,,
2023-06-29,NVDA,,,,,40.79458999633789,,,,,,,,,,,,,,,,,,,,,,41.53009589413119,41.57206751161818,40.57273892901067,40.79458999633789,380514000.0,,,,,
2023-06-30,NVDA,,,,,42.273597717285156,,,,,,,,,,,,,,,,,,,,,,41.65201747661018,42.521432314666136,41.47313679846607,42.273597717285156,501148000.0,,,,,
2023-07-03,NVDA,,,,,42.384521484375,,,,,,,,,,,,,,,,,,,,,,42.48845174872612,42.86919645813437,42.17366461675994,42.384521484375,198209000.0,,,,,
2023-07-05,NVDA,,,,,42.28859329223633,,,,,,,,,,,,,,,,,,,,,,42.10671245240927,43.14801275888201,42.05674678060165,42.28859329223633,323618000.0,,,,,
2023-07-06,NVDA,,,,,42.07473373413086,,,,,,,,,,,,,,,,,,,,,,41.815908748676975,42.15068292310203,41.31824199558715,42.07473373413086,303582000.0,,,,,
2023-07-07,NVDA,,,,,42.474464416503906,,,,,,,,,,,,,,,,,,,,,,42.293586172904085,43.18498944249767,42.151683210929725,42.474464416503906,355881000.0,,,,,
2023-07-10,NVDA,,,,,42.15167999267578,,,,,,,,,,,,,,,,,,,,,,42.62836091679516,42.782256847848465,41.62103447108327,42.15167999267578,353908000.0,,,,,
2023-07-11,NVDA,,,,,42.376529693603516,,,,,,,,,,,,,,,,,,,,,,42.45247888360537,42.72929334341537,42.03875917556284,42.376529693603516,298244000.0,,,,,
2023-07-12,NVDA,,,,,43.872520446777344,,,,,,,,,,,,,,,,,,,,,,43.00410449451526,43.90549923284697,42.748275878823826,43.872520446777344,481277000.0,,,,,
2023-07-13,NVDA,,,,,45.94613265991211,,,,,,,,,,,,,,,,,,,,,,44.48811258488501,46.12401074310035,44.46212906513595,45.94613265991211,478204000.0,,,,,
2023-07-14,NVDA,,,,,45.438472747802734,,,,,,,,,,,,,,,,,,,,,,46.55172319456043,48.05571376740953,45.029746964144934,45.438472747802734,772075000.0,,,,,
2023-07-17,NVDA,,,,,46.429805755615234,,,,,,,,,,,,,,,,,,,,,,46.25792415993447,46.464782104984714,45.231613235689295,46.429805755615234,510488000.0,,,,,
2023-07-18,NVDA,,,,,47.46211242675781,,,,,,,,,,,,,,,,,,,,,,46.66964557192856,47.86384295444501,45.703295752651904,47.46211242675781,569164000.0,,,,,
2023-07-19,NVDA,,,,,47.045387268066406,,,,,,,,,,,,,,,,,,,,,,47.432128432897464,47.78589081195273,46.710613136837885,47.045387268066406,427502000.0,,,,,
2023-07-20,NVDA,,,,,45.489437103271484,,,,,,,,,,,,,,,,,,,,,,46.47577391693099,47.05538631913264,45.03174443382623,45.489437103271484,537865000.0,,,,,
2023-07-21,NVDA,,,,,44.27924728393555,,,,,,,,,,,,,,,,,,,,,,45.757254315991084,45.83520487140858,44.07038798081477,44.27924728393555,963769000.0,,,,,
2023-07-24,NVDA,,,,,44.582054138183594,,,,,,,,,,,,,,,,,,,,,,44.70097374213304,45.078722178579724,44.010439490522,44.582054138183594,382516000.0,,,,,
2023-07-25,NVDA,,,,,45.64833068847656,,,,,,,,,,,,,,,,,,,,,,44.91082723933574,46.15199009290992,44.89283776969056,45.64833068847656,348081000.0,,,,,
2023-07-26,NVDA,,,,,45.421485900878906,,,,,,,,,,,,,,,,,,,,,,45.99010415217063,46.02208416363541,44.60003914555011,45.421485900878906,364237000.0,,,,,
2023-07-27,NVDA,,,,,45.86918640136719,,,,,,,,,,,,,,,,,,,,,,46.48777031512932,47.363181660556975,45.71928557953061,45.86918640136719,455976000.0,,,,,
2023-07-28,NVDA,,,,,46.71860885620117,,,,,,,,,,,,,,,,,,,,,,46.63666318467305,46.9954232864367,46.34985714646045,46.71860885620117,331194000.0,,,,,
2023-07-31,NVDA,,,,,46.6976318359375,,,,,,,,,,,,,,,,,,,,,,46.72261657878546,47.098363628457754,46.47478195839613,46.6976318359375,251055000.0,,,,,
2023-08-01,NVDA,,,,,46.47577667236328,,,,,,,,,,,,,,,,,,,,,,46.42880734222909,46.868514380212844,45.99609938631063,46.47577667236328,237858000.0,,,,,
2023-08-02,NVDA,,,,,44.239280700683594,,,,,,,,,,,,,,,,,,,,,,45.80023231542858,45.809225144822705,43.357872868108224,44.239280700683594,530142000.0,,,,,
2023-08-03,NVDA,,,,,44.485111236572266,,,,,,,,,,,,,,,,,,,,,,43.77059114765512,45.08770701221157,43.77059114765512,44.485111236572266,324176000.0,,,,,
2023-08-04,NVDA,,,,,44.650001525878906,,,,,,,,,,,,,,,,,,,,,,44.95479704956906,45.611353612769236,44.36319547208762,44.650001525878906,362666000.0,,,,,
2023-08-07,NVDA,,,,,45.386505126953125,,,,,,,,,,,,,,,,,,,,,,45.08071083089327,45.50942363800022,44.53307844333369,45.386505126953125,322154000.0,,,,,
2023-08-08,NVDA,,,,,44.63401794433594,,,,,,,,,,,,,,,,,,,,,,44.822890242775706,45.21162904106204,44.02642439474419,44.63401794433594,353843000.0,,,,,
2023-08-09,NVDA,,,,,42.525428771972656,,,,,,,,,,,,,,,,,,,,,,44.24427131811032,44.282247816533705,42.10570879075274,42.525428771972656,586449000.0,,,,,
2023-08-10,NVDA,,,,,42.35954666137695,,,,,,,,,,,,,,,,,,,,,,42.13169907067991,43.54475135763228,41.80691647126187,42.35954666137695,492705000.0,,,,,
2023-08-11,NVDA,,,,,40.82756805419922,,,,,,,,,,,,,,,,,,,,,,41.72296635669751,41.98978918777693,40.611713480681736,40.82756805419922,533085000.0,,,,,
2023-08-14,NVDA,,,,,43.7236213684082,,,,,,,,,,,,,,,,,,,,,,40.4588166311825,43.77059069571262,40.283934893491555,43.7236213684082,690286000.0,,,,,
2023-08-15,NVDA,,,,,43.91049575805664,,,,,,,,,,,,,,,,,,,,,,44.53008221287335,45.23760701962332,43.680650645645,43.91049575805664,676512000.0,,,,,
2023-08-16,NVDA,,,,,43.45680618286133,,,,,,,,,,,,,,,,,,,,,,44.49011241407516,44.64500713653826,43.37685806021179,43.45680618286133,527451000.0,,,,,
2023-08-17,NVDA,,,,,43.314903259277344,,,,,,,,,,,,,,,,,,,,,,43.94048245223215,44.03241974365146,42.972131210711666,43.314903259277344,452395000.0,,,,,
2023-08-18,NVDA,,,,,43.269927978515625,,,,,,,,,,,,,,,,,,,,,,42.60637233743457,43.548739981442054,41.632028496640906,43.269927978515625,583768000.0,,,,,
2023-08-21,NVDA,,,,,46.93546676635742,,,,,,,,,,,,,,,,,,,,,,44.464127494140655,47.03340054502666,44.192310747529035,46.93546676635742,692573000.0,,,,,
2023-08-22,NVDA,,,,,45.6373405456543,,,,,,,,,,,,,,,,,,,,,,48.1026834062312,48.15465044840223,45.30256635922711,45.6373405456543,755293000.0,,,,,
2023-08-23,NVDA,,,,,47.08436584472656,,,,,,,,,,,,,,,,,,,,,,45.83520513720857,47.16830907830672,45.17764599536138,47.08436584472656,779046000.0,,,,,
2023-08-24,NVDA,,,,,47.1313362121582,,,,,,,,,,,,,,,,,,,,,,50.18228804118617,50.23225371220406,47.127341093273124,47.1313362121582,1156044000.0,,,,,
2023-08-25,NVDA,,,,,45.98710632324219,,,,,,,,,,,,,,,,,,,,,,46.980438460258725,47.77290532972233,44.993770374089465,45.98710632324219,925341000.0,,,,,
2023-08-28,NVDA,,,,,46.803558349609375,,,,,,,,,,,,,,,,,,,,,,46.45079468108513,46.94846146732743,44.85786679020325,46.803558349609375,685192000.0,,,,,
2023-08-29,NVDA,,,,,48.75124740600586,,,,,,,,,,,,,,,,,,,,,,46.63466937521741,49.04804888819601,46.35985248205318,48.75124740600586,701397000.0,,,,,
2023-08-30,NVDA,,,,,49.230926513671875,,,,,,,,,,,,,,,,,,,,,,49.011072990962134,49.89347960876958,48.39248907555187,49.230926513671875,735206000.0,,,,,
2023-08-31,NVDA,,,,,49.32186508178711,,,,,,,,,,,,,,,,,,,,,,49.346849822900985,49.710603865788684,48.925132248027246,49.32186508178711,528570000.0,,,,,
2023-09-01,NVDA,,,,,48.47643280029297,,,,,,,,,,,,,,,,,,,,,,49.728593775552426,49.76656646527334,48.109678602925236,48.47643280029297,463830000.0,,,,,
2023-09-05,NVDA,,,,,48.51540756225586,,,,,,,,,,,,,,,,,,,,,,48.19062498907006,48.81820554561382,47.827869726570036,48.51540756225586,382653000.0,,,,,
2023-09-06,NVDA,,,,,47.03327560424805,,,,,,,,,,,,,,,,,,,,,,48.41246366728123,48.52039793637345,46.552559984025976,47.03327560424805,468670000.0,,,,,
2023-09-07,NVDA,,,,,46.21376037597656,,,,,,,,,,,,,,,,,,,,,,45.498182570849345,46.31670033876854,45.125401208610924,46.21376037597656,433330000.0,,,,,
2023-09-08,NVDA,,,,,45.5451545715332,,,,,,,,,,,,,,,,,,,,,,45.914939369305465,46.57854589398362,45.24433318600193,45.5451545715332,473069000.0,,,,,
2023-09-11,NVDA,,,,,45.151390075683594,,,,,,,,,,,,,,,,,,,,,,46.12081612132712,46.13580667584193,44.28589904966943,45.151390075683594,473966000.0,,,,,
2023-09-12,NVDA,,,,,44.843563079833984,,,,,,,,,,,,,,,,,,,,,,44.71164088016986,45.64609138297815,44.504762105422756,44.843563079833984,349256000.0,,,,,
2023-09-13,NVDA,,,,,45.45820999145508,,,,,,,,,,,,,,,,,,,,,,44.57372912057882,45.90294758191361,44.47678613148132,45.45820999145508,398355000.0,,,,,
2023-09-14,NVDA,,,,,45.55415344238281,,,,,,,,,,,,,,,,,,,,,,45.92293557779265,45.959912533797855,45.104417736108495,45.55415344238281,370097000.0,,,,,
2023-09-15,NVDA,,,,,43.87413787841797,,,,,,,,,,,,,,,,,,,,,,45.314286993054964,45.572134413088484,43.78218921317514,43.87413787841797,506831000.0,,,,,
2023-09-18,NVDA,,,,,43.94009780883789,,,,,,,,,,,,,,,,,,,,,,42.72281686656951,44.215936184285376,41.975256439611805,43.94009780883789,500271000.0,,,,,
2023-09-19,NVDA,,,,,43.494361877441406,,,,,,,,,,,,,,,,,,,,,,43.80717720782653,43.94009827513682,42.97666548704609,43.494361877441406,373064000.0,,,,,
2023-09-20,NVDA,,,,,42.21411895751953,,,,,,,,,,,,,,,,,,,,,,43.57431736743093,43.877140298495235,42.1981295407641,42.21411895751953,367108000.0,,,,,
2023-09-21,NVDA,,,,,40.99283981323242,,,,,,,,,,,,,,,,,,,,,,41.5585083375795,42.07520212333516,40.95586285623428,40.99283981323242,450736000.0,,,,,
2023-09-22,NVDA,,,,,41.585487365722656,,,,,,,,,,,,,,,,,,,,,,41.54750773927353,42.09019092808113,41.20670902536928,41.585487365722656,479236000.0,,,,,
2023-09-25,NVDA,,,,,42.19712829589844,,,,,,,,,,,,,,,,,,,,,,41.566499482257406,42.51094250359211,41.15274189436024,42.19712829589844,419091000.0,,,,,
2023-09-26,NVDA,,,,,41.886314392089844,,,,,,,,,,,,,,,,,,,,,,41.97626153603217,42.794779402172175,41.63046465348833,41.886314392089844,402282000.0,,,,,
2023-09-27,NVDA,,,,,42.4429817199707,,,,,,,,,,,,,,,,,,,,,,42.3050663366097,42.84674687562001,41.60447906383656,42.4429817199707,444935000.0,,,,,
2023-09-28,NVDA,,,,,43.06361770629883,,,,,,,,,,,,,,,,,,,,,,42.43498662299495,43.42040584820638,42.09019244907844,43.06361770629883,424663000.0,,,,,
2023-09-29,NVDA,,,,,43.47337341308594,,,,,,,,,,,,,,,,,,,,,,43.80117928965927,44.117993873277456,43.28148518657967,43.47337341308594,397830000.0,,,,,
2023-10-02,NVDA,,,,,44.75562286376953,,,,,,,,,,,,,,,,,,,,,,44.00406311143919,45.148389111960235,43.83516394109358,44.75562286376953,433298000.0,,,,,
2023-10-03,NVDA,,,,,43.491363525390625,,,,,,,,,,,,,,,,,,,,,,44.78160339586175,45.103416123255286,43.22052325615126,43.491363525390625,470850000.0,,,,,
2023-10-04,NVDA,,,,,44.01505661010742,,,,,,,,,,,,,,,,,,,,,,43.71623295909225,44.11699771323821,43.266497283456516,44.01505661010742,361821000.0,,,,,
2023-10-05,NVDA,,,,,44.661678314208984,,,,,,,,,,,,,,,,,,,,,,44.02405361077508,44.873555244834996,43.862150279908775,44.661678314208984,393483000.0,,,,,
2023-10-06,NVDA,,,,,45.735042572021484,,,,,,,,,,,,,,,,,,,,,,44.166966628350934,45.762027093274135,44.00006519130678,45.735042572021484,434436000.0,,,,,
2023-10-09,NVDA,,,,,45.246334075927734,,,,,,,,,,,,,,,,,,,,,,44.81558816881038,45.578139267709204,44.34186831967445,45.246334075927734,409675000.0,,,,,
2023-10-10,NVDA,,,,,45.77101516723633,,,,,,,,,,,,,,,,,,,,,,45.283303744335946,46.23174207212404,45.06143442952027,45.77101516723633,368582000.0,,,,,
2023-10-11,NVDA,,,,,46.7784309387207,,,,,,,,,,,,,,,,,,,,,,46.16878961981402,46.83140112460815,46.02287570557261,46.7784309387207,378137000.0,,,,,
2023-10-12,NVDA,,,,,46.9173469543457,,,,,,,,,,,,,,,,,,,,,,46.749446645978935,47.58095729211939,46.302711352295894,46.9173469543457,481325000.0,,,,,
2023-10-13,NVDA,,,,,45.43421936035156,,,,,,,,,,,,,,,,,,,,,,46.93233691107498,47.088247061466205,45.25332622388591,45.43421936035156,474115000.0,,,,,
2023-10-16,NVDA,,,,,46.06785202026367,,,,,,,,,,,,,,,,,,,,,,45.036458356873474,46.197772707429415,44.88554631741198,46.06785202026367,375099000.0,,,,,
2023-10-17,NVDA,,,,,43.91211700439453,,,,,,,,,,,,,,,,,,,,,,43.9740807563203,44.72763821121428,42.45497569088067,43.91211700439453,812333000.0,,,,,
2023-10-18,NVDA,,,,,42.171146392822266,,,,,,,,,,,,,,,,,,,,,,42.56591420178306,43.19354648553622,41.80036652222744,42.171146392822266,627294000.0,,,,,
2023-10-19,NVDA,,,,,42.076202392578125,,,,,,,,,,,,,,,,,,,,,,42.78578325627493,43.27149704183871,41.85732962426039,42.076202392578125,501233000.0,,,,,
2023-10-20,NVDA,,,,,41.36261749267578,,,,,,,,,,,,,,,,,,,,,,41.86531949846795,42.444979615932674,41.053797621487206,41.36261749267578,477266000.0,,,,,
2023-10-23,NVDA,,,,,42.94968795776367,,,,,,,,,,,,,,,,,,,,,,41.20471789682862,43.222529794895785,40.92088476471772,42.94968795776367,478530000.0,,,,,
2023-10-24,NVDA,,,,,43.63727569580078,,,,,,,,,,,,,,,,,,,,,,43.05162238085588,43.67125606240389,42.66585200550872,43.63727569580078,401463000.0,,,,,
2023-10-25,NVDA,,,,,41.75439453125,,,,,,,,,,,,,,,,,,,,,,43.37244053929943,43.62429484406004,41.530527426974515,41.75439453125,398379000.0,,,,,
2023-10-26,NVDA,,,,,40.30224609375,,,,,,,,,,,,,,,,,,,,,,41.82834703800738,42.231109527965074,39.85650966502812,40.30224609375,541001000.0,,,,,
2023-10-27,NVDA,,,,,40.47614669799805,,,,,,,,,,,,,,,,,,,,,,41.10577671411972,41.18173216586504,39.991431738659564,40.47614669799805,416784000.0,,,,,
2023-10-30,NVDA,,,,,41.13675308227539,,,,,,,,,,,,,,,,,,,,,,41.06279917353452,41.7413962446929,40.45715333671765,41.13675308227539,388028000.0,,,,,
2023-10-31,NVDA,,,,,40.755977630615234,,,,,,,,,,,,,,,,,,,,,,40.42617399708402,40.85492215187982,39.20689140883778,40.755977630615234,517969000.0,,,,,
2023-11-01,NVDA,,,,,42.30007553100586,,,,,,,,,,,,,,,,,,,,,,40.85992224625753,42.35604230855743,40.84493168976348,42.30007553100586,437593000.0,,,,,
2023-11-02,NVDA,,,,,43.48037338256836,,,,,,,,,,,,,,,,,,,,,,43.30247683018647,43.858149075327375,42.868734368129815,43.48037338256836,409172000.0,,,,,
2023-11-03,NVDA,,,,,44.978492736816406,,,,,,,,,,,,,,,,,,,,,,43.99407230026529,45.28231071974979,43.69724635132194,44.978492736816406,424610000.0,,,,,
2023-11-06,NVDA,,,,,45.72404861450195,,,,,,,,,,,,,,,,,,,,,,45.25832352062085,45.907942145910646,44.87254931814996,45.72404861450195,400733000.0,,,,,
2023-11-07,NVDA,,,,,45.92793273925781,,,,,,,,,,,,,,,,,,,,,,45.69207169045335,46.190774498668894,45.13140131544397,45.92793273925781,343165000.0,,,,,
2023-11-08,NVDA,,,,,46.546566009521484,,,,,,,,,,,,,,,,,,,,,,46.07284239178855,46.83939268029924,45.94092017940282,46.546566009521484,346719000.0,,,,,
2023-11-09,NVDA,,,,,46.92234420776367,,,,,,,,,,,,,,,,,,,,,,47.43903795369881,48.201588985861626,46.722461258073324,46.92234420776367,540496000.0,,,,,
2023-11-10,NVDA,,,,,48.3065299987793,,,,,,,,,,,,,,,,,,,,,,47.47202272481538,48.44345034341423,47.255151482276034,48.3065299987793,421245000.0,,,,,
2023-11-13,NVDA,,,,,48.59135818481445,,,,,,,,,,,,,,,,,,,,,,48.29153566931826,49.087068200389616,48.07066518354385,48.59135818481445,384136000.0,,,,,
2023-11-14,NVDA,,,,,49.62675094604492,,,,,,,,,,,,,,,,,,,,,,49.65073888406581,49.80464750738164,49.011116452781614,49.62675094604492,416954000.0,,,,,
2023-11-15,NVDA,,,,,48.85920333862305,,,,,,,,,,,,,,,,,,,,,,49.905587494765264,49.93057048121235,48.17160887491718,48.85920333862305,475497000.0,,,,,
2023-11-16,NVDA,,,,,49.45085525512695,,,,,,,,,,,,,,,,,,,,,,48.65032836479482,49.49583073208514,48.30153490578404,49.45085525512695,339756000.0,,,,,
2023-11-17,NVDA,,,,,49.26896667480469,,,,,,,,,,,,,,,,,,,,,,49.49483149994882,49.687718627140484,48.978137690919475,49.26896667480469,325205000.0,,,,,
2023-11-20,NVDA,,,,,50.379302978515625,,,,,,,,,,,,,,,,,,,,,,49.28294913133964,50.51822102854622,49.1520257887824,50.379302978515625,414120000.0,,,,,
2023-11-21,NVDA,,,,,49.91457748413086,,,,,,,,,,,,,,,,,,,,,,50.096469472210146,50.48723796925796,49.19300270316688,49.91457748413086,565747000.0,,,,,
2023-11-22,NVDA,,,,,48.68730545043945,,,,,,,,,,,,,,,,,,,,,,49.822637922413506,50.305351326686875,47.66190879748864,48.68730545043945,899420000.0,,,,,
2023-11-24,NVDA,,,,,47.74785614013672,,,,,,,,,,,,,,,,,,,,,,48.44144754881704,48.89218207826851,47.71687235875977,47.74785614013672,294645000.0,,,,,
2023-11-27,NVDA,,,,,48.213584899902344,,,,,,,,,,,,,,,,,,,,,,47.77184390637924,48.50141346161061,47.62393227136599,48.213584899902344,395662000.0,,,,,
2023-11-28,NVDA,,,,,47.79283142089844,,,,,,,,,,,,,,,,,,,,,,48.20758789085354,48.29453844522679,47.445036828306066,47.79283142089844,401491000.0,,,,,
2023-11-29,NVDA,,,,,48.11164855957031,,,,,,,,,,,,,,,,,,,,,,48.350510033061155,48.73328389544531,47.831814678443656,48.11164855957031,382005000.0,,,,,
2023-11-30,NVDA,,,,,46.742454528808594,,,,,,,,,,,,,,,,,,,,,,47.99571376977162,48.08166546718563,46.394659915888205,46.742454528808594,526247000.0,,,,,
2023-12-01,NVDA,,,,,46.737457275390625,,,,,,,,,,,,,,,,,,,,,,46.49760075768486,47.172202455851924,46.15979857134605,46.737457275390625,369317000.0,,,,,
2023-12-04,NVDA,,,,,45.48319625854492,,,,,,,,,,,,,,,,,,,,,,46.04986367896582,46.04986367896582,44.983490722003246,45.48319625854492,437543000.0,,,,,
2023-12-05,NVDA,,,,,46.542659759521484,,,,,,,,,,,,,,,,,,,,,,45.44320886868036,46.576639300091315,45.24830692132301,46.542659759521484,371718000.0,,,,,
2023-12-06,NVDA,,,,,45.48019790649414,,,,,,,,,,,,,,,,,,,,,,47.19134186457559,47.36325656412602,45.389243900910174,45.48019790649414,380590000.0,,,,,
2023-12-07,NVDA,,,,,46.57264709472656,,,,,,,,,,,,,,,,,,,,,,45.67709625491712,46.605631500937335,45.58114369836872,46.57264709472656,350823000.0,,,,,
2023-12-08,NVDA,,,,,47.4821891784668,,,,,,,,,,,,,,,,,,,,,,46.57164649877913,47.71707199991906,46.526667071393376,47.4821891784668,359224000.0,,,,,
2023-12-11,NVDA,,,,,46.60363006591797,,,,,,,,,,,,,,,,,,,,,,47.46719926720655,47.50717632201845,45.80703244000096,46.60363006591797,509728000.0,,,,,
2023-12-12,NVDA,,,,,47.63311767578125,,,,,,,,,,,,,,,,,,,,,,46.02292498477765,47.642112036749815,46.02292498477765,47.63311767578125,372387000.0,,,,,
2023-12-13,NVDA,,,,,48.06390380859375,,,,,,,,,,,,,,,,,,,,,,47.60513418472511,48.5696507647958,47.584144799570055,48.06390380859375,447792000.0,,,,,
2023-12-14,NVDA,,,,,48.325767517089844,,,,,,,,,,,,,,,,,,,,,,48.36574838586443,48.64560684171551,47.39823500078961,48.325767517089844,391232000.0,,,,,
2023-12-15,NVDA,,,,,48.86549758911133,,,,,,,,,,,,,,,,,,,,,,48.16984725179435,49.379239930936926,48.095883026170014,48.86549758911133,479948000.0,,,,,
2023-12-18,NVDA,,,,,50.05189895629883,,,,,,,,,,,,,,,,,,,,,,49.375240157941555,50.40771950748238,49.12536546850417,50.05189895629883,412587000.0,,,,,
2023-12-19,NVDA,,,,,49.57913589477539,,,,,,,,,,,,,,,,,,,,,,49.39922581544832,49.675088445454506,48.870491649793216,49.57913589477539,464444000.0,,,,,
2023-12-20,NVDA,,,,,48.08687973022461,,,,,,,,,,,,,,,,,,,,,,49.63010436855017,49.973933674133676,48.07388575970598,48.08687973022461,397894000.0,,,,,
2023-12-21,NVDA,,,,,48.9654541015625,,,,,,,,,,,,,,,,,,,,,,48.786542939601254,49.07040103134221,48.39473725563784,48.9654541015625,300425000.0,,,,,
2023-12-22,NVDA,,,,,48.80552673339844,,,,,,,,,,,,,,,,,,,,,,49.17034164902082,49.358247143122306,48.442705904447216,48.80552673339844,252507000.0,,,,,
2023-12-26,NVDA,,,,,49.25429916381836,,,,,,,,,,,,,,,,,,,,,,48.94345422311468,49.575137414585996,48.93545881250647,49.25429916381836,244200000.0,,,,,
2023-12-27,NVDA,,,,,49.39223098754883,,,,,,,,,,,,,,,,,,,,,,49.486185641923775,49.655099654508746,49.06039666080748,49.39223098754883,233648000.0,,,,,
2023-12-28,NVDA,,,,,49.4971809387207,,,,,,,,,,,,,,,,,,,,,,49.61812249458572,49.85899903094536,49.38723545621996,49.4971809387207,246587000.0,,,,,
2023-12-29,NVDA,,,,,49.4971809387207,,,,,,,,,,,,,,,,,,,,,,49.78803546733378,49.97194517562977,48.726567424201626,49.4971809387207,389293000.0,,,,,
2024-01-02,NVDA,,,,,48.143856048583984,,,,,,,,,,,,,,,,,,,,,,49.21931693922932,49.27029006493009,47.57114520519551,48.143856048583984,411254000.0,,,,,
2024-01-03,NVDA,,,,,47.54515838623047,,,,,,,,,,,,,,,,,,,,,,47.461200853543446,48.159848009515486,47.29628263742881,47.54515838623047,320896000.0,,,,,
2024-01-04,NVDA,,,,,47.97394561767578,,,,,,,,,,,,,,,,,,,,,,47.74305858328899,48.47569292887805,47.48418951664503,47.97394561767578,306535000.0,,,,,
2024-01-05,NVDA,,,,,49.0723876953125,,,,,,,,,,,,,,,,,,,,,,48.43770769973895,49.522162871947465,48.28178385920585,49.0723876953125,415039000.0,,,,,
2024-01-08,NVDA,,,,,52.22681427001953,,,,,,,,,,,,,,,,,,,,,,49.48719047480535,52.248806418013224,49.45420606560053,52.22681427001953,642510000.0,,,,,
2024-01-09,NVDA,,,,,53.113372802734375,,,,,,,,,,,,,,,,,,,,,,52.37474467579261,54.2977804134657,51.66409858423947,53.113372802734375,773100000.0,,,,,
2024-01-10,NVDA,,,,,54.3227653503418,,,,,,,,,,,,,,,,,,,,,,53.58913578901618,54.57264008297959,53.462196710132666,54.3227653503418,533796000.0,,,,,
2024-01-11,NVDA,,,,,54.79452133178711,,,,,,,,,,,,,,,,,,,,,,54.971434569987615,55.318260772566724,53.53315663291465,54.79452133178711,596759000.0,,,,,
2024-01-12,NVDA,,,,,54.682579040527344,,,,,,,,,,,,,,,,,,,,,,54.59262399501641,54.94245086657465,54.302772237512634,54.682579040527344,352994000.0,,,,,
2024-01-16,NVDA,,,,,56.35374450683594,,,,,,,,,,,,,,,,,,,,,,54.990429652443055,56.80651660434578,54.87248875685251,56.35374450683594,449580000.0,,,,,
2024-01-17,NVDA,,,,,56.0249137878418,,,,,,,,,,,,,,,,,,,,,,56.31876518619403,56.44270360003648,54.71257199394214,56.0249137878418,474394000.0,,,,,
2024-01-18,NVDA,,,,,57.07837677001953,,,,,,,,,,,,,,,,,,,,,,57.23129996535893,57.57112971197817,56.07887796382001,57.07837677001953,491650000.0,,,,,
2024-01-19,NVDA,,,,,59.46118927001953,,,,,,,,,,,,,,,,,,,,,,57.9599392307051,59.470183631396026,57.19632214390486,59.46118927001953,543501000.0,,,,,
2024-01-22,NVDA,,,,,59.62410354614258,,,,,,,,,,,,,,,,,,,,,,60.018906048230285,60.30076621768796,59.04039658553907,59.62410354614258,452955000.0,,,,,
2024-01-23,NVDA,,,,,59.842994689941406,,,,,,,,,,,,,,,,,,,,,,59.54014514062131,59.879974896146315,58.555638180668645,59.842994689941406,294654000.0,,,,,
2024-01-24,NVDA,,,,,61.33124542236328,,,,,,,,,,,,,,,,,,,,,,60.27377702467032,62.81749966312902,59.90795933203634,61.33124542236328,560271000.0,,,,,
2024-01-25,NVDA,,,,,61.58612060546875,,,,,,,,,,,,,,,,,,,,,,62.31875115055073,62.687569516767255,60.81950289051068,61.58612060546875,482777000.0,,,,,
2024-01-26,NVDA,,,,,61.00041198730469,,,,,,,,,,,,,,,,,,,,,,60.92944842366768,61.75203783033358,60.54264514796327,61.00041198730469,390309000.0,,,,,
2024-01-29,NVDA,,,,,62.43369674682617,,,,,,,,,,,,,,,,,,,,,,61.20131293830937,62.4576829809529,60.876478857453996,62.43369674682617,348733000.0,,,,,
2024-01-30,NVDA,,,,,62.74253845214844,,,,,,,,,,,,,,,,,,,,,,62.86847856975012,63.461179887339625,62.22879610932244,62.74253845214844,410735000.0,,,,,
2024-01-31,NVDA,,,,,61.49617004394531,,,,,,,,,,,,,,,,,,,,,,61.409211838884005,62.237798816895705,60.66958477846298,61.49617004394531,453795000.0,,,,,
2024-02-01,NVDA,,,,,62.99541473388672,,,,,,,,,,,,,,,,,,,,,,62.06887734355602,63.159334010145514,61.61910590922887,62.99541473388672,369146000.0,,,,,
2024-02-02,NVDA,,,,,66.12684631347656,,,,,,,,,,,,,,,,,,,,,,63.94193723275367,66.56662061369005,63.658079168244704,66.12684631347656,476578000.0,,,,,
2024-02-05,NVDA,,,,,69.29725646972656,,,,,,,,,,,,,,,,,,,,,,68.19080896214494,69.46217469854224,67.17132346877767,69.29725646972656,680078000.0,,,,,
2024-02-06,NVDA,,,,,68.18881225585938,,,,,,,,,,,,,,,,,,,,,,69.59510487406826,69.71904328530657,66.26677937017486,68.18881225585938,683111000.0,,,,,
2024-02-07,NVDA,,,,,70.0638656616211,,,,,,,,,,,,,,,,,,,,,,68.28475901119934,70.1848072130282,67.56611760223609,70.0638656616211,495575000.0,,,,,
2024-02-08,NVDA,,,,,69.60609436035156,,,,,,,,,,,,,,,,,,,,,,70.03887599609345,70.75851634793179,69.42019057387394,69.60609436035156,414422000.0,,,,,
2024-02-09,NVDA,,,,,72.09685516357422,,,,,,,,,,,,,,,,,,,,,,70.49765087243433,72.14882343134643,70.17681258949254,72.09685516357422,436637000.0,,,,,
2024-02-12,NVDA,,,,,72.21178436279297,,,,,,,,,,,,,,,,,,,,,,72.5636052877806,74.57359879264203,71.21428354571269,72.21178436279297,613710000.0,,,,,
2024-02-13,NVDA,,,,,72.09186553955078,,,,,,,,,,,,,,,,,,,,,,70.36473436037795,73.41320187519852,69.58512632462431,72.09186553955078,602580000.0,,,,,
2024-02-14,NVDA,,,,,73.86296844482422,,,,,,,,,,,,,,,,,,,,,,73.1653201816801,74.19879860297466,71.90195366370614,73.86296844482422,504917000.0,,,,,
2024-02-15,NVDA,,,,,72.62158203125,,,,,,,,,,,,,,,,,,,,,,73.8319812576461,73.93792331267274,72.36371572931519,72.62158203125,420122000.0,,,,,
2024-02-16,NVDA,,,,,72.57661437988281,,,,,,,,,,,,,,,,,,,,,,74.06286879282843,74.36471942022467,72.46467098835652,72.57661437988281,495327000.0,,,,,
2024-02-20,NVDA,,,,,69.41720581054688,,,,,,,,,,,,,,,,,,,,,,71.91095085561923,71.91994903053357,67.7000642651573,69.41720581054688,704833000.0,,,,,
2024-02-21,NVDA,,,,,67.43818664550781,,,,,,,,,,,,,,,,,,,,,,67.97191561607241,68.85347738557593,66.21480102707116,67.43818664550781,673755000.0,,,,,
2024-02-22,NVDA,,,,,78.49864196777344,,,,,,,,,,,,,,,,,,,,,,74.98740205219113,78.53561836150196,74.1828051803666,78.49864196777344,865100000.0,,,,,
2024-02-23,NVDA,,,,,78.77750396728516,,,,,,,,,,,,,,,,,,,,,,80.74951481547919,82.35270728551444,77.53112722629109,78.77750396728516,829388000.0,,,,,
2024-02-26,NVDA,,,,,79.0523681640625,,,,,,,,,,,,,,,,,,,,,,79.66005756473585,80.60559027528652,78.46565670997347,79.0523681640625,503973000.0,,,,,
2024-02-27,NVDA,,,,,78.66156005859375,,,,,,,,,,,,,,,,,,,,,,79.34121962191507,79.4401766634304,77.12333739870063,78.66156005859375,391705000.0,,,,,
2024-02-28,NVDA,,,,,77.62408447265625,,,,,,,,,,,,,,,,,,,,,,77.58110675234951,78.89344471041017,77.08635205553938,77.62408447265625,393110000.0,,,,,
2024-02-29,NVDA,,,,,79.07234954833984,,,,,,,,,,,,,,,,,,,,,,79.05436082688792,79.94990785839042,78.31073041631178,79.07234954833984,507289000.0,,,,,
2024-03-01,NVDA,,,,,82.23776245117188,,,,,,,,,,,,,,,,,,,,,,79.95990531943471,82.25875564759677,79.39518604793354,82.23776245117188,479135000.0,,,,,
2024-03-04,NVDA,,,,,85.19429016113281,,,,,,,,,,,,,,,,,,,,,,84.08784258387219,87.65105872425914,83.67705303627969,85.19429016113281,615616000.0,,,,,
2024-03-05,NVDA,,,,,85.9249496459961,,,,,,,,,,,,,,,,,,,,,,85.23126463609206,86.05789246708638,83.37910949267872,85.9249496459961,520639000.0,,,,,
2024-03-06,NVDA,,,,,88.65970611572266,,,,,,,,,,,,,,,,,,,,,,87.98202031125847,89.68324305114874,86.99046652196165,88.65970611572266,582520000.0,,,,,
2024-03-07,NVDA,,,,,92.62689971923828,,,,,,,,,,,,,,,,,,,,,,90.11703886606277,92.7248547713437,89.56129169773,92.62689971923828,608119000.0,,,,,
2024-03-08,NVDA,,,,,87.48823547363281,,,,,,,,,,,,,,,,,,,,,,95.09477882297772,97.35575222228928,86.46669660091352,87.48823547363281,1142269000.0,,,,,
2024-03-11,NVDA,,,,,85.73503875732422,,,,,,,,,,,,,,,,,,,,,,86.38973999977979,88.75666054013853,84.12776749206648,85.73503875732422,678364000.0,,,,,
2024-03-12,NVDA,,,,,91.87124633789062,,,,,,,,,,,,,,,,,,,,,,88.00900332244493,91.91822205763889,86.11086395561675,91.87124633789062,668075000.0,,,,,
2024-03-13,NVDA,,,,,90.8467025756836,,,,,,,,,,,,,,,,,,,,,,91.0136265107917,91.46241999176601,88.39481424748416,90.8467025756836,635713000.0,,,,,
2024-03-14,NVDA,,,,,87.904052734375,,,,,,,,,,,,,,,,,,,,,,89.5363141970595,90.60482886063097,86.56066146107706,87.904052734375,602318000.0,,,,,
2024-03-15,NVDA,,,,,87.7970962524414,,,,,,,,,,,,,,,,,,,,,,86.89051059382359,89.5053195385714,86.2178197951128,87.7970962524414,642086000.0,,,,,
2024-03-18,NVDA,,,,,88.41481018066406,,,,,,,,,,,,,,,,,,,,,,90.34693053361582,92.3630123531095,87.04542992766956,88.41481018066406,668976000.0,,,,,
2024-03-19,NVDA,,,,,89.35738372802734,,,,,,,,,,,,,,,,,,,,,,86.66060391822083,90.50285912673566,84.97137697263021,89.35738372802734,672171000.0,,,,,
2024-03-20,NVDA,,,,,90.33094024658203,,,,,,,,,,,,,,,,,,,,,,89.75619692788968,90.36892499415599,88.18291459146306,90.33094024658203,479063000.0,,,,,
2024-03-21,NVDA,,,,,91.39346313476562,,,,,,,,,,,,,,,,,,,,,,92.25807569846366,92.60591719212168,90.36393223327248,91.39346313476562,480372000.0,,,,,
2024-03-22,NVDA,,,,,94.24616241455078,,,,,,,,,,,,,,,,,,,,,,91.0995900463856,94.73493865721083,90.7927303211633,94.24616241455078,586719000.0,,,,,
2024-03-25,NVDA,,,,,94.9588394165039,,,,,,,,,,,,,,,,,,,,,,93.89832441902517,96.72203796887115,93.46752046670314,94.9588394165039,552136000.0,,,,,
2024-03-26,NVDA,,,,,92.5189437866211,,,,,,,,,,,,,,,,,,,,,,95.80744995656973,96.33121396198779,92.45997248331167,92.5189437866211,513648000.0,,,,,
2024-03-27,NVDA,,,,,90.20899963378906,,,,,,,,,,,,,,,,,,,,,,93.06969894575073,93.1976391484463,89.08251272541551,90.20899963378906,586067000.0,,,,,
2024-03-28,NVDA,,,,,90.31495666503906,,,,,,,,,,,,,,,,,,,,,,89.95911557929476,91.25852807692272,89.15248296936366,90.31495666503906,435212000.0,,,,,
2024-04-01,NVDA,,,,,90.32194519042969,,,,,,,,,,,,,,,,,,,,,,90.25797890351257,92.18309875741171,89.16347516442184,90.32194519042969,452441000.0,,,,,
2024-04-02,NVDA,,,,,89.41136169433594,,,,,,,,,,,,,,,,,,,,,,88.40781242384669,90.0530682986896,87.5801933164325,89.41136169433594,433064000.0,,,,,
2024-04-03,NVDA,,,,,88.92359161376953,,,,,,,,,,,,,,,,,,,,,,88.44381388856061,90.3329548866708,88.35985240535257,88.92359161376953,370067000.0,,,,,
2024-04-04,NVDA,,,,,85.865966796875,,,,,,,,,,,,,,,,,,,,,,90.36492116364104,90.59282202260623,85.84097663074387,85.865966796875,434965000.0,,,,,
2024-04-05,NVDA,,,,,87.96802520751953,,,,,,,,,,,,,,,,,,,,,,86.82653804838375,88.44080991811138,85.88697023320091,87.96802520751953,399678000.0,,,,,
2024-04-08,NVDA,,,,,87.09341430664062,,,,,,,,,,,,,,,,,,,,,,88.65969605555898,88.78964187058105,86.69259552509367,87.09341430664062,283220000.0,,,,,
2024-04-09,NVDA,,,,,85.3152084350586,,,,,,,,,,,,,,,,,,,,,,87.40226463843116,87.59517772557601,82.98427507127602,85.3152084350586,501700000.0,,,,,
2024-04-10,NVDA,,,,,86.99945831298828,,,,,,,,,,,,,,,,,,,,,,83.88787363370758,87.36029436616496,83.67096935278308,86.99945831298828,431929000.0,,,,,
2024-04-11,NVDA,,,,,90.5748291015625,,,,,,,,,,,,,,,,,,,,,,87.3802819466206,90.69777431894295,86.88651070979101,90.5748291015625,431637000.0,,,,,
2024-04-12,NVDA,,,,,88.14593505859375,,,,,,,,,,,,,,,,,,,,,,89.65824820701377,90.13403751700548,87.49023484155897,88.14593505859375,426805000.0,,,,,
2024-04-15,NVDA,,,,,85.96192932128906,,,,,,,,,,,,,,,,,,,,,,89.05752248069292,90.57183360831459,85.88996343395554,85.96192932128906,443077000.0,,,,,
2024-04-16,NVDA,,,,,87.37528228759766,,,,,,,,,,,,,,,,,,,,,,86.39372622024712,88.07795816892963,86.02489821377218,87.37528228759766,370453000.0,,,,,
2024-04-17,NVDA,,,,,83.996826171875,,,,,,,,,,,,,,,,,,,,,,88.29986306960333,88.73467063272588,83.91185807695048,83.996826171875,495400000.0,,,,,
2024-04-18,NVDA,,,,,84.63253021240234,,,,,,,,,,,,,,,,,,,,,,84.93139797129201,86.15084492565727,82.36456386223763,84.63253021240234,447260000.0,,,,,
2024-04-19,NVDA,,,,,76.16537475585938,,,,,,,,,,,,,,,,,,,,,,83.1122215329031,84.28568408836212,75.5716505021141,76.16537475585938,875198000.0,,,,,
2024-04-22,NVDA,,,,,79.48187255859375,,,,,,,,,,,,,,,,,,,,,,78.0685134774025,80.03662072603697,76.36529285459991,79.48187255859375,596341000.0,,,,,
2024-04-23,NVDA,,,,,82.38555145263672,,,,,,,,,,,,,,,,,,,,,,80.73230354195947,82.7313949346547,80.22753571063816,82.38555145263672,438559000.0,,,,,
2024-04-24,NVDA,,,,,79.64080810546875,,,,,,,,,,,,,,,,,,,,,,83.91186206206669,84.04380588258387,79.14702921409854,79.64080810546875,512208000.0,,,,,
2024-04-25,NVDA,,,,,82.59446716308594,,,,,,,,,,,,,,,,,,,,,,78.83216944223621,83.28514753299602,78.18746579696108,82.59446716308594,424641000.0,,,,,
2024-04-26,NVDA,,,,,87.69514465332031,,,,,,,,,,,,,,,,,,,,,,83.77992423775144,88.2908745755535,83.34912027499209,87.69514465332031,551011000.0,,,,,
2024-04-29,NVDA,,,,,87.7171401977539,,,,,,,,,,,,,,,,,,,,,,87.55521122388173,87.95202643323648,85.22726679197825,87.7171401977539,388971000.0,,,,,
2024-04-30,NVDA,,,,,86.36276245117188,,,,,,,,,,,,,,,,,,,,,,87.20037932563423,88.77866462934834,86.26081139602988,86.36276245117188,363709000.0,,,,,
2024-05-01,NVDA,,,,,83.00326538085938,,,,,,,,,,,,,,,,,,,,,,85.0383433055248,85.96092040406639,81.21807385271738,83.00326538085938,559863000.0,,,,,
2024-05-02,NVDA,,,,,85.77801513671875,,,,,,,,,,,,,,,,,,,,,,84.41063276835533,86.19782250273573,83.16219963332766,85.77801513671875,377898000.0,,,,,
2024-05-03,NVDA,,,,,88.74866485595703,,,,,,,,,,,,,,,,,,,,,,87.74911915331617,89.24043810826264,87.00045887297132,88.74866485595703,398341000.0,,,,,
2024-05-06,NVDA,,,,,92.09812927246094,,,,,,,,,,,,,,,,,,,,,,89.34937892324267,92.17809474920628,89.01453206854012,92.09812927246094,376203000.0,,,,,
2024-05-07,NVDA,,,,,90.51285552978516,,,,,,,,,,,,,,,,,,,,,,91.05660706952696,91.73929539036573,88.97055735995299,90.51285552978516,437342000.0,,,,,
2024-05-08,NVDA,,,,,90.37093353271484,,,,,,,,,,,,,,,,,,,,,,89.44235467047578,91.15257599630715,89.37937974936176,90.37093353271484,325721000.0,,,,,
2024-05-09,NVDA,,,,,88.70668029785156,,,,,,,,,,,,,,,,,,,,,,90.48786834493905,91.0306209060013,88.19091589664993,88.70668029785156,378013000.0,,,,,
2024-05-10,NVDA,,,,,89.8371810913086,,,,,,,,,,,,,,,,,,,,,,90.26398912545034,91.35949205828037,89.18647576081177,89.8371810913086,335325000.0,,,,,
2024-05-13,NVDA,,,,,90.3579330444336,,,,,,,,,,,,,,,,,,,,,,90.43689190742707,90.95665993755156,88.48877985590597,90.3579330444336,289680000.0,,,,,
2024-05-14,NVDA,,,,,91.31450653076172,,,,,,,,,,,,,,,,,,,,,,89.55830082348145,91.60937070385219,88.89360196869727,91.31450653076172,296507000.0,,,,,
2024-05-15,NVDA,,,,,94.5870132446289,,,,,,,,,,,,,,,,,,,,,,92.42999634545237,94.81891011999194,91.55739179218557,94.5870132446289,417735000.0,,,,,
2024-05-16,NVDA,,,,,94.31613159179688,,,,,,,,,,,,,,,,,,,,,,94.86688376052464,95.77546736350578,94.06024356723809,94.31613159179688,323952000.0,,,,,
2024-05-17,NVDA,,,,,92.43698120117188,,,,,,,,,,,,,,,,,,,,,,94.32612955185614,94.69695556940256,91.76429043608688,92.43698120117188,359691000.0,,,,,
2024-05-20,NVDA,,,,,94.73694610595703,,,,,,,,,,,,,,,,,,,,,,93.70741519120496,95.15675349579068,93.39755844526998,94.73694610595703,318764000.0,,,,,
2024-05-21,NVDA,,,,,95.34266662597656,,,,,,,,,,,,,,,,,,,,,,93.55647591838027,95.35666020460762,93.13766755607001,95.34266662597656,328946000.0,,,,,
2024-05-22,NVDA,,,,,94.9068603515625,,,,,,,,,,,,,,,,,,,,,,95.4156317928307,95.97637393636285,93.20663672986655,94.9068603515625,548648000.0,,,,,
2024-05-23,NVDA,,,,,103.7518539428711,,,,,,,,,,,,,,,,,,,,,,101.98165468043742,106.27170489938443,101.4738822009577,103.7518539428711,835065000.0,,,,,
2024-05-24,NVDA,,,,,106.42063903808594,,,,,,,,,,,,,,,,,,,,,,104.40155233715765,106.4266330182304,102.95321303565972,106.42063903808594,429494000.0,,,,,
2024-05-28,NVDA,,,,,113.84925079345703,,,,,,,,,,,,,,,,,,,,,,110.19391464603646,114.88678119811563,109.83307860304417,113.84925079345703,652728000.0,,,,,
2024-05-29,NVDA,,,,,114.77283477783203,,,,,,,,,,,,,,,,,,,,,,112.99864721739439,115.4395315931238,110.85062138095752,114.77283477783203,557442000.0,,,,,
2024-05-30,NVDA,,,,,110.44979858398438,,,,,,,,,,,,,,,,,,,,,,114.59791471662285,115.76638234537347,109.61318085591911,110.44979858398438,484553000.0,,,,,
2024-05-31,NVDA,,,,,109.58319854736328,,,,,,,,,,,,,,,,,,,,,,112.46888043622216,112.66579716472957,106.89142114521177,109.58319854736328,613263000.0,,,,,
2024-06-03,NVDA,,,,,114.94775390625,,,,,,,,,,,,,,,,,,,,,,113.56938260132851,114.94775390625,111.95211383768398,114.94775390625,438392000.0,,,,,
2024-06-04,NVDA,,,,,116.38410186767578,,,,,,,,,,,,,,,,,,,,,,115.66343635588582,116.54702983384996,113.99319020529364,116.38410186767578,403324000.0,,,,,
2024-06-05,NVDA,,,,,122.38438415527344,,,,,,,,,,,,,,,,,,,,,,118.31723225166974,122.39337512542777,117.41464256080789,122.38438415527344,528402000.0,,,,,
2024-06-06,NVDA,,,,,120.94304656982422,,,,,,,,,,,,,,,,,,,,,,123.99165675392089,125.52995923944624,118.26626145309442,120.94304656982422,664696000.0,,,,,
2024-06-07,NVDA,,,,,120.83309173583984,,,,,,,,,,,,,,,,,,,,,,119.71559570112827,121.63672740368239,117.96839619109423,120.83309173583984,412386000.0,,,,,
2024-06-10,NVDA,,,,,121.73468017578125,,,,,,,,,,,,,,,,,,,,,,120.31532701339275,123.04408269345652,116.95685261798424,121.73468017578125,313434100.0,,,,,
2024-06-11,NVDA,,,,,120.8650131225586,,,,,,,,,,,,,,,,,,,,,,121.7246861006453,122.82428289255223,118.69581478206955,120.8650131225586,222551200.0,,,,,
2024-06-12,NVDA,,,,,125.15340423583984,,,,,,,,,,,,,,,,,,,,,,123.01420123899119,126.83277933516129,122.52438572610106,125.15340423583984,299595000.0,,,,,
2024-06-13,NVDA,,,,,129.561767578125,,,,,,,,,,,,,,,,,,,,,,129.34184822861945,129.75169931207168,127.11268237111577,129.561767578125,260704500.0,,,,,
2024-06-14,NVDA,,,,,131.8309326171875,,,,,,,,,,,,,,,,,,,,,,129.9116488754234,132.7905668615139,128.27225972601377,131.8309326171875,309320400.0,,,,,
2024-06-17,NVDA,,,,,130.93125915527344,,,,,,,,,,,,,,,,,,,,,,132.94052101290185,133.68023590303568,129.53178618492996,130.93125915527344,288504400.0,,,,,
2024-06-18,NVDA,,,,,135.529541015625,,,,,,,,,,,,,,,,,,,,,,131.09119107562512,136.2792618770274,130.64136160940566,135.529541015625,294335100.0,,,,,
2024-06-20,NVDA,,,,,130.73133850097656,,,,,,,,,,,,,,,,,,,,,,139.74798663394793,140.70762089792785,129.47181280958608,130.73133850097656,517768400.0,,,,,
2024-06-21,NVDA,,,,,126.52288818359375,,,,,,,,,,,,,,,,,,,,,,127.07268651484108,130.5813821684496,124.25373647196925,126.52288818359375,649445800.0,,,,,
2024-06-24,NVDA,,,,,118.0660400390625,,,,,,,,,,,,,,,,,,,,,,123.19412790624048,124.41367504218907,117.99606639814192,118.0660400390625,476060900.0,,,,,
2024-06-25,NVDA,,,,,126.0430679321289,,,,,,,,,,,,,,,,,,,,,,121.15488851140898,126.45291899832442,119.27559095881188,126.0430679321289,414192600.0,,,,,
2024-06-26,NVDA,,,,,126.35295867919922,,,,,,,,,,,,,,,,,,,,,,126.08305489542055,128.0723121328984,122.55436989135586,126.35295867919922,362975900.0,,,,,
2024-06-27,NVDA,,,,,123.94384765625,,,,,,,,,,,,,,,,,,,,,,124.0538073233716,126.3629527063705,122.8742462250665,123.94384765625,252571700.0,,,,,
2024-06-28,NVDA,,,,,123.49402618408203,,,,,,,,,,,,,,,,,,,,,,124.53364006899224,127.66247251115811,122.70431926304767,123.49402618408203,315516700.0,,,,,
2024-07-01,NVDA,,,,,124.25375366210938,,,,,,,,,,,,,,,,,,,,,,123.42406065709774,124.79354602821576,118.78578771261802,124.25375366210938,284885500.0,,,,,
2024-07-02,NVDA,,,,,122.62434387207031,,,,,,,,,,,,,,,,,,,,,,121.0849161012404,123.36407395616142,120.98495484371743,122.62434387207031,218374000.0,,,,,
2024-07-03,NVDA,,,,,128.2322540283203,,,,,,,,,,,,,,,,,,,,,,121.61472281837746,128.2322540283203,121.31483142526585,128.2322540283203,215749000.0,,,,,
2024-07-05,NVDA,,,,,125.78317260742188,,,,,,,,,,,,,,,,,,,,,,127.33259117942191,128.80205294716893,125.63322690650442,125.78317260742188,214176700.0,,,,,
2024-07-08,NVDA,,,,,128.1522674560547,,,,,,,,,,,,,,,,,,,,,,127.44253270774867,130.72131795385047,126.99270329559334,128.1522674560547,237677300.0,,,,,
2024-07-09,NVDA,,,,,131.33111572265625,,,,,,,,,,,,,,,,,,,,,,130.30150022676182,133.77021018974597,128.60212062869667,131.33111572265625,285366600.0,,,,,
2024-07-10,NVDA,,,,,134.85980224609375,,,,,,,,,,,,,,,,,,,,,,133.98012482225403,135.0497339856147,132.37072330988062,134.85980224609375,248978600.0,,,,,
2024-07-11,NVDA,,,,,127.35258483886719,,,,,,,,,,,,,,,,,,,,,,135.6994755480004,136.09932057175976,127.00271662980028,127.35258483886719,374782700.0,,,,,
2024-07-12,NVDA,,,,,129.19192504882812,,,,,,,,,,,,,,,,,,,,,,128.2122786505662,131.87092070175893,127.17267226738277,129.19192504882812,252680500.0,,,,,
2024-07-15,NVDA,,,,,128.39218139648438,,,,,,,,,,,,,,,,,,,,,,130.51138719274533,131.34107999581735,127.1326483868314,128.39218139648438,208326200.0,,,,,
2024-07-16,NVDA,,,,,126.31297302246094,,,,,,,,,,,,,,,,,,,,,,128.3922007361648,128.9919682814133,124.53363670793642,126.31297302246094,214769500.0,,,,,
2024-07-17,NVDA,,,,,117.94608306884766,,,,,,,,,,,,,,,,,,,,,,121.30483311779221,121.80464702237855,116.67655910688254,117.94608306884766,390086200.0,,,,,
2024-07-18,NVDA,,,,,121.04492950439453,,,,,,,,,,,,,,,,,,,,,,121.80464878579994,122.35444713942657,116.51661668353269,121.04492950439453,320979500.0,,,,,
2024-07-19,NVDA,,,,,117.8861083984375,,,,,,,,,,,,,,,,,,,,,,120.30520587770535,121.55474064508192,117.3263192631504,117.8861083984375,217223800.0,,,,,
2024-07-22,NVDA,,,,,123.49402618408203,,,,,,,,,,,,,,,,,,,,,,120.30521088452835,124.02382772725001,119.81539537076715,123.49402618408203,258068900.0,,,,,
2024-07-23,NVDA,,,,,122.54436492919922,,,,,,,,,,,,,,,,,,,,,,122.73429664640844,124.64358935199353,122.05454945627272,122.54436492919922,173911000.0,,,,,
2024-07-24,NVDA,,,,,114.20747375488281,,,,,,,,,,,,,,,,,,,,,,119.12564059736765,119.90534904476712,113.39777769436101,114.20747375488281,327776900.0,,,,,
2024-07-25,NVDA,,,,,112.23820495605469,,,,,,,,,,,,,,,,,,,,,,112.99792419777776,116.5865842364698,106.26043515376628,112.23820495605469,460067000.0,,,,,
2024-07-26,NVDA,,,,,113.0179214477539,,,,,,,,,,,,,,,,,,,,,,116.14676147619508,116.15675226350169,111.53847651152583,113.0179214477539,293399100.0,,,,,
2024-07-29,NVDA,,,,,111.5484619140625,,,,,,,,,,,,,,,,,,,,,,113.64768638350331,116.23671871019991,111.2585765650607,111.5484619140625,248152100.0,,,,,
2024-07-30,NVDA,,,,,103.69139862060547,,,,,,,,,,,,,,,,,,,,,,111.4784927394089,111.94831904183755,102.5018390571419,103.69139862060547,486833300.0,,,,,
2024-07-31,NVDA,,,,,116.97643280029297,,,,,,,,,,,,,,,,,,,,,,112.85797146215744,118.29594108970943,110.83871919064549,116.97643280029297,473174200.0,,,,,
2024-08-01,NVDA,,,,,109.16935729980469,,,,,,,,,,,,,,,,,,,,,,117.4862607613273,120.11528690507727,106.77024891874801,109.16935729980469,523462300.0,,,,,
2024-08-02,NVDA,,,,,107.2300796508789,,,,,,,,,,,,,,,,,,,,,,103.721391272762,108.67954465712373,101.33228124257988,107.2300796508789,482027500.0,,,,,
2024-08-05,NVDA,,,,,100.41261291503906,,,,,,,,,,,,,,,,,,,,,,92.02573599453234,103.37151801623692,90.65625074239716,100.41261291503906,552842400.0,,,,,
2024-08-06,NVDA,,,,,104.21119689941406,,,,,,,,,,,,,,,,,,,,,,103.80134584558614,107.66990813072123,100.51257713442128,104.21119689941406,409012100.0,,,,,
2024-08-07,NVDA,,,,,98.8731918334961,,,,,,,,,,,,,,,,,,,,,,107.76987337493198,108.75951041282163,98.65327249174283,98.8731918334961,411440400.0,,,,,
2024-08-08,NVDA,,,,,104.9309310913086,,,,,,,,,,,,,,,,,,,,,,101.9620353134048,105.46073260357065,97.48369942630838,104.9309310913086,391910000.0,,,,,
2024-08-09,NVDA,,,,,104.71101379394531,,,,,,,,,,,,,,,,,,,,,,105.60068194063821,106.5603237294343,103.39150538103131,104.71101379394531,290844200.0,,,,,
2024-08-12,NVDA,,,,,108.97942352294922,,,,,,,,,,,,,,,,,,,,,,106.28043141146973,111.02866364109283,106.22045618169847,108.97942352294922,325559900.0,,,,,
2024-08-13,NVDA,,,,,116.09677124023438,,,,,,,,,,,,,,,,,,,,,,112.3981514576694,116.18674170739067,111.53847094577725,116.09677124023438,312646700.0,,,,,
2024-08-14,NVDA,,,,,118.03605651855469,,,,,,,,,,,,,,,,,,,,,,118.48588599342114,118.55585963676825,114.02754676709954,118.03605651855469,339246400.0,,,,,
2024-08-15,NVDA,,,,,122.81427764892578,,,,,,,,,,,,,,,,,,,,,,118.71580500966671,123.1941334844724,117.42628417440801,122.81427764892578,318086700.0,,,,,
2024-08-16,NVDA,,,,,124.53363800048828,,,,,,,,,,,,,,,,,,,,,,121.89462111591769,124.95347986245288,121.13490182291852,124.53363800048828,302589900.0,,,,,
2024-08-19,NVDA,,,,,129.95159912109375,,,,,,,,,,,,,,,,,,,,,,124.23372753951698,129.95159912109375,123.37404711982235,129.95159912109375,318333600.0,,,,,
2024-08-20,NVDA,,,,,127.20264434814453,,,,,,,,,,,,,,,,,,,,,,128.35221027833737,129.8316704836438,125.84314985736411,127.20264434814453,300087400.0,,,,,
2024-08-21,NVDA,,,,,128.45217895507812,,,,,,,,,,,,,,,,,,,,,,127.27261778490315,129.30186873034427,126.61286736853016,128.45217895507812,257883600.0,,,,,
2024-08-22,NVDA,,,,,123.6939468383789,,,,,,,,,,,,,,,,,,,,,,129.9716160825352,130.70134013517236,123.05418563063326,123.6939468383789,376189100.0,,,,,
2024-08-23,NVDA,,,,,129.32183837890625,,,,,,,,,,,,,,,,,,,,,,125.81315043381734,129.5517637458536,125.1733892777955,129.32183837890625,323230300.0,,,,,
2024-08-26,NVDA,,,,,126.41293334960938,,,,,,,,,,,,,,,,,,,,,,129.5217841101186,131.2111423152786,124.32371486411647,126.41293334960938,331964700.0,,,,,
2024-08-27,NVDA,,,,,128.25225830078125,,,,,,,,,,,,,,,,,,,,,,125.00346773520825,129.15191727923408,123.83389733541988,128.25225830078125,303134600.0,,,,,
2024-08-28,NVDA,,,,,125.5632553100586,,,,,,,,,,,,,,,,,,,,,,128.0723157316594,128.28224429229948,122.59435936439931,125.5632553100586,448101100.0,,,,,
2024-08-29,NVDA,,,,,117.54623413085938,,,,,,,,,,,,,,,,,,,,,,121.31483536128766,124.38369252727087,116.66656437657561,117.54623413085938,453023300.0,,,,,
2024-08-30,NVDA,,,,,119.32557678222656,,,,,,,,,,,,,,,,,,,,,,119.48551326917712,121.70468827145996,117.17637542296369,119.32557678222656,333751600.0,,,,,
2024-09-03,NVDA,,,,,107.95980072021484,,,,,,,,,,,,,,,,,,,,,,115.96682140906611,116.1667439153335,107.25006590844444,107.95980072021484,477155100.0,,,,,
2024-09-04,NVDA,,,,,106.17046356201172,,,,,,,,,,,,,,,,,,,,,,105.37076592928464,113.22783311293709,104.08124520263415,106.17046356201172,372470300.0,,,,,
2024-09-05,NVDA,,,,,107.17009735107422,,,,,,,,,,,,,,,,,,,,,,104.95092237696757,109.60919166518133,104.72101224991617,107.17009735107422,306850700.0,,,,,
2024-09-06,NVDA,,,,,102.79173278808594,,,,,,,,,,,,,,,,,,,,,,107.99979292793853,108.10975260064535,100.9124275647732,102.79173278808594,413638100.0,,,,,
2024-09-09,NVDA,,,,,106.43038177490234,,,,,,,,,,,,,,,,,,,,,,104.840969477339,106.51035383580418,103.6514174842849,106.43038177490234,273912000.0,,,,,
2024-09-10,NVDA,,,,,108.05976104736328,,,,,,,,,,,,,,,,,,,,,,107.7698680771714,109.3592802066297,104.910932028029,108.05976104736328,268283700.0,,,,,
2024-09-11,NVDA,,,,,116.86649322509766,,,,,,,,,,,,,,,,,,,,,,109.34928767526075,117.14638779715078,107.38001963060195,116.86649322509766,441422400.0,,,,,
2024-09-12,NVDA,,,,,119.10585021972656,,,,,,,,,,,,,,,,,,,,,,116.80650641923144,120.75537880467239,115.34692581517743,119.10585021972656,366052700.0,,,,,
2024-09-13,NVDA,,,,,119.06585693359375,,,,,,,,,,,,,,,,,,,,,,119.04586602282129,119.92561101375162,117.56628692781244,119.06585693359375,238358300.0,,,,,
2024-09-16,NVDA,,,,,116.74652099609375,,,,,,,,,,,,,,,,,,,,,,116.75652026497235,118.14612117800917,114.32721657757573,116.74652099609375,248772300.0,,,,,
2024-09-17,NVDA,,,,,115.5568618774414,,,,,,,,,,,,,,,,,,,,,,118.13612413784692,118.76594842655497,114.7970852268969,115.5568618774414,231925900.0,,,,,
2024-09-18,NVDA,,,,,113.33749389648438,,,,,,,,,,,,,,,,,,,,,,115.85676793047314,117.66624647223807,113.18753538354541,113.33749389648438,310318900.0,,,,,
2024-09-19,NVDA,,,,,117.83621215820312,,,,,,,,,,,,,,,,,,,,,,117.31635695887289,119.62569992209964,117.21638715198857,117.83621215820312,293506400.0,,,,,
2024-09-20,NVDA,,,,,115.96675109863281,,,,,,,,,,,,,,,,,,,,,,117.02644483175867,118.58600287786223,115.35692533181683,115.96675109863281,382462400.0,,,,,
2024-09-23,NVDA,,,,,116.22667694091797,,,,,,,,,,,,,,,,,,,,,,116.51659472951452,116.9564634197924,114.82707671663402,116.22667694091797,206228500.0,,,,,
2024-09-24,NVDA,,,,,120.83535766601562,,,,,,,,,,,,,,,,,,,,,,116.48659840876869,121.76509140434464,115.34692577819862,120.83535766601562,354966800.0,,,,,
2024-09-25,NVDA,,,,,123.47459411621094,,,,,,,,,,,,,,,,,,,,,,121.98501577990396,124.90418446690079,121.57513728542474,123.47459411621094,284692900.0,,,,,
2024-09-26,NVDA,,,,,124.00444030761719,,,,,,,,,,,,,,,,,,,,,,126.76365118817954,127.63339688941237,121.76508462125145,124.00444030761719,302582900.0,,,,,
2024-09-27,NVDA,,,,,121.36520385742188,,,,,,,,,,,,,,,,,,,,,,123.93446689659378,123.99444725769884,119.22581786965418,121.36520385742188,271009200.0,,,,,
2024-09-30,NVDA,,,,,121.40518951416016,,,,,,,,,,,,,,,,,,,,,,118.27608190267567,121.46516987339125,118.11613173565692,121.40518951416016,226553700.0,,,,,
2024-10-01,NVDA,,,,,116.96646118164062,,,,,,,,,,,,,,,,,,,,,,121.7350904738439,122.4049042106216,115.7568089513518,116.96646118164062,302094500.0,,,,,
2024-10-02,NVDA,,,,,118.81592559814453,,,,,,,,,,,,,,,,,,,,,,116.4066204825267,119.34577243311742,115.10699012612709,118.81592559814453,221845900.0,,,,,
2024-10-03,NVDA,,,,,122.81478118896484,,,,,,,,,,,,,,,,,,,,,,120.88533415502995,124.3243504544059,120.30549859251518,122.81478118896484,277118000.0,,,,,
2024-10-04,NVDA,,,,,124.88418579101562,,,,,,,,,,,,,,,,,,,,,,124.90418432860164,125.00415413490973,121.79507530101387,124.88418579101562,243678100.0,,,,,
2024-10-07,NVDA,,,,,127.68338775634766,,,,,,,,,,,,,,,,,,,,,,124.95416700886946,130.60254885006705,124.91417756039569,127.68338775634766,346250200.0,,,,,
2024-10-08,NVDA,,,,,132.85189819335938,,,,,,,,,,,,,,,,,,,,,,130.2226473652744,133.44172537204778,129.38289186465897,132.85189819335938,285722500.0,,,,,
2024-10-09,NVDA,,,,,132.61196899414062,,,,,,,,,,,,,,,,,,,,,,134.0715571884807,134.48144332062452,131.34234403030248,132.61196899414062,246191600.0,,,,,
2024-10-10,NVDA,,,,,134.7713623046875,,,,,,,,,,,,,,,,,,,,,,131.87219951867377,134.96131029321415,130.9624566548967,134.7713623046875,242311300.0,,,,,
2024-10-11,NVDA,,,,,134.76136779785156,,,,,,,,,,,,,,,,,,,,,,133.97158567859756,135.74108264717918,133.62169514533127,134.76136779785156,170209500.0,,,,,
2024-10-14,NVDA,,,,,138.0304412841797,,,,,,,,,,,,,,,,,,,,,,136.43089368651033,139.56000161928338,136.26094423310064,138.0304412841797,232347700.0,,,,,
2024-10-15,NVDA,,,,,131.56228637695312,,,,,,,,,,,,,,,,,,,,,,137.8304782609884,138.53028982768672,128.70310551155586,131.56228637695312,377831000.0,,,,,
2024-10-16,NVDA,,,,,135.68109130859375,,,,,,,,,,,,,,,,,,,,,,133.9415846620271,136.58082718354044,131.54227882589296,135.68109130859375,264879700.0,,,,,
2024-10-17,NVDA,,,,,136.8907470703125,,,,,,,,,,,,,,,,,,,,,,139.30005999950754,140.84961880375567,136.83076670766295,136.8907470703125,306435900.0,,,,,
2024-10-18,NVDA,,,,,137.96043395996094,,,,,,,,,,,,,,,,,,,,,,138.63024003343975,138.86016981880368,137.24063917112105,137.96043395996094,176090200.0,,,,,
2024-10-21,NVDA,,,,,143.66880798339844,,,,,,,,,,,,,,,,,,,,,,138.090405825162,143.66880798339844,137.96043821210023,143.66880798339844,264554500.0,,,,,
2024-10-22,NVDA,,,,,143.54884338378906,,,,,,,,,,,,,,,,,,,,,,142.86904559419827,144.37860733596548,141.73936457126644,143.54884338378906,226311600.0,,,,,
2024-10-23,NVDA,,,,,139.51998901367188,,,,,,,,,,,,,,,,,,,,,,141.9892821435429,142.3891613712536,137.42060018656866,139.51998901367188,285930000.0,,,,,
2024-10-24,NVDA,,,,,140.3697509765625,,,,,,,,,,,,,,,,,,,,,,140.77963709898057,141.30948393843238,138.42031305269128,140.3697509765625,172354900.0,,,,,
2024-10-25,NVDA,,,,,141.49942016601562,,,,,,,,,,,,,,,,,,,,,,140.88959441527413,144.0886893234089,140.7596420534019,141.49942016601562,205122100.0,,,,,
2024-10-28,NVDA,,,,,140.479736328125,,,,,,,,,,,,,,,,,,,,,,142.95902137870084,143.09898064959424,140.00986979275078,140.479736328125,173586700.0,,,,,
2024-10-29,NVDA,,,,,141.20950317382812,,,,,,,,,,,,,,,,,,,,,,140.2497716969522,142.2192081120129,138.86017082456863,141.20950317382812,157593600.0,,,,,
2024-10-30,NVDA,,,,,139.300048828125,,,,,,,,,,,,,,,,,,,,,,139.49998843906093,140.28977049571748,136.77077537646986,139.300048828125,179418100.0,,,,,
2024-10-31,NVDA,,,,,132.72193908691406,,,,,,,,,,,,,,,,,,,,,,137.56056330274592,137.57055494467397,132.07213151004177,132.72193908691406,270039600.0,,,,,
2024-11-01,NVDA,,,,,135.36119079589844,,,,,,,,,,,,,,,,,,,,,,134.6613944536623,137.2706470867555,134.53144208222884,135.36119079589844,207127800.0,,,,,
2024-11-04,NVDA,,,,,136.01100158691406,,,,,,,,,,,,,,,,,,,,,,137.17067271068436,138.9201710380497,135.53114345978716,136.01100158691406,187528200.0,,,,,
2024-11-05,NVDA,,,,,139.86988830566406,,,,,,,,,,,,,,,,,,,,,,137.41058693125512,140.32974787080795,137.29062621937655,139.86988830566406,160537400.0,,,,,
2024-11-06,NVDA,,,,,145.56825256347656,,,,,,,,,,,,,,,,,,,,,,142.91901845044762,146.44800513885863,141.91930516184587,145.56825256347656,242043900.0,,,,,
2024-11-07,NVDA,,,,,148.8373260498047,,,,,,,,,,,,,,,,,,,,,,146.34803435651398,148.8872995129736,146.12809620267714,148.8373260498047,207323300.0,,,,,
2024-11-08,NVDA,,,,,147.5876922607422,,,,,,,,,,,,,,,,,,,,,,148.727364912182,149.72707829956485,146.21807454702503,147.5876922607422,175665800.0,,,,,
2024-11-11,NVDA,,,,,145.21835327148438,,,,,,,,,,,,,,,,,,,,,,148.6373710400852,148.80733573059373,143.52885055228916,145.21835327148438,182325600.0,,,,,
2024-11-12,NVDA,,,,,148.2474822998047,,,,,,,,,,,,,,,,,,,,,,146.73792067016035,149.60709303241688,145.9681371384276,148.2474822998047,198634700.0,,,,,
2024-11-13,NVDA,,,,,146.2280731201172,,,,,,,,,,,,,,,,,,,,,,149.02727349633594,149.28719347067064,145.8581688148386,146.2280731201172,191903300.0,,,,,
2024-11-14,NVDA,,,,,146.71791076660156,,,,,,,,,,,,,,,,,,,,,,147.59766330614426,148.9572739334313,145.50826627914395,146.71791076660156,194463300.0,,,,,
2024-11-15,NVDA,,,,,141.9392852783203,,,,,,,,,,,,,,,,,,,,,,144.8284560077565,145.19836028928967,140.03983617411208,141.9392852783203,250132900.0,,,,,
2024-11-18,NVDA,,,,,140.10980224609375,,,,,,,,,,,,,,,,,,,,,,139.45999475223928,141.50940991238423,137.1106625740026,140.10980224609375,221205300.0,,,,,
2024-11-19,NVDA,,,,,146.9678497314453,,,,,,,,,,,,,,,,,,,,,,141.2794937524248,147.08782570288798,140.94958652618317,146.9678497314453,227834900.0,,,,,
2024-11-20,NVDA,,,,,145.84817504882812,,,,,,,,,,,,,,,,,,,,,,147.36774356025674,147.5176944558783,142.68907730947365,145.84817504882812,309871700.0,,,,,
2024-11-21,NVDA,,,,,146.62796020507812,,,,,,,,,,,,,,,,,,,,,,149.30720000657334,152.84617867409492,140.65967008206871,146.62796020507812,400946600.0,,,,,
2024-11-22,NVDA,,,,,141.9093017578125,,,,,,,,,,,,,,,,,,,,,,145.88815647311117,147.11781483152527,141.05955459424152,141.9093017578125,236406200.0,,,,,
2024-11-25,NVDA,,,,,135.9810028076172,,,,,,,,,,,,,,,,,,,,,,141.9492922301626,142.0092725854583,135.78106320516017,135.9810028076172,344941900.0,,,,,
2024-11-26,NVDA,,,,,136.88075256347656,,,,,,,,,,,,,,,,,,,,,,137.66052777043362,139.26007526155422,135.63111085304342,136.88075256347656,190287700.0,,,,,
2024-11-27,NVDA,,,,,135.3011932373047,,,,,,,,,,,,,,,,,,,,,,134.97128602051475,137.18065910710888,131.76221489663718,135.3011932373047,226370900.0,,,,,
2024-11-29,NVDA,,,,,138.2103729248047,,,,,,,,,,,,,,,,,,,,,,136.74079305563075,139.31006372977,136.0110065692894,138.2103729248047,141863200.0,,,,,
2024-12-02,NVDA,,,,,138.5902557373047,,,,,,,,,,,,,,,,,,,,,,138.79019534076207,140.40972595950504,137.78049042793322,138.5902557373047,171682800.0,,,,,
2024-12-03,NVDA,,,,,140.2198028564453,,,,,,,,,,,,,,,,,,,,,,138.22037595856943,140.4997214017946,137.91046723010535,140.2198028564453,164414000.0,,,,,
2024-12-04,NVDA,,,,,145.098388671875,,,,,,,,,,,,,,,,,,,,,,141.95928950014692,145.7481962192296,140.24977303436475,145.098388671875,231224300.0,,,,,
2024-12-05,NVDA,,,,,145.02841186523438,,,,,,,,,,,,,,,,,,,,,,145.0784040292141,146.50808533514203,143.91865294893697,145.02841186523438,172621200.0,,,,,
2024-12-06,NVDA,,,,,142.40899658203125,,,,,,,,,,,,,,,,,,,,,,144.56853006182772,145.66828146425675,141.27923767487087,142.40899658203125,188505600.0,,,,,
2024-12-09,NVDA,,,,,138.77975463867188,,,,,,,,,,,,,,,,,,,,,,138.93972344033872,139.91950565348523,137.1001279875636,138.77975463867188,189308600.0,,,,,
2024-12-10,NVDA,,,,,135.04058837890625,,,,,,,,,,,,,,,,,,,,,,138.97971741196267,141.78911819403848,133.76085313448985,135.04058837890625,210020900.0,,,,,
2024-12-11,NVDA,,,,,139.27964782714844,,,,,,,,,,,,,,,,,,,,,,137.33007570041752,140.1394610798945,135.18055019628483,139.27964782714844,184905200.0,,,,,
2024-12-12,NVDA,,,,,137.31008911132812,,,,,,,,,,,,,,,,,,,,,,137.05015122102654,138.4098556769623,135.77043117490655,137.31008911132812,159211400.0,,,,,
2024-12-13,NVDA,,,,,134.22076416015625,,,,,,,,,,,,,,,,,,,,,,138.90974525213795,139.56960518418134,132.51112983721956,134.22076416015625,231514900.0,,,,,
2024-12-16,NVDA,,,,,131.9712371826172,,,,,,,,,,,,,,,,,,,,,,134.1507548377073,134.37070812011547,130.39157963416955,131.9712371826172,237951100.0,,,,,
2024-12-17,NVDA,,,,,130.36160278320312,,,,,,,,,,,,,,,,,,,,,,129.06188284882555,131.5613383936032,126.8323727744144,130.36160278320312,259410300.0,,,,,
2024-12-18,NVDA,,,,,128.88192749023438,,,,,,,,,,,,,,,,,,,,,,133.83084634553458,136.67022414162827,128.2520598203989,128.88192749023438,277444500.0,,,,,
2024-12-19,NVDA,,,,,130.65151977539062,,,,,,,,,,,,,,,,,,,,,,131.7312862928068,134.0007959707685,129.52177635647746,130.65151977539062,209719200.0,,,,,
2024-12-20,NVDA,,,,,134.670654296875,,,,,,,,,,,,,,,,,,,,,,129.7817201303188,135.25052978203578,128.19207015255643,134.670654296875,306528600.0,,,,,
2024-12-23,NVDA,,,,,139.6395721435547,,,,,,,,,,,,,,,,,,,,,,136.25031123897003,139.75954112073697,135.09056027465786,139.6395721435547,176053500.0,,,,,
2024-12-24,NVDA,,,,,140.18946838378906,,,,,,,,,,,,,,,,,,,,,,139.9695150682445,141.8690952419841,138.61980292789985,140.18946838378906,105157000.0,,,,,
2024-12-26,NVDA,,,,,139.89952087402344,,,,,,,,,,,,,,,,,,,,,,139.6695752314167,140.81933395538283,137.70000300728188,139.89952087402344,116205600.0,,,,,
2024-12-27,NVDA,,,,,136.9801483154297,,,,,,,,,,,,,,,,,,,,,,138.5198213856297,138.98972022149263,134.68066155069724,136.9801483154297,170582600.0,,,,,
2024-12-30,NVDA,,,,,137.46005249023438,,,,,,,,,,,,,,,,,,,,,,134.80062832550155,140.23944563051566,133.99080722961983,137.46005249023438,167734700.0,,,,,
2024-12-31,NVDA,,,,,134.26075744628906,,,,,,,,,,,,,,,,,,,,,,137.99994871496077,138.0399485497518,133.80086613446198,134.26075744628906,155659200.0,,,,,
2023-01-03,GC=F,,,,,1839.699951171875,,,,,,,,,,,,,,,,,,,,,,,,,,,1836.199951171875,1839.699951171875,1836.199951171875,1839.699951171875,29.0
2023-01-04,GC=F,,,,,1852.800048828125,,,,,,,,,,,,,,,,,,,,,,,,,,,1845.5999755859375,1859.0999755859375,1845.5999755859375,1852.800048828125,25.0
2023-01-05,GC=F,,,,,1834.800048828125,,,,,,,,,,,,,,,,,,,,,,,,,,,1855.199951171875,1855.199951171875,1834.800048828125,1834.800048828125,24.0
2023-01-06,GC=F,,,,,1864.199951171875,,,,,,,,,,,,,,,,,,,,,,,,,,,1838.4000244140625,1868.199951171875,1835.300048828125,1864.199951171875,26.0
2023-01-09,GC=F,,,,,1872.699951171875,,,,,,,,,,,,,,,,,,,,,,,,,,,1867.0,1880.0,1867.0,1872.699951171875,62.0
2023-01-10,GC=F,,,,,1871.5999755859375,,,,,,,,,,,,,,,,,,,,,,,,,,,1877.800048828125,1878.0999755859375,1871.5999755859375,1871.5999755859375,101.0
2023-01-11,GC=F,,,,,1874.5999755859375,,,,,,,,,,,,,,,,,,,,,,,,,,,1873.0999755859375,1877.800048828125,1873.0999755859375,1874.5999755859375,1236.0
2023-01-12,GC=F,,,,,1895.5,,,,,,,,,,,,,,,,,,,,,,,,,,,1877.199951171875,1897.4000244140625,1877.199951171875,1895.5,59.0
2023-01-13,GC=F,,,,,1918.4000244140625,,,,,,,,,,,,,,,,,,,,,,,,,,,1899.0,1920.9000244140625,1898.300048828125,1918.4000244140625,512.0
2023-01-17,GC=F,,,,,1907.199951171875,,,,,,,,,,,,,,,,,,,,,,,,,,,1920.0999755859375,1920.0999755859375,1905.199951171875,1907.199951171875,706.0
2023-01-18,GC=F,,,,,1904.4000244140625,,,,,,,,,,,,,,,,,,,,,,,,,,,1911.0999755859375,1911.0999755859375,1903.0999755859375,1904.4000244140625,1027.0
2023-01-19,GC=F,,,,,1922.0999755859375,,,,,,,,,,,,,,,,,,,,,,,,,,,1922.0999755859375,1931.800048828125,1922.0999755859375,1922.0999755859375,371.0
2023-01-20,GC=F,,,,,1926.4000244140625,,,,,,,,,,,,,,,,,,,,,,,,,,,1922.0999755859375,1928.5,1921.4000244140625,1926.4000244140625,1346.0
2023-01-23,GC=F,,,,,1927.0999755859375,,,,,,,,,,,,,,,,,,,,,,,,,,,1926.5,1927.0999755859375,1915.0,1927.0999755859375,218.0
2023-01-24,GC=F,,,,,1933.9000244140625,,,,,,,,,,,,,,,,,,,,,,,,,,,1931.800048828125,1936.800048828125,1931.800048828125,1933.9000244140625,201.0
2023-01-25,GC=F,,,,,1941.199951171875,,,,,,,,,,,,,,,,,,,,,,,,,,,1941.199951171875,1941.199951171875,1939.800048828125,1941.199951171875,7.0
2023-01-26,GC=F,,,,,1929.0999755859375,,,,,,,,,,,,,,,,,,,,,,,,,,,1936.5999755859375,1937.0999755859375,1927.0999755859375,1929.0999755859375,131.0
2023-01-27,GC=F,,,,,1928.5999755859375,,,,,,,,,,,,,,,,,,,,,,,,,,,1928.5999755859375,1928.5999755859375,1928.5999755859375,1928.5999755859375,150902.0
2023-01-30,GC=F,,,,,1922.9000244140625,,,,,,,,,,,,,,,,,,,,,,,,,,,1928.300048828125,1933.5999755859375,1920.300048828125,1922.9000244140625,27220.0
2023-01-31,GC=F,,,,,1929.5,,,,,,,,,,,,,,,,,,,,,,,,,,,1923.0,1930.4000244140625,1900.5999755859375,1929.5,1910.0
2023-02-01,GC=F,,,,,1927.800048828125,,,,,,,,,,,,,,,,,,,,,,,,,,,1927.199951171875,1955.0,1922.0,1927.800048828125,2290.0
2023-02-02,GC=F,,,,,1916.300048828125,,,,,,,,,,,,,,,,,,,,,,,,,,,1952.300048828125,1959.0999755859375,1911.300048828125,1916.300048828125,748.0
2023-02-03,GC=F,,,,,1862.9000244140625,,,,,,,,,,,,,,,,,,,,,,,,,,,1912.4000244140625,1917.0,1861.5,1862.9000244140625,992.0
2023-02-06,GC=F,,,,,1866.199951171875,,,,,,,,,,,,,,,,,,,,,,,,,,,1865.5999755859375,1880.0,1863.4000244140625,1866.199951171875,424.0
2023-02-07,GC=F,,,,,1871.699951171875,,,,,,,,,,,,,,,,,,,,,,,,,,,1870.0,1875.699951171875,1868.0,1871.699951171875,297.0
2023-02-08,GC=F,,,,,1877.4000244140625,,,,,,,,,,,,,,,,,,,,,,,,,,,1872.0999755859375,1880.4000244140625,1872.0999755859375,1877.4000244140625,230.0
2023-02-09,GC=F,,,,,1866.199951171875,,,,,,,,,,,,,,,,,,,,,,,,,,,1875.300048828125,1884.5999755859375,1859.800048828125,1866.199951171875,223.0
2023-02-10,GC=F,,,,,1862.800048828125,,,,,,,,,,,,,,,,,,,,,,,,,,,1861.5999755859375,1863.5,1852.4000244140625,1862.800048828125,27.0
2023-02-13,GC=F,,,,,1851.9000244140625,,,,,,,,,,,,,,,,,,,,,,,,,,,1859.0,1861.0,1850.0,1851.9000244140625,569.0
2023-02-14,GC=F,,,,,1854.0,,,,,,,,,,,,,,,,,,,,,,,,,,,1854.0999755859375,1862.0,1846.199951171875,1854.0,656.0
2023-02-15,GC=F,,,,,1834.199951171875,,,,,,,,,,,,,,,,,,,,,,,,,,,1842.0,1842.0,1828.199951171875,1834.199951171875,368.0
2023-02-16,GC=F,,,,,1842.0,,,,,,,,,,,,,,,,,,,,,,,,,,,1838.5999755859375,1843.699951171875,1827.199951171875,1842.0,222.0
2023-02-17,GC=F,,,,,1840.4000244140625,,,,,,,,,,,,,,,,,,,,,,,,,,,1827.4000244140625,1842.199951171875,1818.4000244140625,1840.4000244140625,35.0
2023-02-21,GC=F,,,,,1833.0,,,,,,,,,,,,,,,,,,,,,,,,,,,1842.5999755859375,1843.0,1833.0,1833.0,862.0
2023-02-22,GC=F,,,,,1832.0,,,,,,,,,,,,,,,,,,,,,,,,,,,1835.699951171875,1836.199951171875,1825.0999755859375,1832.0,278.0
2023-02-23,GC=F,,,,,1818.0,,,,,,,,,,,,,,,,,,,,,,,,,,,1826.4000244140625,1827.5,1818.0,1818.0,291.0
2023-02-24,GC=F,,,,,1808.800048828125,,,,,,,,,,,,,,,,,,,,,,,,,,,1808.800048828125,1808.800048828125,1808.800048828125,1808.800048828125,404.0
2023-02-27,GC=F,,,,,1817.0,,,,,,,,,,,,,,,,,,,,,,,,,,,1811.5999755859375,1817.5,1808.9000244140625,1817.0,829.0
2023-02-28,GC=F,,,,,1828.9000244140625,,,,,,,,,,,,,,,,,,,,,,,,,,,1808.0999755859375,1830.0,1808.0999755859375,1828.9000244140625,618.0
2023-03-01,GC=F,,,,,1837.699951171875,,,,,,,,,,,,,,,,,,,,,,,,,,,1827.0999755859375,1841.699951171875,1827.0999755859375,1837.699951171875,211.0
2023-03-02,GC=F,,,,,1833.5,,,,,,,,,,,,,,,,,,,,,,,,,,,1830.0,1836.300048828125,1830.0,1833.5,154.0
2023-03-03,GC=F,,,,,1847.699951171875,,,,,,,,,,,,,,,,,,,,,,,,,,,1837.300048828125,1855.4000244140625,1837.300048828125,1847.699951171875,61.0
2023-03-06,GC=F,,,,,1847.9000244140625,,,,,,,,,,,,,,,,,,,,,,,,,,,1853.300048828125,1853.800048828125,1844.199951171875,1847.9000244140625,5.0
2023-03-07,GC=F,,,,,1813.9000244140625,,,,,,,,,,,,,,,,,,,,,,,,,,,1840.9000244140625,1840.9000244140625,1813.9000244140625,1813.9000244140625,450.0
2023-03-08,GC=F,,,,,1812.699951171875,,,,,,,,,,,,,,,,,,,,,,,,,,,1811.5999755859375,1812.9000244140625,1811.5,1812.699951171875,75.0
2023-03-09,GC=F,,,,,1829.300048828125,,,,,,,,,,,,,,,,,,,,,,,,,,,1816.4000244140625,1829.300048828125,1815.5999755859375,1829.300048828125,332.0
2023-03-10,GC=F,,,,,1862.0,,,,,,,,,,,,,,,,,,,,,,,,,,,1852.300048828125,1868.5,1852.0,1862.0,248.0
2023-03-13,GC=F,,,,,1911.699951171875,,,,,,,,,,,,,,,,,,,,,,,,,,,1890.800048828125,1913.0999755859375,1875.0999755859375,1911.699951171875,503.0
2023-03-14,GC=F,,,,,1906.199951171875,,,,,,,,,,,,,,,,,,,,,,,,,,,1912.199951171875,1912.199951171875,1901.0999755859375,1906.199951171875,107.0
2023-03-15,GC=F,,,,,1926.5999755859375,,,,,,,,,,,,,,,,,,,,,,,,,,,1903.9000244140625,1926.5999755859375,1898.5,1926.5999755859375,564.0
2023-03-16,GC=F,,,,,1919.0,,,,,,,,,,,,,,,,,,,,,,,,,,,1909.9000244140625,1931.699951171875,1909.9000244140625,1919.0,394.0
2023-03-17,GC=F,,,,,1969.800048828125,,,,,,,,,,,,,,,,,,,,,,,,,,,1946.0,1985.0999755859375,1946.0,1969.800048828125,82.0
2023-03-20,GC=F,,,,,1979.199951171875,,,,,,,,,,,,,,,,,,,,,,,,,,,1988.300048828125,2003.9000244140625,1968.9000244140625,1979.199951171875,389.0
2023-03-21,GC=F,,,,,1938.0,,,,,,,,,,,,,,,,,,,,,,,,,,,1973.800048828125,1973.800048828125,1938.0,1938.0,47.0
2023-03-22,GC=F,,,,,1946.800048828125,,,,,,,,,,,,,,,,,,,,,,,,,,,1946.800048828125,1974.0,1946.800048828125,1946.800048828125,50.0
2023-03-23,GC=F,,,,,1993.800048828125,,,,,,,,,,,,,,,,,,,,,,,,,,,1990.5,1994.5999755859375,1990.5,1993.800048828125,33.0
2023-03-24,GC=F,,,,,1982.0999755859375,,,,,,,,,,,,,,,,,,,,,,,,,,,1991.699951171875,1995.4000244140625,1982.0999755859375,1982.0999755859375,19.0
2023-03-27,GC=F,,,,,1952.4000244140625,,,,,,,,,,,,,,,,,,,,,,,,,,,1957.199951171875,1957.199951171875,1952.4000244140625,1952.4000244140625,877.0
2023-03-28,GC=F,,,,,1972.4000244140625,,,,,,,,,,,,,,,,,,,,,,,,,,,1972.4000244140625,1972.4000244140625,1972.4000244140625,1972.4000244140625,21.0
2023-03-29,GC=F,,,,,1966.0999755859375,,,,,,,,,,,,,,,,,,,,,,,,,,,1966.0999755859375,1966.0999755859375,1966.0999755859375,1966.0999755859375,88563.0
2023-03-30,GC=F,,,,,1980.300048828125,,,,,,,,,,,,,,,,,,,,,,,,,,,1965.9000244140625,1984.4000244140625,1954.9000244140625,1980.300048828125,10119.0
2023-03-31,GC=F,,,,,1969.0,,,,,,,,,,,,,,,,,,,,,,,,,,,1981.300048828125,1986.800048828125,1968.0,1969.0,957.0
2023-04-03,GC=F,,,,,1983.9000244140625,,,,,,,,,,,,,,,,,,,,,,,,,,,1968.0999755859375,1991.699951171875,1950.0,1983.9000244140625,737.0
2023-04-04,GC=F,,,,,2022.199951171875,,,,,,,,,,,,,,,,,,,,,,,,,,,1984.5999755859375,2027.0999755859375,1979.0,2022.199951171875,811.0
2023-04-05,GC=F,,,,,2020.9000244140625,,,,,,,,,,,,,,,,,,,,,,,,,,,2022.0999755859375,2033.800048828125,2013.5999755859375,2020.9000244140625,525.0
2023-04-06,GC=F,,,,,2011.9000244140625,,,,,,,,,,,,,,,,,,,,,,,,,,,2022.199951171875,2023.300048828125,2005.0,2011.9000244140625,0.0
2023-04-10,GC=F,,,,,1989.0999755859375,,,,,,,,,,,,,,,,,,,,,,,,,,,2000.0,2006.5999755859375,1984.0,1989.0999755859375,652.0
2023-04-11,GC=F,,,,,2004.800048828125,,,,,,,,,,,,,,,,,,,,,,,,,,,1991.4000244140625,2006.5,1991.4000244140625,2004.800048828125,68.0
2023-04-12,GC=F,,,,,2010.9000244140625,,,,,,,,,,,,,,,,,,,,,,,,,,,2005.199951171875,2025.699951171875,2005.199951171875,2010.9000244140625,172.0
2023-04-13,GC=F,,,,,2041.300048828125,,,,,,,,,,,,,,,,,,,,,,,,,,,2015.5999755859375,2048.60009765625,2015.5999755859375,2041.300048828125,1043.0
2023-04-14,GC=F,,,,,2002.199951171875,,,,,,,,,,,,,,,,,,,,,,,,,,,2041.0,2047.800048828125,1995.0,2002.199951171875,718.0
2023-04-17,GC=F,,,,,1994.199951171875,,,,,,,,,,,,,,,,,,,,,,,,,,,2002.699951171875,2007.5999755859375,1983.199951171875,1994.199951171875,554.0
2023-04-18,GC=F,,,,,2007.4000244140625,,,,,,,,,,,,,,,,,,,,,,,,,,,1996.9000244140625,2007.4000244140625,1996.9000244140625,2007.4000244140625,72.0
2023-04-19,GC=F,,,,,1995.199951171875,,,,,,,,,,,,,,,,,,,,,,,,,,,2005.699951171875,2006.4000244140625,1969.800048828125,1995.199951171875,61.0
2023-04-20,GC=F,,,,,2007.5999755859375,,,,,,,,,,,,,,,,,,,,,,,,,,,1998.0,2007.5999755859375,1998.0,2007.5999755859375,164.0
2023-04-21,GC=F,,,,,1979.5,,,,,,,,,,,,,,,,,,,,,,,,,,,1996.199951171875,1996.199951171875,1974.0999755859375,1979.5,132.0
2023-04-24,GC=F,,,,,1989.0999755859375,,,,,,,,,,,,,,,,,,,,,,,,,,,1981.300048828125,1989.800048828125,1977.4000244140625,1989.0999755859375,145.0
2023-04-25,GC=F,,,,,1994.0,,,,,,,,,,,,,,,,,,,,,,,,,,,1995.699951171875,1999.0999755859375,1982.300048828125,1994.0,306.0
2023-04-26,GC=F,,,,,1985.699951171875,,,,,,,,,,,,,,,,,,,,,,,,,,,1997.800048828125,1998.800048828125,1985.5999755859375,1985.699951171875,615.0
2023-04-27,GC=F,,,,,1989.9000244140625,,,,,,,,,,,,,,,,,,,,,,,,,,,1990.5999755859375,2002.300048828125,1979.9000244140625,1989.9000244140625,355.0
2023-04-28,GC=F,,,,,1990.0999755859375,,,,,,,,,,,,,,,,,,,,,,,,,,,1986.9000244140625,1990.0999755859375,1977.699951171875,1990.0999755859375,152.0
2023-05-01,GC=F,,,,,1983.4000244140625,,,,,,,,,,,,,,,,,,,,,,,,,,,1980.0999755859375,2005.0,1976.9000244140625,1983.4000244140625,210.0
2023-05-02,GC=F,,,,,2014.300048828125,,,,,,,,,,,,,,,,,,,,,,,,,,,1994.699951171875,2018.0,1994.699951171875,2014.300048828125,1896.0
2023-05-03,GC=F,,,,,2028.5999755859375,,,,,,,,,,,,,,,,,,,,,,,,,,,2017.0999755859375,2035.0999755859375,2015.199951171875,2028.5999755859375,1349.0
2023-05-04,GC=F,,,,,2048.0,,,,,,,,,,,,,,,,,,,,,,,,,,,2045.0,2072.0,2040.0,2048.0,930.0
2023-05-05,GC=F,,,,,2017.4000244140625,,,,,,,,,,,,,,,,,,,,,,,,,,,2046.4000244140625,2046.4000244140625,2004.300048828125,2017.4000244140625,59.0
2023-05-08,GC=F,,,,,2026.300048828125,,,,,,,,,,,,,,,,,,,,,,,,,,,2022.5,2026.300048828125,2022.5,2026.300048828125,3.0
2023-05-09,GC=F,,,,,2036.199951171875,,,,,,,,,,,,,,,,,,,,,,,,,,,2026.5999755859375,2037.300048828125,2025.9000244140625,2036.199951171875,241.0
2023-05-10,GC=F,,,,,2030.5,,,,,,,,,,,,,,,,,,,,,,,,,,,2032.300048828125,2044.300048828125,2029.5,2030.5,248.0
2023-05-11,GC=F,,,,,2014.699951171875,,,,,,,,,,,,,,,,,,,,,,,,,,,2034.0999755859375,2038.300048828125,2014.0,2014.699951171875,90.0
2023-05-12,GC=F,,,,,2014.5,,,,,,,,,,,,,,,,,,,,,,,,,,,2014.5,2014.5,2014.5,2014.5,115.0
2023-05-15,GC=F,,,,,2018.0,,,,,,,,,,,,,,,,,,,,,,,,,,,2013.800048828125,2018.0,2013.800048828125,2018.0,3.0
2023-05-16,GC=F,,,,,1988.4000244140625,,,,,,,,,,,,,,,,,,,,,,,,,,,1988.4000244140625,1988.4000244140625,1988.4000244140625,1988.4000244140625,49.0
2023-05-17,GC=F,,,,,1980.699951171875,,,,,,,,,,,,,,,,,,,,,,,,,,,1983.5999755859375,1983.5999755859375,1980.699951171875,1980.699951171875,13.0
2023-05-18,GC=F,,,,,1956.5,,,,,,,,,,,,,,,,,,,,,,,,,,,1956.5,1956.800048828125,1956.5,1956.5,23.0
2023-05-19,GC=F,,,,,1978.699951171875,,,,,,,,,,,,,,,,,,,,,,,,,,,1960.0,1978.699951171875,1960.0,1978.699951171875,106.0
2023-05-22,GC=F,,,,,1974.800048828125,,,,,,,,,,,,,,,,,,,,,,,,,,,1980.5,1980.5,1974.800048828125,1974.800048828125,8.0
2023-05-23,GC=F,,,,,1972.4000244140625,,,,,,,,,,,,,,,,,,,,,,,,,,,1972.4000244140625,1972.4000244140625,1972.4000244140625,1972.4000244140625,1.0
2023-05-24,GC=F,,,,,1962.800048828125,,,,,,,,,,,,,,,,,,,,,,,,,,,1975.4000244140625,1975.4000244140625,1962.800048828125,1962.800048828125,189.0
2023-05-25,GC=F,,,,,1943.0999755859375,,,,,,,,,,,,,,,,,,,,,,,,,,,1943.0999755859375,1943.0999755859375,1943.0999755859375,1943.0999755859375,1.0
2023-05-26,GC=F,,,,,1944.0999755859375,,,,,,,,,,,,,,,,,,,,,,,,,,,1948.199951171875,1948.4000244140625,1944.0999755859375,1944.0999755859375,166036.0
2023-05-30,GC=F,,,,,1958.0,,,,,,,,,,,,,,,,,,,,,,,,,,,1942.699951171875,1962.5999755859375,1931.0,1958.0,37838.0
2023-05-31,GC=F,,,,,1963.9000244140625,,,,,,,,,,,,,,,,,,,,,,,,,,,1958.199951171875,1973.0,1953.0,1963.9000244140625,5959.0
2023-06-01,GC=F,,,,,1978.0,,,,,,,,,,,,,,,,,,,,,,,,,,,1963.199951171875,1983.0,1954.300048828125,1978.0,750.0
2023-06-02,GC=F,,,,,1952.4000244140625,,,,,,,,,,,,,,,,,,,,,,,,,,,1977.0999755859375,1982.5,1947.4000244140625,1952.4000244140625,356.0
2023-06-05,GC=F,,,,,1958.0,,,,,,,,,,,,,,,,,,,,,,,,,,,1947.5,1961.9000244140625,1937.800048828125,1958.0,713.0
2023-06-06,GC=F,,,,,1965.5,,,,,,,,,,,,,,,,,,,,,,,,,,,1960.800048828125,1965.5,1958.800048828125,1965.5,164.0
2023-06-07,GC=F,,,,,1942.699951171875,,,,,,,,,,,,,,,,,,,,,,,,,,,1959.0,1968.4000244140625,1940.699951171875,1942.699951171875,139.0
2023-06-08,GC=F,,,,,1963.5999755859375,,,,,,,,,,,,,,,,,,,,,,,,,,,1943.199951171875,1969.0,1943.0999755859375,1963.5999755859375,433.0
2023-06-09,GC=F,,,,,1962.199951171875,,,,,,,,,,,,,,,,,,,,,,,,,,,1965.0999755859375,1969.800048828125,1960.300048828125,1962.199951171875,49.0
2023-06-12,GC=F,,,,,1955.300048828125,,,,,,,,,,,,,,,,,,,,,,,,,,,1959.699951171875,1963.5,1951.4000244140625,1955.300048828125,212.0
2023-06-13,GC=F,,,,,1944.5999755859375,,,,,,,,,,,,,,,,,,,,,,,,,,,1960.5999755859375,1967.5,1940.300048828125,1944.5999755859375,343.0
2023-06-14,GC=F,,,,,1955.300048828125,,,,,,,,,,,,,,,,,,,,,,,,,,,1946.199951171875,1958.199951171875,1940.300048828125,1955.300048828125,202.0
2023-06-15,GC=F,,,,,1957.800048828125,,,,,,,,,,,,,,,,,,,,,,,,,,,1941.699951171875,1958.800048828125,1926.0,1957.800048828125,329.0
2023-06-16,GC=F,,,,,1958.4000244140625,,,,,,,,,,,,,,,,,,,,,,,,,,,1961.4000244140625,1962.9000244140625,1953.5,1958.4000244140625,119.0
2023-06-20,GC=F,,,,,1935.5,,,,,,,,,,,,,,,,,,,,,,,,,,,1958.5999755859375,1958.5999755859375,1931.300048828125,1935.5,193.0
2023-06-21,GC=F,,,,,1933.300048828125,,,,,,,,,,,,,,,,,,,,,,,,,,,1935.5999755859375,1936.800048828125,1920.0,1933.300048828125,557.0
2023-06-22,GC=F,,,,,1912.699951171875,,,,,,,,,,,,,,,,,,,,,,,,,,,1920.0,1921.0,1912.0999755859375,1912.699951171875,237.0
2023-06-23,GC=F,,,,,1919.0999755859375,,,,,,,,,,,,,,,,,,,,,,,,,,,1918.699951171875,1932.5,1918.699951171875,1919.0999755859375,105.0
2023-06-26,GC=F,,,,,1923.699951171875,,,,,,,,,,,,,,,,,,,,,,,,,,,1922.9000244140625,1928.5,1922.5,1923.699951171875,71.0
2023-06-27,GC=F,,,,,1914.0,,,,,,,,,,,,,,,,,,,,,,,,,,,1927.0,1929.4000244140625,1914.0,1914.0,49.0
2023-06-28,GC=F,,,,,1912.300048828125,,,,,,,,,,,,,,,,,,,,,,,,,,,1912.300048828125,1912.300048828125,1912.300048828125,1912.300048828125,628.0
2023-06-29,GC=F,,,,,1909.199951171875,,,,,,,,,,,,,,,,,,,,,,,,,,,1909.9000244140625,1909.9000244140625,1892.5,1909.199951171875,289.0
2023-06-30,GC=F,,,,,1921.0999755859375,,,,,,,,,,,,,,,,,,,,,,,,,,,1908.5999755859375,1921.0999755859375,1900.5999755859375,1921.0999755859375,445.0
2023-07-03,GC=F,,,,,1921.699951171875,,,,,,,,,,,,,,,,,,,,,,,,,,,1917.9000244140625,1929.5,1917.9000244140625,1921.699951171875,41.0
2023-07-05,GC=F,,,,,1919.5999755859375,,,,,,,,,,,,,,,,,,,,,,,,,,,1923.5,1933.9000244140625,1914.699951171875,1919.5999755859375,193.0
2023-07-06,GC=F,,,,,1908.699951171875,,,,,,,,,,,,,,,,,,,,,,,,,,,1909.300048828125,1910.199951171875,1903.199951171875,1908.699951171875,81.0
2023-07-07,GC=F,,,,,1926.199951171875,,,,,,,,,,,,,,,,,,,,,,,,,,,1913.4000244140625,1934.0999755859375,1913.4000244140625,1926.199951171875,61.0
2023-07-10,GC=F,,,,,1925.0,,,,,,,,,,,,,,,,,,,,,,,,,,,1923.5999755859375,1926.0999755859375,1912.300048828125,1925.0,269.0
2023-07-11,GC=F,,,,,1931.300048828125,,,,,,,,,,,,,,,,,,,,,,,,,,,1925.0,1937.0,1924.199951171875,1931.300048828125,142.0
2023-07-12,GC=F,,,,,1956.199951171875,,,,,,,,,,,,,,,,,,,,,,,,,,,1932.300048828125,1958.0,1932.199951171875,1956.199951171875,132.0
2023-07-13,GC=F,,,,,1959.199951171875,,,,,,,,,,,,,,,,,,,,,,,,,,,1961.0999755859375,1961.0999755859375,1953.0,1959.199951171875,121.0
2023-07-14,GC=F,,,,,1960.0999755859375,,,,,,,,,,,,,,,,,,,,,,,,,,,1958.4000244140625,1960.5999755859375,1952.699951171875,1960.0999755859375,94.0
2023-07-17,GC=F,,,,,1952.4000244140625,,,,,,,,,,,,,,,,,,,,,,,,,,,1954.0,1956.5,1946.5999755859375,1952.4000244140625,29.0
2023-07-18,GC=F,,,,,1977.199951171875,,,,,,,,,,,,,,,,,,,,,,,,,,,1968.800048828125,1978.4000244140625,1963.4000244140625,1977.199951171875,83.0
2023-07-19,GC=F,,,,,1977.5,,,,,,,,,,,,,,,,,,,,,,,,,,,1977.0,1977.5,1973.0,1977.5,35.0
2023-07-20,GC=F,,,,,1968.300048828125,,,,,,,,,,,,,,,,,,,,,,,,,,,1973.699951171875,1973.699951171875,1965.5999755859375,1968.300048828125,638.0
2023-07-21,GC=F,,,,,1964.300048828125,,,,,,,,,,,,,,,,,,,,,,,,,,,1961.800048828125,1964.300048828125,1961.800048828125,1964.300048828125,50.0
2023-07-24,GC=F,,,,,1960.300048828125,,,,,,,,,,,,,,,,,,,,,,,,,,,1965.300048828125,1965.5,1960.300048828125,1960.300048828125,2.0
2023-07-25,GC=F,,,,,1962.0999755859375,,,,,,,,,,,,,,,,,,,,,,,,,,,1953.0,1962.5,1953.0,1962.0999755859375,19.0
2023-07-26,GC=F,,,,,1968.9000244140625,,,,,,,,,,,,,,,,,,,,,,,,,,,1966.199951171875,1972.0,1966.199951171875,1968.9000244140625,51.0
2023-07-27,GC=F,,,,,1945.4000244140625,,,,,,,,,,,,,,,,,,,,,,,,,,,1945.4000244140625,1945.4000244140625,1945.4000244140625,1945.4000244140625,194253.0
2023-07-28,GC=F,,,,,1960.4000244140625,,,,,,,,,,,,,,,,,,,,,,,,,,,1945.5,1962.199951171875,1944.199951171875,1960.4000244140625,23155.0
2023-07-31,GC=F,,,,,1970.5,,,,,,,,,,,,,,,,,,,,,,,,,,,1959.199951171875,1971.5999755859375,1950.0,1970.5,1025.0
2023-08-01,GC=F,,,,,1940.699951171875,,,,,,,,,,,,,,,,,,,,,,,,,,,1964.9000244140625,1965.4000244140625,1940.699951171875,1940.699951171875,688.0
2023-08-02,GC=F,,,,,1937.4000244140625,,,,,,,,,,,,,,,,,,,,,,,,,,,1948.4000244140625,1953.5999755859375,1933.199951171875,1937.4000244140625,652.0
2023-08-03,GC=F,,,,,1932.0,,,,,,,,,,,,,,,,,,,,,,,,,,,1934.199951171875,1936.5,1928.0,1932.0,773.0
2023-08-04,GC=F,,,,,1939.5999755859375,,,,,,,,,,,,,,,,,,,,,,,,,,,1934.9000244140625,1945.0,1920.0,1939.5999755859375,290.0
2023-08-07,GC=F,,,,,1933.5,,,,,,,,,,,,,,,,,,,,,,,,,,,1941.0,1941.0,1929.800048828125,1933.5,376.0
2023-08-08,GC=F,,,,,1924.0999755859375,,,,,,,,,,,,,,,,,,,,,,,,,,,1931.699951171875,1933.199951171875,1923.0,1924.0999755859375,555.0
2023-08-09,GC=F,,,,,1915.4000244140625,,,,,,,,,,,,,,,,,,,,,,,,,,,1925.4000244140625,1928.800048828125,1913.699951171875,1915.4000244140625,451.0
2023-08-10,GC=F,,,,,1914.4000244140625,,,,,,,,,,,,,,,,,,,,,,,,,,,1921.0999755859375,1927.800048828125,1911.4000244140625,1914.4000244140625,178.0
2023-08-11,GC=F,,,,,1912.9000244140625,,,,,,,,,,,,,,,,,,,,,,,,,,,1913.0,1916.5999755859375,1911.800048828125,1912.9000244140625,57.0
2023-08-14,GC=F,,,,,1910.5999755859375,,,,,,,,,,,,,,,,,,,,,,,,,,,1909.300048828125,1912.5999755859375,1903.300048828125,1910.5999755859375,46.0
2023-08-15,GC=F,,,,,1902.5,,,,,,,,,,,,,,,,,,,,,,,,,,,1906.0,1907.699951171875,1895.0,1902.5,73.0
2023-08-16,GC=F,,,,,1896.0999755859375,,,,,,,,,,,,,,,,,,,,,,,,,,,1904.5,1904.5,1890.300048828125,1896.0999755859375,22.0
2023-08-17,GC=F,,,,,1884.0999755859375,,,,,,,,,,,,,,,,,,,,,,,,,,,1893.699951171875,1902.4000244140625,1884.0,1884.0999755859375,245.0
2023-08-18,GC=F,,,,,1886.0999755859375,,,,,,,,,,,,,,,,,,,,,,,,,,,1891.800048828125,1891.800048828125,1886.0999755859375,1886.0999755859375,19.0
2023-08-21,GC=F,,,,,1893.300048828125,,,,,,,,,,,,,,,,,,,,,,,,,,,1893.5999755859375,1893.5999755859375,1893.300048828125,1893.300048828125,876.0
2023-08-22,GC=F,,,,,1896.4000244140625,,,,,,,,,,,,,,,,,,,,,,,,,,,1894.5999755859375,1896.800048828125,1892.800048828125,1896.4000244140625,46.0
2023-08-23,GC=F,,,,,1918.5,,,,,,,,,,,,,,,,,,,,,,,,,,,1909.5999755859375,1918.5,1909.5999755859375,1918.5,547.0
2023-08-24,GC=F,,,,,1918.199951171875,,,,,,,,,,,,,,,,,,,,,,,,,,,1920.0,1920.800048828125,1918.199951171875,1918.199951171875,337.0
2023-08-25,GC=F,,,,,1911.0999755859375,,,,,,,,,,,,,,,,,,,,,,,,,,,1919.800048828125,1919.800048828125,1911.0999755859375,1911.0999755859375,195.0
2023-08-28,GC=F,,,,,1917.9000244140625,,,,,,,,,,,,,,,,,,,,,,,,,,,1915.5,1921.5,1915.5,1917.9000244140625,99.0
2023-08-29,GC=F,,,,,1936.5,,,,,,,,,,,,,,,,,,,,,,,,,,,1917.9000244140625,1936.5,1916.9000244140625,1936.5,1674.0
2023-08-30,GC=F,,,,,1944.300048828125,,,,,,,,,,,,,,,,,,,,,,,,,,,1936.0,1946.4000244140625,1934.5999755859375,1944.300048828125,396.0
2023-08-31,GC=F,,,,,1938.199951171875,,,,,,,,,,,,,,,,,,,,,,,,,,,1944.4000244140625,1944.4000244140625,1938.199951171875,1938.199951171875,491.0
2023-09-01,GC=F,,,,,1939.800048828125,,,,,,,,,,,,,,,,,,,,,,,,,,,1950.0,1950.0,1936.5999755859375,1939.800048828125,167.0
2023-09-05,GC=F,,,,,1926.199951171875,,,,,,,,,,,,,,,,,,,,,,,,,,,1934.4000244140625,1934.4000244140625,1924.699951171875,1926.199951171875,113.0
2023-09-06,GC=F,,,,,1918.0999755859375,,,,,,,,,,,,,,,,,,,,,,,,,,,1924.0999755859375,1925.300048828125,1916.300048828125,1918.0999755859375,24.0
2023-09-07,GC=F,,,,,1917.5,,,,,,,,,,,,,,,,,,,,,,,,,,,1917.5999755859375,1921.5,1917.5,1917.5,41.0
2023-09-08,GC=F,,,,,1918.4000244140625,,,,,,,,,,,,,,,,,,,,,,,,,,,1924.0,1924.699951171875,1918.4000244140625,1918.4000244140625,105.0
2023-09-11,GC=F,,,,,1923.300048828125,,,,,,,,,,,,,,,,,,,,,,,,,,,1923.0,1928.300048828125,1921.800048828125,1923.300048828125,50.0
2023-09-12,GC=F,,,,,1911.300048828125,,,,,,,,,,,,,,,,,,,,,,,,,,,1920.800048828125,1920.800048828125,1911.300048828125,1911.300048828125,365.0
2023-09-13,GC=F,,,,,1909.0999755859375,,,,,,,,,,,,,,,,,,,,,,,,,,,1910.300048828125,1914.5999755859375,1908.9000244140625,1909.0999755859375,15.0
2023-09-14,GC=F,,,,,1910.0,,,,,,,,,,,,,,,,,,,,,,,,,,,1903.0,1910.0,1903.0,1910.0,169.0
2023-09-15,GC=F,,,,,1923.699951171875,,,,,,,,,,,,,,,,,,,,,,,,,,,1923.5,1927.300048828125,1923.5,1923.699951171875,8.0
2023-09-18,GC=F,,,,,1931.5,,,,,,,,,,,,,,,,,,,,,,,,,,,1928.199951171875,1931.5,1926.4000244140625,1931.5,19.0
2023-09-19,GC=F,,,,,1932.0,,,,,,,,,,,,,,,,,,,,,,,,,,,1934.0,1934.0,1932.0,1932.0,6.0
2023-09-20,GC=F,,,,,1945.5999755859375,,,,,,,,,,,,,,,,,,,,,,,,,,,1945.5999755859375,1945.5999755859375,1929.199951171875,1945.5999755859375,119.0
2023-09-21,GC=F,,,,,1919.199951171875,,,,,,,,,,,,,,,,,,,,,,,,,,,1924.0,1924.0,1919.199951171875,1919.199951171875,9.0
2023-09-22,GC=F,,,,,1925.4000244140625,,,,,,,,,,,,,,,,,,,,,,,,,,,1925.4000244140625,1925.4000244140625,1925.4000244140625,1925.4000244140625,1.0
2023-09-25,GC=F,,,,,1916.5999755859375,,,,,,,,,,,,,,,,,,,,,,,,,,,1916.5999755859375,1916.5999755859375,1916.5999755859375,1916.5999755859375,114.0
2023-09-26,GC=F,,,,,1900.4000244140625,,,,,,,,,,,,,,,,,,,,,,,,,,,1905.0,1905.0999755859375,1900.4000244140625,1900.4000244140625,161.0
2023-09-27,GC=F,,,,,1871.5999755859375,,,,,,,,,,,,,,,,,,,,,,,,,,,1871.5999755859375,1871.5999755859375,1871.5999755859375,1871.5999755859375,12251.0
2023-09-28,GC=F,,,,,1860.4000244140625,,,,,,,,,,,,,,,,,,,,,,,,,,,1875.5,1878.199951171875,1856.699951171875,1860.4000244140625,4654.0
2023-09-29,GC=F,,,,,1848.0999755859375,,,,,,,,,,,,,,,,,,,,,,,,,,,1864.300048828125,1872.300048828125,1846.0,1848.0999755859375,1605.0
2023-10-02,GC=F,,,,,1830.0,,,,,,,,,,,,,,,,,,,,,,,,,,,1844.0999755859375,1845.9000244140625,1826.699951171875,1830.0,2309.0
2023-10-03,GC=F,,,,,1824.5999755859375,,,,,,,,,,,,,,,,,,,,,,,,,,,1825.0,1830.9000244140625,1816.800048828125,1824.5999755859375,310.0
2023-10-04,GC=F,,,,,1818.5,,,,,,,,,,,,,,,,,,,,,,,,,,,1821.800048828125,1828.199951171875,1816.4000244140625,1818.5,357.0
2023-10-05,GC=F,,,,,1816.5999755859375,,,,,,,,,,,,,,,,,,,,,,,,,,,1826.300048828125,1826.300048828125,1815.5999755859375,1816.5999755859375,393.0
2023-10-06,GC=F,,,,,1830.199951171875,,,,,,,,,,,,,,,,,,,,,,,,,,,1819.0,1831.800048828125,1809.4000244140625,1830.199951171875,390.0
2023-10-09,GC=F,,,,,1849.5,,,,,,,,,,,,,,,,,,,,,,,,,,,1842.5,1861.5,1842.5,1849.5,232.0
2023-10-10,GC=F,,,,,1861.0,,,,,,,,,,,,,,,,,,,,,,,,,,,1857.0,1861.4000244140625,1852.800048828125,1861.0,236.0
2023-10-11,GC=F,,,,,1872.800048828125,,,,,,,,,,,,,,,,,,,,,,,,,,,1869.5,1874.5999755859375,1869.0999755859375,1872.800048828125,65.0
2023-10-12,GC=F,,,,,1869.300048828125,,,,,,,,,,,,,,,,,,,,,,,,,,,1874.699951171875,1881.199951171875,1867.0,1869.300048828125,46.0
2023-10-13,GC=F,,,,,1927.4000244140625,,,,,,,,,,,,,,,,,,,,,,,,,,,1877.5,1930.0999755859375,1877.5,1927.4000244140625,43.0
2023-10-16,GC=F,,,,,1921.0999755859375,,,,,,,,,,,,,,,,,,,,,,,,,,,1910.4000244140625,1921.0999755859375,1910.300048828125,1921.0999755859375,53.0
2023-10-17,GC=F,,,,,1922.699951171875,,,,,,,,,,,,,,,,,,,,,,,,,,,1914.300048828125,1925.800048828125,1914.300048828125,1922.699951171875,103.0
2023-10-18,GC=F,,,,,1955.300048828125,,,,,,,,,,,,,,,,,,,,,,,,,,,1935.0,1957.9000244140625,1935.0,1955.300048828125,67.0
2023-10-19,GC=F,,,,,1968.4000244140625,,,,,,,,,,,,,,,,,,,,,,,,,,,1950.0999755859375,1977.699951171875,1945.699951171875,1968.4000244140625,1945.0
2023-10-20,GC=F,,,,,1982.5,,,,,,,,,,,,,,,,,,,,,,,,,,,1981.0999755859375,1988.5999755859375,1980.4000244140625,1982.5,557.0
2023-10-23,GC=F,,,,,1976.300048828125,,,,,,,,,,,,,,,,,,,,,,,,,,,1976.199951171875,1978.9000244140625,1972.9000244140625,1976.300048828125,127.0
2023-10-24,GC=F,,,,,1975.0,,,,,,,,,,,,,,,,,,,,,,,,,,,1970.300048828125,1975.0,1970.300048828125,1975.0,10.0
2023-10-25,GC=F,,,,,1984.0999755859375,,,,,,,,,,,,,,,,,,,,,,,,,,,1971.199951171875,1985.300048828125,1971.199951171875,1984.0999755859375,97.0
2023-10-26,GC=F,,,,,1987.199951171875,,,,,,,,,,,,,,,,,,,,,,,,,,,1988.199951171875,1988.199951171875,1980.4000244140625,1987.199951171875,521.0
2023-10-27,GC=F,,,,,1988.5999755859375,,,,,,,,,,,,,,,,,,,,,,,,,,,1988.5999755859375,1988.5999755859375,1988.5999755859375,1988.5999755859375,372.0
2023-10-30,GC=F,,,,,1996.199951171875,,,,,,,,,,,,,,,,,,,,,,,,,,,2004.0999755859375,2004.0999755859375,1992.5,1996.199951171875,157.0
2023-10-31,GC=F,,,,,1985.199951171875,,,,,,,,,,,,,,,,,,,,,,,,,,,1996.5,2001.0,1983.699951171875,1985.199951171875,84.0
2023-11-01,GC=F,,,,,1978.800048828125,,,,,,,,,,,,,,,,,,,,,,,,,,,1990.5,1990.5,1977.800048828125,1978.800048828125,41.0
2023-11-02,GC=F,,,,,1985.5999755859375,,,,,,,,,,,,,,,,,,,,,,,,,,,1989.0999755859375,1990.300048828125,1979.5,1985.5999755859375,39.0
2023-11-03,GC=F,,,,,1991.5,,,,,,,,,,,,,,,,,,,,,,,,,,,1989.0,1991.5,1989.0,1991.5,12.0
2023-11-06,GC=F,,,,,1981.5999755859375,,,,,,,,,,,,,,,,,,,,,,,,,,,1981.5999755859375,1981.5999755859375,1977.4000244140625,1981.5999755859375,130.0
2023-11-07,GC=F,,,,,1966.800048828125,,,,,,,,,,,,,,,,,,,,,,,,,,,1966.5,1966.800048828125,1960.699951171875,1966.800048828125,20.0
2023-11-08,GC=F,,,,,1951.5,,,,,,,,,,,,,,,,,,,,,,,,,,,1967.800048828125,1967.800048828125,1947.699951171875,1951.5,43.0
2023-11-09,GC=F,,,,,1964.199951171875,,,,,,,,,,,,,,,,,,,,,,,,,,,1951.699951171875,1964.199951171875,1945.300048828125,1964.199951171875,10.0
2023-11-10,GC=F,,,,,1932.5999755859375,,,,,,,,,,,,,,,,,,,,,,,,,,,1959.5999755859375,1959.5999755859375,1932.5999755859375,1932.5999755859375,375.0
2023-11-13,GC=F,,,,,1945.5,,,,,,,,,,,,,,,,,,,,,,,,,,,1939.9000244140625,1947.199951171875,1934.0,1945.5,191.0
2023-11-14,GC=F,,,,,1961.800048828125,,,,,,,,,,,,,,,,,,,,,,,,,,,1965.800048828125,1965.800048828125,1961.800048828125,1961.800048828125,2.0
2023-11-15,GC=F,,,,,1960.0999755859375,,,,,,,,,,,,,,,,,,,,,,,,,,,1962.800048828125,1962.800048828125,1960.0,1960.0999755859375,6.0
2023-11-16,GC=F,,,,,1983.9000244140625,,,,,,,,,,,,,,,,,,,,,,,,,,,1965.300048828125,1983.9000244140625,1964.5999755859375,1983.9000244140625,39.0
2023-11-17,GC=F,,,,,1981.5999755859375,,,,,,,,,,,,,,,,,,,,,,,,,,,1982.5,1984.0,1979.800048828125,1981.5999755859375,32.0
2023-11-20,GC=F,,,,,1977.699951171875,,,,,,,,,,,,,,,,,,,,,,,,,,,1978.699951171875,1979.4000244140625,1969.699951171875,1977.699951171875,182.0
2023-11-21,GC=F,,,,,1999.300048828125,,,,,,,,,,,,,,,,,,,,,,,,,,,1990.699951171875,2005.5,1988.5,1999.300048828125,16.0
2023-11-22,GC=F,,,,,1991.4000244140625,,,,,,,,,,,,,,,,,,,,,,,,,,,1999.0999755859375,1999.4000244140625,1991.0,1991.4000244140625,6075.0
2023-11-24,GC=F,,,,,2002.199951171875,,,,,,,,,,,,,,,,,,,,,,,,,,,1991.9000244140625,2002.199951171875,1991.5,2002.199951171875,63.0
2023-11-27,GC=F,,,,,2011.800048828125,,,,,,,,,,,,,,,,,,,,,,,,,,,2011.699951171875,2011.800048828125,2011.699951171875,2011.800048828125,228.0
2023-11-28,GC=F,,,,,2039.699951171875,,,,,,,,,,,,,,,,,,,,,,,,,,,2040.5999755859375,2042.699951171875,2039.699951171875,2039.699951171875,174665.0
2023-11-29,GC=F,,,,,2047.0999755859375,,,,,,,,,,,,,,,,,,,,,,,,,,,2041.699951171875,2052.10009765625,2036.0,2047.0999755859375,15290.0
2023-11-30,GC=F,,,,,2038.0999755859375,,,,,,,,,,,,,,,,,,,,,,,,,,,2046.0999755859375,2047.0999755859375,2033.0999755859375,2038.0999755859375,2506.0
2023-12-01,GC=F,,,,,2071.0,,,,,,,,,,,,,,,,,,,,,,,,,,,2038.300048828125,2073.199951171875,2036.0,2071.0,614.0
2023-12-04,GC=F,,,,,2024.0999755859375,,,,,,,,,,,,,,,,,,,,,,,,,,,2075.300048828125,2130.199951171875,2021.0,2024.0999755859375,1071.0
2023-12-05,GC=F,,,,,2018.5,,,,,,,,,,,,,,,,,,,,,,,,,,,2035.0999755859375,2037.0,2010.199951171875,2018.5,289.0
2023-12-06,GC=F,,,,,2030.5,,,,,,,,,,,,,,,,,,,,,,,,,,,2019.9000244140625,2035.800048828125,2019.0,2030.5,417.0
2023-12-07,GC=F,,,,,2029.9000244140625,,,,,,,,,,,,,,,,,,,,,,,,,,,2029.199951171875,2034.9000244140625,2024.0,2029.9000244140625,67.0
2023-12-08,GC=F,,,,,1998.300048828125,,,,,,,,,,,,,,,,,,,,,,,,,,,2031.699951171875,2033.0999755859375,1995.0,1998.300048828125,449.0
2023-12-11,GC=F,,,,,1978.0,,,,,,,,,,,,,,,,,,,,,,,,,,,2004.0999755859375,2004.199951171875,1977.199951171875,1978.0,651.0
2023-12-12,GC=F,,,,,1977.800048828125,,,,,,,,,,,,,,,,,,,,,,,,,,,1984.199951171875,1994.199951171875,1977.800048828125,1977.800048828125,95.0
2023-12-13,GC=F,,,,,1982.300048828125,,,,,,,,,,,,,,,,,,,,,,,,,,,1978.5,2024.800048828125,1975.0,1982.300048828125,2252.0
2023-12-14,GC=F,,,,,2030.199951171875,,,,,,,,,,,,,,,,,,,,,,,,,,,2024.699951171875,2040.0999755859375,2024.300048828125,2030.199951171875,236.0
2023-12-15,GC=F,,,,,2021.0999755859375,,,,,,,,,,,,,,,,,,,,,,,,,,,2032.5999755859375,2043.4000244140625,2018.300048828125,2021.0999755859375,261.0
2023-12-18,GC=F,,,,,2026.300048828125,,,,,,,,,,,,,,,,,,,,,,,,,,,2024.300048828125,2032.800048828125,2024.0,2026.300048828125,100.0
2023-12-19,GC=F,,,,,2038.4000244140625,,,,,,,,,,,,,,,,,,,,,,,,,,,2025.199951171875,2042.699951171875,2025.199951171875,2038.4000244140625,498.0
2023-12-20,GC=F,,,,,2034.5,,,,,,,,,,,,,,,,,,,,,,,,,,,2037.0999755859375,2037.0999755859375,2030.300048828125,2034.5,258.0
2023-12-21,GC=F,,,,,2039.0999755859375,,,,,,,,,,,,,,,,,,,,,,,,,,,2035.800048828125,2044.5,2033.0,2039.0999755859375,228.0
2023-12-22,GC=F,,,,,2057.10009765625,,,,,,,,,,,,,,,,,,,,,,,,,,,2055.699951171875,2068.699951171875,2052.199951171875,2057.10009765625,202.0
2023-12-26,GC=F,,,,,2058.199951171875,,,,,,,,,,,,,,,,,,,,,,,,,,,2060.0,2060.800048828125,2054.199951171875,2058.199951171875,64.0
2023-12-27,GC=F,,,,,2081.89990234375,,,,,,,,,,,,,,,,,,,,,,,,,,,2067.300048828125,2081.89990234375,2064.800048828125,2081.89990234375,586.0
2023-12-28,GC=F,,,,,2073.89990234375,,,,,,,,,,,,,,,,,,,,,,,,,,,2081.60009765625,2087.300048828125,2066.5,2073.89990234375,338.0
2023-12-29,GC=F,,,,,2062.39990234375,,,,,,,,,,,,,,,,,,,,,,,,,,,2068.0,2068.89990234375,2062.10009765625,2062.39990234375,47.0
2024-01-02,GC=F,,,,,2064.39990234375,,,,,,,,,,,,,,,,,,,,,,,,,,,2063.5,2073.699951171875,2057.10009765625,2064.39990234375,61.0
2024-01-03,GC=F,,,,,2034.199951171875,,,,,,,,,,,,,,,,,,,,,,,,,,,2034.199951171875,2044.0,2034.199951171875,2034.199951171875,54.0
2024-01-04,GC=F,,,,,2042.300048828125,,,,,,,,,,,,,,,,,,,,,,,,,,,2041.5999755859375,2044.5,2038.0,2042.300048828125,88.0
2024-01-05,GC=F,,,,,2042.4000244140625,,,,,,,,,,,,,,,,,,,,,,,,,,,2044.5,2048.10009765625,2042.4000244140625,2042.4000244140625,12.0
2024-01-08,GC=F,,,,,2026.5999755859375,,,,,,,,,,,,,,,,,,,,,,,,,,,2019.0999755859375,2033.699951171875,2019.0999755859375,2026.5999755859375,10.0
2024-01-09,GC=F,,,,,2026.4000244140625,,,,,,,,,,,,,,,,,,,,,,,,,,,2035.800048828125,2035.800048828125,2026.4000244140625,2026.4000244140625,27.0
2024-01-10,GC=F,,,,,2021.699951171875,,,,,,,,,,,,,,,,,,,,,,,,,,,2029.0,2035.5999755859375,2021.699951171875,2021.699951171875,538.0
2024-01-11,GC=F,,,,,2014.300048828125,,,,,,,,,,,,,,,,,,,,,,,,,,,2025.0999755859375,2025.0999755859375,2014.300048828125,2014.300048828125,97.0
2024-01-12,GC=F,,,,,2046.699951171875,,,,,,,,,,,,,,,,,,,,,,,,,,,2031.0999755859375,2057.0,2031.0999755859375,2046.699951171875,390.0
2024-01-16,GC=F,,,,,2026.0,,,,,,,,,,,,,,,,,,,,,,,,,,,2051.699951171875,2054.800048828125,2026.0,2026.0,46.0
2024-01-17,GC=F,,,,,2002.5999755859375,,,,,,,,,,,,,,,,,,,,,,,,,,,2026.5,2026.5,2002.5999755859375,2002.5999755859375,764.0
2024-01-18,GC=F,,,,,2018.5999755859375,,,,,,,,,,,,,,,,,,,,,,,,,,,2012.800048828125,2018.5999755859375,2009.5,2018.5999755859375,1474.0
2024-01-19,GC=F,,,,,2026.5,,,,,,,,,,,,,,,,,,,,,,,,,,,2023.199951171875,2036.0,2019.5,2026.5,50.0
2024-01-22,GC=F,,,,,2019.800048828125,,,,,,,,,,,,,,,,,,,,,,,,,,,2021.300048828125,2021.300048828125,2019.800048828125,2019.800048828125,12.0
2024-01-23,GC=F,,,,,2023.699951171875,,,,,,,,,,,,,,,,,,,,,,,,,,,2030.300048828125,2030.300048828125,2022.5,2023.699951171875,15.0
2024-01-24,GC=F,,,,,2013.9000244140625,,,,,,,,,,,,,,,,,,,,,,,,,,,2023.199951171875,2033.199951171875,2013.9000244140625,2013.9000244140625,253.0
2024-01-25,GC=F,,,,,2016.9000244140625,,,,,,,,,,,,,,,,,,,,,,,,,,,2012.0999755859375,2022.4000244140625,2012.0999755859375,2016.9000244140625,548.0
2024-01-26,GC=F,,,,,2016.800048828125,,,,,,,,,,,,,,,,,,,,,,,,,,,2021.699951171875,2022.4000244140625,2016.800048828125,2016.800048828125,49.0
2024-01-29,GC=F,,,,,2025.199951171875,,,,,,,,,,,,,,,,,,,,,,,,,,,2025.199951171875,2025.199951171875,2025.199951171875,2025.199951171875,150708.0
2024-01-30,GC=F,,,,,2031.5,,,,,,,,,,,,,,,,,,,,,,,,,,,2032.5,2048.5,2028.0999755859375,2031.5,26907.0
2024-01-31,GC=F,,,,,2048.39990234375,,,,,,,,,,,,,,,,,,,,,,,,,,,2035.4000244140625,2055.0,2030.0,2048.39990234375,2007.0
2024-02-01,GC=F,,,,,2053.0,,,,,,,,,,,,,,,,,,,,,,,,,,,2040.199951171875,2064.5,2029.0,2053.0,947.0
2024-02-02,GC=F,,,,,2036.0999755859375,,,,,,,,,,,,,,,,,,,,,,,,,,,2054.800048828125,2055.89990234375,2027.699951171875,2036.0999755859375,888.0
2024-02-05,GC=F,,,,,2025.699951171875,,,,,,,,,,,,,,,,,,,,,,,,,,,2038.9000244140625,2040.800048828125,2013.800048828125,2025.699951171875,412.0
2024-02-06,GC=F,,,,,2034.5,,,,,,,,,,,,,,,,,,,,,,,,,,,2025.9000244140625,2037.300048828125,2025.9000244140625,2034.5,249.0
2024-02-07,GC=F,,,,,2035.199951171875,,,,,,,,,,,,,,,,,,,,,,,,,,,2032.800048828125,2039.5,2032.699951171875,2035.199951171875,71.0
2024-02-08,GC=F,,,,,2032.199951171875,,,,,,,,,,,,,,,,,,,,,,,,,,,2028.0,2036.699951171875,2020.300048828125,2032.199951171875,341.0
2024-02-09,GC=F,,,,,2023.300048828125,,,,,,,,,,,,,,,,,,,,,,,,,,,2032.0,2032.0,2020.0,2023.300048828125,62.0
2024-02-12,GC=F,,,,,2018.199951171875,,,,,,,,,,,,,,,,,,,,,,,,,,,2025.5,2025.5,2011.5999755859375,2018.199951171875,317.0
2024-02-13,GC=F,,,,,1992.9000244140625,,,,,,,,,,,,,,,,,,,,,,,,,,,2025.0999755859375,2025.800048828125,1990.0,1992.9000244140625,198.0
2024-02-14,GC=F,,,,,1990.300048828125,,,,,,,,,,,,,,,,,,,,,,,,,,,1990.300048828125,1993.5,1984.800048828125,1990.300048828125,1916.0
2024-02-15,GC=F,,,,,2002.0999755859375,,,,,,,,,,,,,,,,,,,,,,,,,,,1993.5999755859375,2007.199951171875,1993.5999755859375,2002.0999755859375,286.0
2024-02-16,GC=F,,,,,2011.5,,,,,,,,,,,,,,,,,,,,,,,,,,,2005.0,2011.5,1996.5,2011.5,32.0
2024-02-20,GC=F,,,,,2027.5,,,,,,,,,,,,,,,,,,,,,,,,,,,2015.5999755859375,2029.0,2015.5999755859375,2027.5,1326.0
2024-02-21,GC=F,,,,,2022.300048828125,,,,,,,,,,,,,,,,,,,,,,,,,,,2028.199951171875,2028.199951171875,2022.300048828125,2022.300048828125,15.0
2024-02-22,GC=F,,,,,2019.699951171875,,,,,,,,,,,,,,,,,,,,,,,,,,,2033.199951171875,2033.199951171875,2019.699951171875,2019.699951171875,964.0
2024-02-23,GC=F,,,,,2038.5999755859375,,,,,,,,,,,,,,,,,,,,,,,,,,,2026.0,2038.5999755859375,2014.9000244140625,2038.5999755859375,22.0
2024-02-26,GC=F,,,,,2028.5,,,,,,,,,,,,,,,,,,,,,,,,,,,2034.0999755859375,2035.4000244140625,2024.800048828125,2028.5,143.0
2024-02-27,GC=F,,,,,2034.0,,,,,,,,,,,,,,,,,,,,,,,,,,,2035.9000244140625,2035.9000244140625,2034.0,2034.0,964.0
2024-02-28,GC=F,,,,,2033.0,,,,,,,,,,,,,,,,,,,,,,,,,,,2029.5,2037.0,2024.800048828125,2033.0,581.0
2024-02-29,GC=F,,,,,2045.699951171875,,,,,,,,,,,,,,,,,,,,,,,,,,,2034.300048828125,2049.800048828125,2034.300048828125,2045.699951171875,706.0
2024-03-01,GC=F,,,,,2086.89990234375,,,,,,,,,,,,,,,,,,,,,,,,,,,2043.0999755859375,2086.89990234375,2041.800048828125,2086.89990234375,1210.0
2024-03-04,GC=F,,,,,2117.699951171875,,,,,,,,,,,,,,,,,,,,,,,,,,,2083.60009765625,2119.800048828125,2080.699951171875,2117.699951171875,805.0
2024-03-05,GC=F,,,,,2133.5,,,,,,,,,,,,,,,,,,,,,,,,,,,2114.89990234375,2133.5,2111.39990234375,2133.5,1287.0
2024-03-06,GC=F,,,,,2150.300048828125,,,,,,,,,,,,,,,,,,,,,,,,,,,2125.5,2150.300048828125,2125.5,2150.300048828125,443.0
2024-03-07,GC=F,,,,,2158.0,,,,,,,,,,,,,,,,,,,,,,,,,,,2147.0,2163.0,2147.0,2158.0,152.0
2024-03-08,GC=F,,,,,2178.60009765625,,,,,,,,,,,,,,,,,,,,,,,,,,,2167.300048828125,2194.89990234375,2166.300048828125,2178.60009765625,259.0
2024-03-11,GC=F,,,,,2182.5,,,,,,,,,,,,,,,,,,,,,,,,,,,2181.0,2184.0,2177.199951171875,2182.5,738.0
2024-03-12,GC=F,,,,,2160.39990234375,,,,,,,,,,,,,,,,,,,,,,,,,,,2182.5,2182.699951171875,2160.39990234375,2160.39990234375,550.0
2024-03-13,GC=F,,,,,2175.39990234375,,,,,,,,,,,,,,,,,,,,,,,,,,,2162.5,2175.39990234375,2162.5,2175.39990234375,20.0
2024-03-14,GC=F,,,,,2163.0,,,,,,,,,,,,,,,,,,,,,,,,,,,2163.0,2163.0,2162.300048828125,2163.0,515.0
2024-03-15,GC=F,,,,,2157.300048828125,,,,,,,,,,,,,,,,,,,,,,,,,,,2161.699951171875,2161.699951171875,2157.300048828125,2157.300048828125,100.0
2024-03-18,GC=F,,,,,2160.699951171875,,,,,,,,,,,,,,,,,,,,,,,,,,,2146.199951171875,2160.699951171875,2146.199951171875,2160.699951171875,21.0
2024-03-19,GC=F,,,,,2156.300048828125,,,,,,,,,,,,,,,,,,,,,,,,,,,2156.10009765625,2156.300048828125,2156.10009765625,2156.300048828125,12.0
2024-03-20,GC=F,,,,,2157.89990234375,,,,,,,,,,,,,,,,,,,,,,,,,,,2157.300048828125,2185.89990234375,2150.89990234375,2157.89990234375,17.0
2024-03-21,GC=F,,,,,2182.39990234375,,,,,,,,,,,,,,,,,,,,,,,,,,,2207.0,2211.60009765625,2182.39990234375,2182.39990234375,63.0
2024-03-22,GC=F,,,,,2158.10009765625,,,,,,,,,,,,,,,,,,,,,,,,,,,2179.199951171875,2179.60009765625,2157.5,2158.10009765625,19.0
2024-03-25,GC=F,,,,,2174.800048828125,,,,,,,,,,,,,,,,,,,,,,,,,,,2166.199951171875,2179.39990234375,2166.199951171875,2174.800048828125,79.0
2024-03-26,GC=F,,,,,2175.60009765625,,,,,,,,,,,,,,,,,,,,,,,,,,,2182.699951171875,2182.699951171875,2175.60009765625,2175.60009765625,202373.0
2024-03-27,GC=F,,,,,2190.60009765625,,,,,,,,,,,,,,,,,,,,,,,,,,,2179.39990234375,2196.199951171875,2172.10009765625,2190.60009765625,31200.0
2024-03-28,GC=F,,,,,2217.39990234375,,,,,,,,,,,,,,,,,,,,,,,,,,,2193.60009765625,2234.10009765625,2187.10009765625,2217.39990234375,2040.0
2024-04-01,GC=F,,,,,2236.5,,,,,,,,,,,,,,,,,,,,,,,,,,,2235.699951171875,2264.199951171875,2230.0,2236.5,400.0
2024-04-02,GC=F,,,,,2261.0,,,,,,,,,,,,,,,,,,,,,,,,,,,2252.0,2279.199951171875,2247.60009765625,2261.0,435.0
2024-04-03,GC=F,,,,,2294.39990234375,,,,,,,,,,,,,,,,,,,,,,,,,,,2281.699951171875,2298.800048828125,2267.89990234375,2294.39990234375,285.0
2024-04-04,GC=F,,,,,2288.800048828125,,,,,,,,,,,,,,,,,,,,,,,,,,,2301.699951171875,2302.89990234375,2280.0,2288.800048828125,251.0
2024-04-05,GC=F,,,,,2325.699951171875,,,,,,,,,,,,,,,,,,,,,,,,,,,2289.199951171875,2328.39990234375,2267.39990234375,2325.699951171875,344.0
2024-04-08,GC=F,,,,,2331.699951171875,,,,,,,,,,,,,,,,,,,,,,,,,,,2325.60009765625,2341.800048828125,2319.0,2331.699951171875,202.0
2024-04-09,GC=F,,,,,2343.5,,,,,,,,,,,,,,,,,,,,,,,,,,,2337.800048828125,2364.699951171875,2337.800048828125,2343.5,211.0
2024-04-10,GC=F,,,,,2329.60009765625,,,,,,,,,,,,,,,,,,,,,,,,,,,2346.60009765625,2358.10009765625,2327.699951171875,2329.60009765625,377.0
2024-04-11,GC=F,,,,,2354.800048828125,,,,,,,,,,,,,,,,,,,,,,,,,,,2341.5,2376.300048828125,2330.60009765625,2354.800048828125,283.0
2024-04-12,GC=F,,,,,2356.199951171875,,,,,,,,,,,,,,,,,,,,,,,,,,,2377.300048828125,2429.0,2334.300048828125,2356.199951171875,584.0
2024-04-15,GC=F,,,,,2365.800048828125,,,,,,,,,,,,,,,,,,,,,,,,,,,2362.10009765625,2384.699951171875,2326.0,2365.800048828125,1801.0
2024-04-16,GC=F,,,,,2390.800048828125,,,,,,,,,,,,,,,,,,,,,,,,,,,2384.0,2390.800048828125,2371.39990234375,2390.800048828125,41.0
2024-04-17,GC=F,,,,,2371.699951171875,,,,,,,,,,,,,,,,,,,,,,,,,,,2384.199951171875,2391.39990234375,2369.300048828125,2371.699951171875,37.0
2024-04-18,GC=F,,,,,2382.300048828125,,,,,,,,,,,,,,,,,,,,,,,,,,,2368.39990234375,2384.39990234375,2368.39990234375,2382.300048828125,128.0
2024-04-19,GC=F,,,,,2398.39990234375,,,,,,,,,,,,,,,,,,,,,,,,,,,2379.300048828125,2399.800048828125,2377.300048828125,2398.39990234375,160.0
2024-04-22,GC=F,,,,,2332.199951171875,,,,,,,,,,,,,,,,,,,,,,,,,,,2383.300048828125,2383.300048828125,2326.89990234375,2332.199951171875,53.0
2024-04-23,GC=F,,,,,2327.699951171875,,,,,,,,,,,,,,,,,,,,,,,,,,,2327.699951171875,2330.800048828125,2294.199951171875,2327.699951171875,171.0
2024-04-24,GC=F,,,,,2324.5,,,,,,,,,,,,,,,,,,,,,,,,,,,2321.300048828125,2328.699951171875,2314.60009765625,2324.5,95.0
2024-04-25,GC=F,,,,,2329.800048828125,,,,,,,,,,,,,,,,,,,,,,,,,,,2315.0,2329.800048828125,2305.0,2329.800048828125,1024.0
2024-04-26,GC=F,,,,,2334.800048828125,,,,,,,,,,,,,,,,,,,,,,,,,,,2347.89990234375,2347.89990234375,2332.800048828125,2334.800048828125,717.0
2024-04-29,GC=F,,,,,2345.39990234375,,,,,,,,,,,,,,,,,,,,,,,,,,,2334.800048828125,2345.5,2327.89990234375,2345.39990234375,405.0
2024-04-30,GC=F,,,,,2291.39990234375,,,,,,,,,,,,,,,,,,,,,,,,,,,2322.5,2322.5,2291.39990234375,2291.39990234375,113.0
2024-05-01,GC=F,,,,,2299.89990234375,,,,,,,,,,,,,,,,,,,,,,,,,,,2287.699951171875,2327.300048828125,2283.800048828125,2299.89990234375,42.0
2024-05-02,GC=F,,,,,2299.199951171875,,,,,,,,,,,,,,,,,,,,,,,,,,,2321.699951171875,2324.699951171875,2292.300048828125,2299.199951171875,56.0
2024-05-03,GC=F,,,,,2299.0,,,,,,,,,,,,,,,,,,,,,,,,,,,2300.0,2301.0,2277.60009765625,2299.0,194.0
2024-05-06,GC=F,,,,,2321.60009765625,,,,,,,,,,,,,,,,,,,,,,,,,,,2322.800048828125,2325.5,2314.199951171875,2321.60009765625,9.0
2024-05-07,GC=F,,,,,2315.199951171875,,,,,,,,,,,,,,,,,,,,,,,,,,,2324.300048828125,2324.300048828125,2315.199951171875,2315.199951171875,25.0
2024-05-08,GC=F,,,,,2313.60009765625,,,,,,,,,,,,,,,,,,,,,,,,,,,2313.60009765625,2313.60009765625,2313.60009765625,2313.60009765625,4.0
2024-05-09,GC=F,,,,,2332.10009765625,,,,,,,,,,,,,,,,,,,,,,,,,,,2310.699951171875,2339.5,2310.699951171875,2332.10009765625,5.0
2024-05-10,GC=F,,,,,2367.300048828125,,,,,,,,,,,,,,,,,,,,,,,,,,,2367.300048828125,2367.300048828125,2367.300048828125,2367.300048828125,126.0
2024-05-13,GC=F,,,,,2336.10009765625,,,,,,,,,,,,,,,,,,,,,,,,,,,2358.300048828125,2358.300048828125,2336.10009765625,2336.10009765625,14.0
2024-05-14,GC=F,,,,,2353.39990234375,,,,,,,,,,,,,,,,,,,,,,,,,,,2336.0,2358.0,2336.0,2353.39990234375,6.0
2024-05-15,GC=F,,,,,2388.699951171875,,,,,,,,,,,,,,,,,,,,,,,,,,,2361.60009765625,2388.699951171875,2356.0,2388.699951171875,29.0
2024-05-16,GC=F,,,,,2380.0,,,,,,,,,,,,,,,,,,,,,,,,,,,2389.5,2392.199951171875,2380.0,2380.0,7.0
2024-05-17,GC=F,,,,,2412.199951171875,,,,,,,,,,,,,,,,,,,,,,,,,,,2380.699951171875,2415.800048828125,2380.699951171875,2412.199951171875,213.0
2024-05-20,GC=F,,,,,2433.89990234375,,,,,,,,,,,,,,,,,,,,,,,,,,,2415.800048828125,2435.800048828125,2409.699951171875,2433.89990234375,40.0
2024-05-21,GC=F,,,,,2421.699951171875,,,,,,,,,,,,,,,,,,,,,,,,,,,2429.5,2429.5,2421.0,2421.699951171875,6.0
2024-05-22,GC=F,,,,,2389.199951171875,,,,,,,,,,,,,,,,,,,,,,,,,,,2417.5,2417.60009765625,2375.800048828125,2389.199951171875,180.0
2024-05-23,GC=F,,,,,2335.0,,,,,,,,,,,,,,,,,,,,,,,,,,,2371.199951171875,2371.199951171875,2335.0,2335.0,365.0
2024-05-24,GC=F,,,,,2332.5,,,,,,,,,,,,,,,,,,,,,,,,,,,2342.60009765625,2345.39990234375,2332.5,2332.5,25.0
2024-05-28,GC=F,,,,,2355.199951171875,,,,,,,,,,,,,,,,,,,,,,,,,,,2336.89990234375,2359.699951171875,2336.89990234375,2355.199951171875,26.0
2024-05-29,GC=F,,,,,2340.300048828125,,,,,,,,,,,,,,,,,,,,,,,,,,,2340.300048828125,2340.300048828125,2340.300048828125,2340.300048828125,119317.0
2024-05-30,GC=F,,,,,2342.89990234375,,,,,,,,,,,,,,,,,,,,,,,,,,,2336.89990234375,2349.5,2320.800048828125,2342.89990234375,32587.0
2024-05-31,GC=F,,,,,2322.89990234375,,,,,,,,,,,,,,,,,,,,,,,,,,,2344.10009765625,2354.0,2319.0,2322.89990234375,941.0
2024-06-03,GC=F,,,,,2346.60009765625,,,,,,,,,,,,,,,,,,,,,,,,,,,2322.60009765625,2347.5,2312.0,2346.60009765625,781.0
2024-06-04,GC=F,,,,,2325.5,,,,,,,,,,,,,,,,,,,,,,,,,,,2347.5,2347.699951171875,2313.89990234375,2325.5,890.0
2024-06-05,GC=F,,,,,2354.10009765625,,,,,,,,,,,,,,,,,,,,,,,,,,,2326.39990234375,2354.300048828125,2326.199951171875,2354.10009765625,295.0
2024-06-06,GC=F,,,,,2370.300048828125,,,,,,,,,,,,,,,,,,,,,,,,,,,2355.0,2375.800048828125,2355.0,2370.300048828125,179.0
2024-06-07,GC=F,,,,,2305.199951171875,,,,,,,,,,,,,,,,,,,,,,,,,,,2379.89990234375,2385.10009765625,2285.39990234375,2305.199951171875,269.0
2024-06-10,GC=F,,,,,2307.699951171875,,,,,,,,,,,,,,,,,,,,,,,,,,,2290.60009765625,2309.300048828125,2290.5,2307.699951171875,69.0
2024-06-11,GC=F,,,,,2307.5,,,,,,,,,,,,,,,,,,,,,,,,,,,2300.0,2314.10009765625,2300.0,2307.5,871.0
2024-06-12,GC=F,,,,,2336.0,,,,,,,,,,,,,,,,,,,,,,,,,,,2314.89990234375,2338.699951171875,2310.300048828125,2336.0,132.0
2024-06-13,GC=F,,,,,2300.199951171875,,,,,,,,,,,,,,,,,,,,,,,,,,,2309.39990234375,2317.699951171875,2296.199951171875,2300.199951171875,298.0
2024-06-14,GC=F,,,,,2331.39990234375,,,,,,,,,,,,,,,,,,,,,,,,,,,2307.0,2331.39990234375,2305.800048828125,2331.39990234375,948.0
2024-06-17,GC=F,,,,,2312.39990234375,,,,,,,,,,,,,,,,,,,,,,,,,,,2320.199951171875,2320.199951171875,2309.60009765625,2312.39990234375,110.0
2024-06-18,GC=F,,,,,2330.39990234375,,,,,,,,,,,,,,,,,,,,,,,,,,,2311.800048828125,2330.39990234375,2311.800048828125,2330.39990234375,43.0
2024-06-20,GC=F,,,,,2353.800048828125,,,,,,,,,,,,,,,,,,,,,,,,,,,2328.89990234375,2354.0,2328.300048828125,2353.800048828125,183.0
2024-06-21,GC=F,,,,,2316.39990234375,,,,,,,,,,,,,,,,,,,,,,,,,,,2331.199951171875,2331.199951171875,2316.39990234375,2316.39990234375,76.0
2024-06-24,GC=F,,,,,2330.0,,,,,,,,,,,,,,,,,,,,,,,,,,,2323.300048828125,2332.89990234375,2322.699951171875,2330.0,99.0
2024-06-25,GC=F,,,,,2316.60009765625,,,,,,,,,,,,,,,,,,,,,,,,,,,2324.39990234375,2333.0,2316.60009765625,2316.60009765625,105.0
2024-06-26,GC=F,,,,,2299.199951171875,,,,,,,,,,,,,,,,,,,,,,,,,,,2307.89990234375,2314.39990234375,2298.0,2299.199951171875,986.0
2024-06-27,GC=F,,,,,2324.5,,,,,,,,,,,,,,,,,,,,,,,,,,,2296.800048828125,2329.0,2295.0,2324.5,1532.0
2024-06-28,GC=F,,,,,2327.699951171875,,,,,,,,,,,,,,,,,,,,,,,,,,,2325.39990234375,2338.300048828125,2319.0,2327.699951171875,92.0
2024-07-01,GC=F,,,,,2327.60009765625,,,,,,,,,,,,,,,,,,,,,,,,,,,2323.800048828125,2329.699951171875,2321.699951171875,2327.60009765625,237.0
2024-07-02,GC=F,,,,,2323.0,,,,,,,,,,,,,,,,,,,,,,,,,,,2330.699951171875,2334.60009765625,2323.0,2323.0,30.0
2024-07-03,GC=F,,,,,2359.800048828125,,,,,,,,,,,,,,,,,,,,,,,,,,,2330.89990234375,2361.60009765625,2330.89990234375,2359.800048828125,59.0
2024-07-05,GC=F,,,,,2388.5,,,,,,,,,,,,,,,,,,,,,,,,,,,2354.89990234375,2388.5,2354.89990234375,2388.5,72.0
2024-07-08,GC=F,,,,,2355.199951171875,,,,,,,,,,,,,,,,,,,,,,,,,,,2381.699951171875,2383.800048828125,2352.800048828125,2355.199951171875,64.0
2024-07-09,GC=F,,,,,2360.10009765625,,,,,,,,,,,,,,,,,,,,,,,,,,,2363.10009765625,2363.699951171875,2360.10009765625,2360.10009765625,9.0
2024-07-10,GC=F,,,,,2372.199951171875,,,,,,,,,,,,,,,,,,,,,,,,,,,2366.300048828125,2377.0,2365.800048828125,2372.199951171875,19.0
2024-07-11,GC=F,,,,,2415.0,,,,,,,,,,,,,,,,,,,,,,,,,,,2378.699951171875,2416.699951171875,2378.699951171875,2415.0,72.0
2024-07-12,GC=F,,,,,2414.0,,,,,,,,,,,,,,,,,,,,,,,,,,,2399.800048828125,2414.0,2391.300048828125,2414.0,355.0
2024-07-15,GC=F,,,,,2422.89990234375,,,,,,,,,,,,,,,,,,,,,,,,,,,2430.0,2436.0,2422.89990234375,2422.89990234375,540.0
2024-07-16,GC=F,,,,,2462.39990234375,,,,,,,,,,,,,,,,,,,,,,,,,,,2427.39990234375,2462.39990234375,2427.39990234375,2462.39990234375,93.0
2024-07-17,GC=F,,,,,2454.800048828125,,,,,,,,,,,,,,,,,,,,,,,,,,,2472.89990234375,2473.10009765625,2454.800048828125,2454.800048828125,10.0
2024-07-18,GC=F,,,,,2451.800048828125,,,,,,,,,,,,,,,,,,,,,,,,,,,2466.0,2466.0,2451.800048828125,2451.800048828125,2.0
2024-07-19,GC=F,,,,,2395.5,,,,,,,,,,,,,,,,,,,,,,,,,,,2418.800048828125,2419.199951171875,2395.5,2395.5,15.0
2024-07-22,GC=F,,,,,2392.0,,,,,,,,,,,,,,,,,,,,,,,,,,,2402.10009765625,2402.10009765625,2392.0,2392.0,18.0
2024-07-23,GC=F,,,,,2404.60009765625,,,,,,,,,,,,,,,,,,,,,,,,,,,2395.800048828125,2404.60009765625,2388.699951171875,2404.60009765625,41.0
2024-07-24,GC=F,,,,,2413.300048828125,,,,,,,,,,,,,,,,,,,,,,,,,,,2421.0,2421.0,2411.60009765625,2413.300048828125,6.0
2024-07-25,GC=F,,,,,2351.89990234375,,,,,,,,,,,,,,,,,,,,,,,,,,,2365.5,2365.5,2351.89990234375,2351.89990234375,31.0
2024-07-26,GC=F,,,,,2380.0,,,,,,,,,,,,,,,,,,,,,,,,,,,2368.699951171875,2386.89990234375,2368.699951171875,2380.0,95.0
2024-07-29,GC=F,,,,,2377.300048828125,,,,,,,,,,,,,,,,,,,,,,,,,,,2377.300048828125,2377.300048828125,2377.300048828125,2377.300048828125,126409.0
2024-07-30,GC=F,,,,,2405.0,,,,,,,,,,,,,,,,,,,,,,,,,,,2380.89990234375,2409.300048828125,2373.800048828125,2405.0,25944.0
2024-07-31,GC=F,,,,,2426.5,,,,,,,,,,,,,,,,,,,,,,,,,,,2407.10009765625,2447.60009765625,2402.800048828125,2426.5,1313.0
2024-08-01,GC=F,,,,,2435.0,,,,,,,,,,,,,,,,,,,,,,,,,,,2446.699951171875,2455.10009765625,2430.39990234375,2435.0,690.0
2024-08-02,GC=F,,,,,2425.699951171875,,,,,,,,,,,,,,,,,,,,,,,,,,,2444.0,2477.0,2416.0,2425.699951171875,550.0
2024-08-05,GC=F,,,,,2401.699951171875,,,,,,,,,,,,,,,,,,,,,,,,,,,2442.0,2449.800048828125,2367.39990234375,2401.699951171875,334.0
2024-08-06,GC=F,,,,,2389.10009765625,,,,,,,,,,,,,,,,,,,,,,,,,,,2414.5,2421.800048828125,2380.0,2389.10009765625,163.0
2024-08-07,GC=F,,,,,2390.5,,,,,,,,,,,,,,,,,,,,,,,,,,,2392.199951171875,2401.0,2384.5,2390.5,130.0
2024-08-08,GC=F,,,,,2422.199951171875,,,,,,,,,,,,,,,,,,,,,,,,,,,2384.300048828125,2422.800048828125,2384.300048828125,2422.199951171875,201.0
2024-08-09,GC=F,,,,,2432.10009765625,,,,,,,,,,,,,,,,,,,,,,,,,,,2422.300048828125,2432.10009765625,2418.5,2432.10009765625,611.0
2024-08-12,GC=F,,,,,2462.39990234375,,,,,,,,,,,,,,,,,,,,,,,,,,,2432.699951171875,2469.800048828125,2432.0,2462.39990234375,566.0
2024-08-13,GC=F,,,,,2466.699951171875,,,,,,,,,,,,,,,,,,,,,,,,,,,2461.0,2470.0,2456.5,2466.699951171875,510.0
2024-08-14,GC=F,,,,,2439.39990234375,,,,,,,,,,,,,,,,,,,,,,,,,,,2468.0,2472.10009765625,2439.39990234375,2439.39990234375,274.0
2024-08-15,GC=F,,,,,2453.10009765625,,,,,,,,,,,,,,,,,,,,,,,,,,,2451.800048828125,2467.699951171875,2431.199951171875,2453.10009765625,285.0
2024-08-16,GC=F,,,,,2498.60009765625,,,,,,,,,,,,,,,,,,,,,,,,,,,2453.5,2508.0,2451.39990234375,2498.60009765625,197.0
2024-08-19,GC=F,,,,,2501.800048828125,,,,,,,,,,,,,,,,,,,,,,,,,,,2508.5,2508.5,2487.199951171875,2501.800048828125,88.0
2024-08-20,GC=F,,,,,2511.300048828125,,,,,,,,,,,,,,,,,,,,,,,,,,,2503.5,2527.300048828125,2500.699951171875,2511.300048828125,187.0
2024-08-21,GC=F,,,,,2508.39990234375,,,,,,,,,,,,,,,,,,,,,,,,,,,2511.0,2515.39990234375,2503.89990234375,2508.39990234375,96.0
2024-08-22,GC=F,,,,,2478.89990234375,,,,,,,,,,,,,,,,,,,,,,,,,,,2504.10009765625,2504.10009765625,2471.10009765625,2478.89990234375,210.0
2024-08-23,GC=F,,,,,2508.39990234375,,,,,,,,,,,,,,,,,,,,,,,,,,,2486.5,2508.39990234375,2486.5,2508.39990234375,94.0
2024-08-26,GC=F,,,,,2517.699951171875,,,,,,,,,,,,,,,,,,,,,,,,,,,2509.89990234375,2523.10009765625,2509.10009765625,2517.699951171875,290.0
2024-08-27,GC=F,,,,,2516.0,,,,,,,,,,,,,,,,,,,,,,,,,,,2515.199951171875,2523.10009765625,2506.89990234375,2516.0,100.0
2024-08-28,GC=F,,,,,2501.0,,,,,,,,,,,,,,,,,,,,,,,,,,,2501.0,2501.0,2501.0,2501.0,2353.0
2024-08-29,GC=F,,,,,2525.699951171875,,,,,,,,,,,,,,,,,,,,,,,,,,,2504.10009765625,2525.699951171875,2503.89990234375,2525.699951171875,3966.0
2024-08-30,GC=F,,,,,2493.800048828125,,,,,,,,,,,,,,,,,,,,,,,,,,,2519.5,2525.39990234375,2493.800048828125,2493.800048828125,208.0
2024-09-03,GC=F,,,,,2489.89990234375,,,,,,,,,,,,,,,,,,,,,,,,,,,2501.60009765625,2501.800048828125,2476.300048828125,2489.89990234375,206.0
2024-09-04,GC=F,,,,,2493.39990234375,,,,,,,,,,,,,,,,,,,,,,,,,,,2490.89990234375,2493.39990234375,2483.5,2493.39990234375,470.0
2024-09-05,GC=F,,,,,2511.39990234375,,,,,,,,,,,,,,,,,,,,,,,,,,,2493.699951171875,2513.300048828125,2493.39990234375,2511.39990234375,54.0
2024-09-06,GC=F,,,,,2493.5,,,,,,,,,,,,,,,,,,,,,,,,,,,2510.300048828125,2517.89990234375,2483.699951171875,2493.5,96.0
2024-09-09,GC=F,,,,,2501.800048828125,,,,,,,,,,,,,,,,,,,,,,,,,,,2491.300048828125,2504.699951171875,2491.300048828125,2501.800048828125,96.0
2024-09-10,GC=F,,,,,2512.300048828125,,,,,,,,,,,,,,,,,,,,,,,,,,,2512.300048828125,2512.300048828125,2512.300048828125,2512.300048828125,5.0
2024-09-11,GC=F,,,,,2512.10009765625,,,,,,,,,,,,,,,,,,,,,,,,,,,2525.800048828125,2525.800048828125,2502.300048828125,2512.10009765625,90.0
2024-09-12,GC=F,,,,,2551.199951171875,,,,,,,,,,,,,,,,,,,,,,,,,,,2529.10009765625,2557.0,2523.39990234375,2551.199951171875,132.0
2024-09-13,GC=F,,,,,2581.300048828125,,,,,,,,,,,,,,,,,,,,,,,,,,,2568.800048828125,2581.800048828125,2565.0,2581.300048828125,31.0
2024-09-16,GC=F,,,,,2580.39990234375,,,,,,,,,,,,,,,,,,,,,,,,,,,2580.39990234375,2580.39990234375,2580.39990234375,2580.39990234375,28.0
2024-09-17,GC=F,,,,,2564.300048828125,,,,,,,,,,,,,,,,,,,,,,,,,,,2581.199951171875,2581.800048828125,2564.300048828125,2564.300048828125,22.0
2024-09-18,GC=F,,,,,2570.699951171875,,,,,,,,,,,,,,,,,,,,,,,,,,,2570.699951171875,2570.699951171875,2549.199951171875,2570.699951171875,25.0
2024-09-19,GC=F,,,,,2588.0,,,,,,,,,,,,,,,,,,,,,,,,,,,2566.0,2588.0,2566.0,2588.0,99.0
2024-09-20,GC=F,,,,,2619.89990234375,,,,,,,,,,,,,,,,,,,,,,,,,,,2590.39990234375,2621.800048828125,2590.39990234375,2619.89990234375,17.0
2024-09-23,GC=F,,,,,2626.5,,,,,,,,,,,,,,,,,,,,,,,,,,,2626.5,2626.5,2626.5,2626.5,9.0
2024-09-24,GC=F,,,,,2651.199951171875,,,,,,,,,,,,,,,,,,,,,,,,,,,2636.800048828125,2662.300048828125,2625.5,2651.199951171875,35.0
2024-09-25,GC=F,,,,,2659.199951171875,,,,,,,,,,,,,,,,,,,,,,,,,,,2656.300048828125,2664.199951171875,2649.300048828125,2659.199951171875,175.0
2024-09-26,GC=F,,,,,2669.89990234375,,,,,,,,,,,,,,,,,,,,,,,,,,,2662.300048828125,2669.89990234375,2660.800048828125,2669.89990234375,17216.0
2024-09-27,GC=F,,,,,2644.300048828125,,,,,,,,,,,,,,,,,,,,,,,,,,,2670.0,2672.10009765625,2641.699951171875,2644.300048828125,4228.0
2024-09-30,GC=F,,,,,2636.10009765625,,,,,,,,,,,,,,,,,,,,,,,,,,,2660.89990234375,2662.10009765625,2623.199951171875,2636.10009765625,973.0
2024-10-01,GC=F,,,,,2667.300048828125,,,,,,,,,,,,,,,,,,,,,,,,,,,2631.39990234375,2670.89990234375,2631.39990234375,2667.300048828125,153.0
2024-10-02,GC=F,,,,,2647.10009765625,,,,,,,,,,,,,,,,,,,,,,,,,,,2650.60009765625,2657.199951171875,2640.0,2647.10009765625,72.0
2024-10-03,GC=F,,,,,2657.10009765625,,,,,,,,,,,,,,,,,,,,,,,,,,,2642.800048828125,2657.10009765625,2640.0,2657.10009765625,354.0
2024-10-04,GC=F,,,,,2645.800048828125,,,,,,,,,,,,,,,,,,,,,,,,,,,2656.0,2667.0,2639.0,2645.800048828125,114.0
2024-10-07,GC=F,,,,,2644.800048828125,,,,,,,,,,,,,,,,,,,,,,,,,,,2648.699951171875,2657.39990234375,2639.0,2644.800048828125,284.0
2024-10-08,GC=F,,,,,2615.0,,,,,,,,,,,,,,,,,,,,,,,,,,,2639.0,2639.0,2609.300048828125,2615.0,687.0
2024-10-09,GC=F,,,,,2606.0,,,,,,,,,,,,,,,,,,,,,,,,,,,2603.0,2607.699951171875,2603.0,2606.0,152.0
2024-10-10,GC=F,,,,,2620.60009765625,,,,,,,,,,,,,,,,,,,,,,,,,,,2602.5,2628.300048828125,2602.5,2620.60009765625,320.0
2024-10-11,GC=F,,,,,2657.60009765625,,,,,,,,,,,,,,,,,,,,,,,,,,,2638.300048828125,2658.10009765625,2638.199951171875,2657.60009765625,12.0
2024-10-14,GC=F,,,,,2647.800048828125,,,,,,,,,,,,,,,,,,,,,,,,,,,2655.0,2655.300048828125,2647.800048828125,2647.800048828125,40.0
2024-10-15,GC=F,,,,,2661.39990234375,,,,,,,,,,,,,,,,,,,,,,,,,,,2661.39990234375,2661.39990234375,2661.39990234375,2661.39990234375,39.0
2024-10-16,GC=F,,,,,2674.0,,,,,,,,,,,,,,,,,,,,,,,,,,,2674.0,2674.0,2674.0,2674.0,6.0
2024-10-17,GC=F,,,,,2691.0,,,,,,,,,,,,,,,,,,,,,,,,,,,2677.39990234375,2691.699951171875,2677.199951171875,2691.0,30.0
2024-10-18,GC=F,,,,,2713.699951171875,,,,,,,,,,,,,,,,,,,,,,,,,,,2713.699951171875,2719.60009765625,2713.699951171875,2713.699951171875,29.0
2024-10-21,GC=F,,,,,2723.10009765625,,,,,,,,,,,,,,,,,,,,,,,,,,,2721.89990234375,2738.39990234375,2719.5,2723.10009765625,52.0
2024-10-22,GC=F,,,,,2744.199951171875,,,,,,,,,,,,,,,,,,,,,,,,,,,2731.699951171875,2746.0,2728.60009765625,2744.199951171875,93.0
2024-10-23,GC=F,,,,,2714.39990234375,,,,,,,,,,,,,,,,,,,,,,,,,,,2742.5,2742.5,2714.199951171875,2714.39990234375,18.0
2024-10-24,GC=F,,,,,2734.89990234375,,,,,,,,,,,,,,,,,,,,,,,,,,,2729.0,2736.10009765625,2729.0,2734.89990234375,27.0
2024-10-25,GC=F,,,,,2740.89990234375,,,,,,,,,,,,,,,,,,,,,,,,,,,2725.5,2742.39990234375,2725.5,2740.89990234375,29.0
2024-10-28,GC=F,,,,,2742.89990234375,,,,,,,,,,,,,,,,,,,,,,,,,,,2736.10009765625,2742.89990234375,2729.5,2742.89990234375,56.0
2024-10-29,GC=F,,,,,2768.39990234375,,,,,,,,,,,,,,,,,,,,,,,,,,,2768.39990234375,2768.39990234375,2768.39990234375,2768.39990234375,848.0
2024-10-30,GC=F,,,,,2788.5,,,,,,,,,,,,,,,,,,,,,,,,,,,2774.60009765625,2789.0,2774.60009765625,2788.5,231.0
2024-10-31,GC=F,,,,,2738.300048828125,,,,,,,,,,,,,,,,,,,,,,,,,,,2787.39990234375,2787.5,2733.5,2738.300048828125,849.0
2024-11-01,GC=F,,,,,2738.60009765625,,,,,,,,,,,,,,,,,,,,,,,,,,,2745.5,2756.0,2734.199951171875,2738.60009765625,109.0
2024-11-04,GC=F,,,,,2736.10009765625,,,,,,,,,,,,,,,,,,,,,,,,,,,2736.5,2737.10009765625,2736.10009765625,2736.10009765625,16.0
2024-11-05,GC=F,,,,,2740.300048828125,,,,,,,,,,,,,,,,,,,,,,,,,,,2743.0,2743.89990234375,2740.300048828125,2740.300048828125,23.0
2024-11-06,GC=F,,,,,2667.60009765625,,,,,,,,,,,,,,,,,,,,,,,,,,,2734.5,2734.5,2659.39990234375,2667.60009765625,427.0
2024-11-07,GC=F,,,,,2698.39990234375,,,,,,,,,,,,,,,,,,,,,,,,,,,2662.5,2699.10009765625,2662.5,2698.39990234375,676.0
2024-11-08,GC=F,,,,,2687.5,,,,,,,,,,,,,,,,,,,,,,,,,,,2688.5,2694.60009765625,2682.89990234375,2687.5,1038.0
2024-11-11,GC=F,,,,,2611.199951171875,,,,,,,,,,,,,,,,,,,,,,,,,,,2671.699951171875,2671.699951171875,2611.199951171875,2611.199951171875,20.0
2024-11-12,GC=F,,,,,2600.0,,,,,,,,,,,,,,,,,,,,,,,,,,,2605.5,2605.5,2592.800048828125,2600.0,118.0
2024-11-13,GC=F,,,,,2580.800048828125,,,,,,,,,,,,,,,,,,,,,,,,,,,2611.10009765625,2611.800048828125,2580.800048828125,2580.800048828125,53.0
2024-11-14,GC=F,,,,,2568.199951171875,,,,,,,,,,,,,,,,,,,,,,,,,,,2555.10009765625,2576.199951171875,2554.199951171875,2568.199951171875,27.0
2024-11-15,GC=F,,,,,2565.699951171875,,,,,,,,,,,,,,,,,,,,,,,,,,,2565.699951171875,2565.699951171875,2565.699951171875,2565.699951171875,20.0
2024-11-18,GC=F,,,,,2610.60009765625,,,,,,,,,,,,,,,,,,,,,,,,,,,2591.699951171875,2610.699951171875,2589.39990234375,2610.60009765625,136.0
2024-11-19,GC=F,,,,,2627.10009765625,,,,,,,,,,,,,,,,,,,,,,,,,,,2621.89990234375,2627.699951171875,2619.300048828125,2627.10009765625,87.0
2024-11-20,GC=F,,,,,2648.199951171875,,,,,,,,,,,,,,,,,,,,,,,,,,,2638.5,2648.199951171875,2638.5,2648.199951171875,27.0
2024-11-21,GC=F,,,,,2672.10009765625,,,,,,,,,,,,,,,,,,,,,,,,,,,2659.300048828125,2672.10009765625,2655.699951171875,2672.10009765625,33.0
2024-11-22,GC=F,,,,,2709.89990234375,,,,,,,,,,,,,,,,,,,,,,,,,,,2687.5,2710.5,2685.60009765625,2709.89990234375,41.0
2024-11-25,GC=F,,,,,2616.800048828125,,,,,,,,,,,,,,,,,,,,,,,,,,,2689.39990234375,2689.39990234375,2616.800048828125,2616.800048828125,94.0
2024-11-26,GC=F,,,,,2620.300048828125,,,,,,,,,,,,,,,,,,,,,,,,,,,2625.60009765625,2625.60009765625,2620.300048828125,2620.300048828125,177858.0
2024-11-27,GC=F,,,,,2639.89990234375,,,,,,,,,,,,,,,,,,,,,,,,,,,2633.5,2657.89990234375,2627.199951171875,2639.89990234375,61653.0
2024-11-29,GC=F,,,,,2657.0,,,,,,,,,,,,,,,,,,,,,,,,,,,2636.39990234375,2664.300048828125,2620.699951171875,2657.0,3861.0
2024-12-02,GC=F,,,,,2634.89990234375,,,,,,,,,,,,,,,,,,,,,,,,,,,2649.0,2649.800048828125,2621.699951171875,2634.89990234375,695.0
2024-12-03,GC=F,,,,,2644.699951171875,,,,,,,,,,,,,,,,,,,,,,,,,,,2639.0,2654.699951171875,2636.0,2644.699951171875,1062.0
2024-12-04,GC=F,,,,,2653.800048828125,,,,,,,,,,,,,,,,,,,,,,,,,,,2639.199951171875,2658.300048828125,2637.0,2653.800048828125,249.0
2024-12-05,GC=F,,,,,2626.60009765625,,,,,,,,,,,,,,,,,,,,,,,,,,,2652.39990234375,2655.0,2625.699951171875,2626.60009765625,573.0
2024-12-06,GC=F,,,,,2638.60009765625,,,,,,,,,,,,,,,,,,,,,,,,,,,2620.199951171875,2643.10009765625,2617.5,2638.60009765625,571.0
2024-12-09,GC=F,,,,,2664.89990234375,,,,,,,,,,,,,,,,,,,,,,,,,,,2632.10009765625,2677.10009765625,2630.800048828125,2664.89990234375,935.0
2024-12-10,GC=F,,,,,2697.60009765625,,,,,,,,,,,,,,,,,,,,,,,,,,,2662.300048828125,2698.199951171875,2661.0,2697.60009765625,437.0
2024-12-11,GC=F,,,,,2733.800048828125,,,,,,,,,,,,,,,,,,,,,,,,,,,2701.800048828125,2733.800048828125,2693.10009765625,2733.800048828125,3387.0
2024-12-12,GC=F,,,,,2687.5,,,,,,,,,,,,,,,,,,,,,,,,,,,2725.10009765625,2725.10009765625,2677.39990234375,2687.5,2365.0
2024-12-13,GC=F,,,,,2656.0,,,,,,,,,,,,,,,,,,,,,,,,,,,2688.199951171875,2689.300048828125,2647.89990234375,2656.0,1125.0
2024-12-16,GC=F,,,,,2651.39990234375,,,,,,,,,,,,,,,,,,,,,,,,,,,2658.300048828125,2663.300048828125,2651.0,2651.39990234375,877.0
2024-12-17,GC=F,,,,,2644.39990234375,,,,,,,,,,,,,,,,,,,,,,,,,,,2651.800048828125,2652.300048828125,2632.5,2644.39990234375,705.0
2024-12-18,GC=F,,,,,2636.5,,,,,,,,,,,,,,,,,,,,,,,,,,,2644.300048828125,2647.10009765625,2590.199951171875,2636.5,566.0
2024-12-19,GC=F,,,,,2592.199951171875,,,,,,,,,,,,,,,,,,,,,,,,,,,2582.10009765625,2610.300048828125,2582.10009765625,2592.199951171875,238.0
2024-12-20,GC=F,,,,,2628.699951171875,,,,,,,,,,,,,,,,,,,,,,,,,,,2605.300048828125,2631.60009765625,2604.89990234375,2628.699951171875,592.0
2024-12-23,GC=F,,,,,2612.300048828125,,,,,,,,,,,,,,,,,,,,,,,,,,,2620.0,2627.699951171875,2611.10009765625,2612.300048828125,451.0
2024-12-24,GC=F,,,,,2620.0,,,,,,,,,,,,,,,,,,,,,,,,,,,2613.0,2620.0,2609.5,2620.0,35.0
2024-12-26,GC=F,,,,,2638.800048828125,,,,,,,,,,,,,,,,,,,,,,,,,,,2628.5,2638.800048828125,2627.89990234375,2638.800048828125,84.0
2024-12-27,GC=F,,,,,2617.199951171875,,,,,,,,,,,,,,,,,,,,,,,,,,,2617.699951171875,2617.699951171875,2616.39990234375,2617.199951171875,642.0
2024-12-30,GC=F,,,,,2606.10009765625,,,,,,,,,,,,,,,,,,,,,,,,,,,2620.699951171875,2626.89990234375,2597.0,2606.10009765625,794.0
2024-12-31,GC=F,,,,,2629.199951171875,,,,,,,,,,,,,,,,,,,,,,,,,,,2608.39990234375,2629.199951171875,2604.89990234375,2629.199951171875,401.0
